INSERT INTO public.quizzes (id, slug, title_en, title_fr, title_es, description_en, description_fr, description_es, quiz_type, passing_score, icon, is_active) VALUES ('ff1add49-f0a8-4697-99e9-4533fe64e688', 'ppg-clearcoat-products', 'PPG Clearcoat Products', 'Produits de vernis PPG', 'Productos de barniz PPG', 'Test your knowledge of PPG clearcoat products.', 'Testez vos connaissances sur les vernis PPG.', 'Conocimientos sobre barnices PPG.', 'product-knowledge', 70, '💎', true);
INSERT INTO public.quiz_questions (id, quiz_id, question_order, question_text_en, question_text_fr, question_text_es, question_type, explanation_en, explanation_fr, explanation_es) VALUES ('bcc60b0c-4d03-4176-8a89-69a013d224fd', 'ff1add49-f0a8-4697-99e9-4533fe64e688', 1, 'What is the mixing ratio for EC520?', 'Ratio de melange EC520?', 'Proporcion de mezcla EC520?', 'multiple-choice', 'EC520 uses 3:1:1 (Clear:Hardener:Reducer).', '3:1:1.', '3:1:1.');
INSERT INTO public.quiz_answers (question_id, answer_order, answer_text_en, answer_text_fr, answer_text_es, is_correct) VALUES ('bcc60b0c-4d03-4176-8a89-69a013d224fd', 1, '3:1:1', '3:1:1', '3:1:1', true);
INSERT INTO public.quiz_answers (question_id, answer_order, answer_text_en, answer_text_fr, answer_text_es, is_correct) VALUES ('bcc60b0c-4d03-4176-8a89-69a013d224fd', 2, '4:1:1', '4:1:1', '4:1:1', false);
INSERT INTO public.quiz_answers (question_id, answer_order, answer_text_en, answer_text_fr, answer_text_es, is_correct) VALUES ('bcc60b0c-4d03-4176-8a89-69a013d224fd', 3, '2:1', '2:1', '2:1', false);
INSERT INTO public.quiz_answers (question_id, answer_order, answer_text_en, answer_text_fr, answer_text_es, is_correct) VALUES ('bcc60b0c-4d03-4176-8a89-69a013d224fd', 4, '3:1', '3:1', '3:1', false);
INSERT INTO public.quiz_questions (id, quiz_id, question_order, question_text_en, question_text_fr, question_text_es, question_type, explanation_en, explanation_fr, explanation_es) VALUES ('1ff12b55-843d-4d77-9477-cb28e7c3031f', 'ff1add49-f0a8-4697-99e9-4533fe64e688', 2, 'What is the pot life of EC520 at 70F?', 'Duree de vie en pot EC520?', 'Vida util EC520?', 'multiple-choice', '45 minutes.', '45 minutes.', '45 minutos.');
INSERT INTO public.quiz_answers (question_id, answer_order, answer_text_en, answer_text_fr, answer_text_es, is_correct) VALUES ('1ff12b55-843d-4d77-9477-cb28e7c3031f', 1, '45 minutes', '45 minutes', '45 minutos', true);
INSERT INTO public.quiz_answers (question_id, answer_order, answer_text_en, answer_text_fr, answer_text_es, is_correct) VALUES ('1ff12b55-843d-4d77-9477-cb28e7c3031f', 2, '2 hours', '2 heures', '2 horas', false);
INSERT INTO public.quiz_answers (question_id, answer_order, answer_text_en, answer_text_fr, answer_text_es, is_correct) VALUES ('1ff12b55-843d-4d77-9477-cb28e7c3031f', 3, '30 minutes', '30 minutes', '30 minutos', false);
INSERT INTO public.quiz_answers (question_id, answer_order, answer_text_en, answer_text_fr, answer_text_es, is_correct) VALUES ('1ff12b55-843d-4d77-9477-cb28e7c3031f', 4, '1 hour', '1 heure', '1 hora', false);
INSERT INTO public.quiz_questions (id, quiz_id, question_order, question_text_en, question_text_fr, question_text_es, question_type, explanation_en, explanation_fr, explanation_es) VALUES ('2709d159-23de-4660-8799-9efc9ffac31e', 'ff1add49-f0a8-4697-99e9-4533fe64e688', 3, 'EC550 is best suited for what type of work?', 'EC550 est ideal pour quel type de travail?', 'EC550 es ideal para que tipo de trabajo?', 'multiple-choice', 'EC550 is ideal for high temperature and large job applications.', 'Haute temperature et gros travaux.', 'Alta temperatura y trabajos grandes.');
INSERT INTO public.quiz_answers (question_id, answer_order, answer_text_en, answer_text_fr, answer_text_es, is_correct) VALUES ('2709d159-23de-4660-8799-9efc9ffac31e', 1, 'High temperature and large jobs', 'Haute temperature et gros travaux', 'Alta temperatura y trabajos grandes', true);
INSERT INTO public.quiz_answers (question_id, answer_order, answer_text_en, answer_text_fr, answer_text_es, is_correct) VALUES ('2709d159-23de-4660-8799-9efc9ffac31e', 2, 'Small spot repairs', 'Petites reparations', 'Reparaciones pequenas', false);
INSERT INTO public.quiz_answers (question_id, answer_order, answer_text_en, answer_text_fr, answer_text_es, is_correct) VALUES ('2709d159-23de-4660-8799-9efc9ffac31e', 3, 'Single-stage finishes', 'Finitions monocouche', 'Acabados monocapa', false);
INSERT INTO public.quiz_answers (question_id, answer_order, answer_text_en, answer_text_fr, answer_text_es, is_correct) VALUES ('2709d159-23de-4660-8799-9efc9ffac31e', 4, 'Primer sealing', 'Scellement d''''appret', 'Sellado', false);
INSERT INTO public.quiz_questions (id, quiz_id, question_order, question_text_en, question_text_fr, question_text_es, question_type, explanation_en, explanation_fr, explanation_es) VALUES ('c3efb056-fb4a-4b66-b4de-3c8ce5a96c97', 'ff1add49-f0a8-4697-99e9-4533fe64e688', 4, 'What is the pot life of EC550?', 'Duree de vie en pot EC550?', 'Vida util EC550?', 'multiple-choice', '2 hours, much longer than EC520.', '2 heures.', '2 horas.');
INSERT INTO public.quiz_answers (question_id, answer_order, answer_text_en, answer_text_fr, answer_text_es, is_correct) VALUES ('c3efb056-fb4a-4b66-b4de-3c8ce5a96c97', 1, '2 hours', '2 heures', '2 horas', true);
INSERT INTO public.quiz_answers (question_id, answer_order, answer_text_en, answer_text_fr, answer_text_es, is_correct) VALUES ('c3efb056-fb4a-4b66-b4de-3c8ce5a96c97', 2, '45 minutes', '45 minutes', '45 minutos', false);
INSERT INTO public.quiz_answers (question_id, answer_order, answer_text_en, answer_text_fr, answer_text_es, is_correct) VALUES ('c3efb056-fb4a-4b66-b4de-3c8ce5a96c97', 3, '1 hour', '1 heure', '1 hora', false);
INSERT INTO public.quiz_answers (question_id, answer_order, answer_text_en, answer_text_fr, answer_text_es, is_correct) VALUES ('c3efb056-fb4a-4b66-b4de-3c8ce5a96c97', 4, '3 hours', '3 heures', '3 horas', false);
INSERT INTO public.quiz_questions (id, quiz_id, question_order, question_text_en, question_text_fr, question_text_es, question_type, explanation_en, explanation_fr, explanation_es) VALUES ('1d4664c8-bba1-449b-8ff7-c5b472b0548f', 'ff1add49-f0a8-4697-99e9-4533fe64e688', 5, 'What makes EC800 Ultra Fast unique?', 'Qu''''est-ce qui rend EC800 unique?', 'Que hace unico al EC800?', 'multiple-choice', 'No bake required and zero flash between coats.', 'Pas de cuisson, zero flash.', 'Sin horneado, cero evaporacion.');
INSERT INTO public.quiz_answers (question_id, answer_order, answer_text_en, answer_text_fr, answer_text_es, is_correct) VALUES ('1d4664c8-bba1-449b-8ff7-c5b472b0548f', 1, 'No bake and zero flash between coats', 'Pas de cuisson, zero flash', 'Sin horneado, cero evaporacion', true);
INSERT INTO public.quiz_answers (question_id, answer_order, answer_text_en, answer_text_fr, answer_text_es, is_correct) VALUES ('1d4664c8-bba1-449b-8ff7-c5b472b0548f', 2, 'Single coat application', 'Monocouche', 'Monocapa', false);
INSERT INTO public.quiz_answers (question_id, answer_order, answer_text_en, answer_text_fr, answer_text_es, is_correct) VALUES ('1d4664c8-bba1-449b-8ff7-c5b472b0548f', 3, 'No hardener needed', 'Sans durcisseur', 'Sin endurecedor', false);
INSERT INTO public.quiz_answers (question_id, answer_order, answer_text_en, answer_text_fr, answer_text_es, is_correct) VALUES ('1d4664c8-bba1-449b-8ff7-c5b472b0548f', 4, 'Solvent-free', 'Sans solvant', 'Sin solvente', false);
INSERT INTO public.quiz_questions (id, quiz_id, question_order, question_text_en, question_text_fr, question_text_es, question_type, explanation_en, explanation_fr, explanation_es) VALUES ('6ec6c343-c674-4803-b274-206579dd398b', 'ff1add49-f0a8-4697-99e9-4533fe64e688', 6, 'What is the mixing ratio for EC800?', 'Ratio EC800?', 'Proporcion EC800?', 'multiple-choice', '4:1:1.', '4:1:1.', '4:1:1.');
INSERT INTO public.quiz_answers (question_id, answer_order, answer_text_en, answer_text_fr, answer_text_es, is_correct) VALUES ('6ec6c343-c674-4803-b274-206579dd398b', 1, '4:1:1', '4:1:1', '4:1:1', true);
INSERT INTO public.quiz_answers (question_id, answer_order, answer_text_en, answer_text_fr, answer_text_es, is_correct) VALUES ('6ec6c343-c674-4803-b274-206579dd398b', 2, '3:1:1', '3:1:1', '3:1:1', false);
INSERT INTO public.quiz_answers (question_id, answer_order, answer_text_en, answer_text_fr, answer_text_es, is_correct) VALUES ('6ec6c343-c674-4803-b274-206579dd398b', 3, '2:1', '2:1', '2:1', false);
INSERT INTO public.quiz_answers (question_id, answer_order, answer_text_en, answer_text_fr, answer_text_es, is_correct) VALUES ('6ec6c343-c674-4803-b274-206579dd398b', 4, '4:1', '4:1', '4:1', false);
INSERT INTO public.quiz_questions (id, quiz_id, question_order, question_text_en, question_text_fr, question_text_es, question_type, explanation_en, explanation_fr, explanation_es) VALUES ('a1736583-8bc3-42f1-96f5-9e6fcb4d0b2e', 'ff1add49-f0a8-4697-99e9-4533fe64e688', 7, 'D8126 CeramiClear is designed for which vehicles?', 'D8126 est concu pour quels vehicules?', 'D8126 esta disenado para que vehiculos?', 'multiple-choice', 'Mercedes-Benz with OE CeramiClear finish, using nano-technology.', 'Mercedes-Benz.', 'Mercedes-Benz.');
INSERT INTO public.quiz_answers (question_id, answer_order, answer_text_en, answer_text_fr, answer_text_es, is_correct) VALUES ('a1736583-8bc3-42f1-96f5-9e6fcb4d0b2e', 1, 'Mercedes-Benz with OE CeramiClear finish', 'Mercedes-Benz avec finition CeramiClear', 'Mercedes-Benz con acabado CeramiClear', true);
INSERT INTO public.quiz_answers (question_id, answer_order, answer_text_en, answer_text_fr, answer_text_es, is_correct) VALUES ('a1736583-8bc3-42f1-96f5-9e6fcb4d0b2e', 2, 'All European luxury vehicles', 'Tous les vehicules de luxe', 'Todos los vehiculos de lujo', false);
INSERT INTO public.quiz_answers (question_id, answer_order, answer_text_en, answer_text_fr, answer_text_es, is_correct) VALUES ('a1736583-8bc3-42f1-96f5-9e6fcb4d0b2e', 3, 'Heavy trucks', 'Camions lourds', 'Camiones pesados', false);
INSERT INTO public.quiz_answers (question_id, answer_order, answer_text_en, answer_text_fr, answer_text_es, is_correct) VALUES ('a1736583-8bc3-42f1-96f5-9e6fcb4d0b2e', 4, 'Any vehicle', 'Tout vehicule', 'Cualquier vehiculo', false);
INSERT INTO public.quiz_questions (id, quiz_id, question_order, question_text_en, question_text_fr, question_text_es, question_type, explanation_en, explanation_fr, explanation_es) VALUES ('eb6479f0-f3f2-46e2-abfe-e9aa1e7f0d99', 'ff1add49-f0a8-4697-99e9-4533fe64e688', 8, 'What is the D8126 CeramiClear mixing ratio?', 'Ratio D8126?', 'Proporcion D8126?', 'multiple-choice', '2:1 (D8126:D8226 Hardener) with no additives.', '2:1 sans additifs.', '2:1 sin aditivos.');
INSERT INTO public.quiz_answers (question_id, answer_order, answer_text_en, answer_text_fr, answer_text_es, is_correct) VALUES ('eb6479f0-f3f2-46e2-abfe-e9aa1e7f0d99', 1, '2:1', '2:1', '2:1', true);
INSERT INTO public.quiz_answers (question_id, answer_order, answer_text_en, answer_text_fr, answer_text_es, is_correct) VALUES ('eb6479f0-f3f2-46e2-abfe-e9aa1e7f0d99', 2, '3:1:1', '3:1:1', '3:1:1', false);
INSERT INTO public.quiz_answers (question_id, answer_order, answer_text_en, answer_text_fr, answer_text_es, is_correct) VALUES ('eb6479f0-f3f2-46e2-abfe-e9aa1e7f0d99', 3, '4:1:1', '4:1:1', '4:1:1', false);
INSERT INTO public.quiz_answers (question_id, answer_order, answer_text_en, answer_text_fr, answer_text_es, is_correct) VALUES ('eb6479f0-f3f2-46e2-abfe-e9aa1e7f0d99', 4, '1:1', '1:1', '1:1', false);
INSERT INTO public.quiz_questions (id, quiz_id, question_order, question_text_en, question_text_fr, question_text_es, question_type, explanation_en, explanation_fr, explanation_es) VALUES ('32aef8df-2e8c-4d58-a79c-66131b5ed904', 'ff1add49-f0a8-4697-99e9-4533fe64e688', 9, 'What fluid tip is recommended for EC520?', 'Buse recommandee pour EC520?', 'Boquilla recomendada para EC520?', 'multiple-choice', '1.2-1.4mm.', '1,2-1,4mm.', '1,2-1,4mm.');
INSERT INTO public.quiz_answers (question_id, answer_order, answer_text_en, answer_text_fr, answer_text_es, is_correct) VALUES ('32aef8df-2e8c-4d58-a79c-66131b5ed904', 1, '1.2 - 1.4 mm', '1,2 - 1,4 mm', '1,2 - 1,4 mm', true);
INSERT INTO public.quiz_answers (question_id, answer_order, answer_text_en, answer_text_fr, answer_text_es, is_correct) VALUES ('32aef8df-2e8c-4d58-a79c-66131b5ed904', 2, '1.0 - 1.2 mm', '1,0 - 1,2 mm', '1,0 - 1,2 mm', false);
INSERT INTO public.quiz_answers (question_id, answer_order, answer_text_en, answer_text_fr, answer_text_es, is_correct) VALUES ('32aef8df-2e8c-4d58-a79c-66131b5ed904', 3, '1.5 - 1.8 mm', '1,5 - 1,8 mm', '1,5 - 1,8 mm', false);
INSERT INTO public.quiz_answers (question_id, answer_order, answer_text_en, answer_text_fr, answer_text_es, is_correct) VALUES ('32aef8df-2e8c-4d58-a79c-66131b5ed904', 4, '2.0 mm', '2,0 mm', '2,0 mm', false);
INSERT INTO public.quiz_questions (id, quiz_id, question_order, question_text_en, question_text_fr, question_text_es, question_type, explanation_en, explanation_fr, explanation_es) VALUES ('fedbb122-0aca-4611-a8c8-e2f1c8e441d3', 'ff1add49-f0a8-4697-99e9-4533fe64e688', 10, 'When should SLV814 Flexibilizer be added to EC520?', 'Quand ajouter SLV814?', 'Cuando agregar SLV814?', 'multiple-choice', 'Recommended (not required) for plastic parts. Add 10% to RTS volume.', 'Recommande pour plastique, 10% RTS.', 'Recomendado para plastico, 10% RTS.');
INSERT INTO public.quiz_answers (question_id, answer_order, answer_text_en, answer_text_fr, answer_text_es, is_correct) VALUES ('fedbb122-0aca-4611-a8c8-e2f1c8e441d3', 1, 'When spraying plastic parts (recommended not required)', 'Pieces plastiques (recommande)', 'Piezas plasticas (recomendado)', true);
INSERT INTO public.quiz_answers (question_id, answer_order, answer_text_en, answer_text_fr, answer_text_es, is_correct) VALUES ('fedbb122-0aca-4611-a8c8-e2f1c8e441d3', 2, 'Always required', 'Toujours requis', 'Siempre requerido', false);
INSERT INTO public.quiz_answers (question_id, answer_order, answer_text_en, answer_text_fr, answer_text_es, is_correct) VALUES ('fedbb122-0aca-4611-a8c8-e2f1c8e441d3', 3, 'Only above 90F', 'Au-dessus de 90F', 'Arriba de 90F', false);
INSERT INTO public.quiz_answers (question_id, answer_order, answer_text_en, answer_text_fr, answer_text_es, is_correct) VALUES ('fedbb122-0aca-4611-a8c8-e2f1c8e441d3', 4, 'Only when blending', 'En fondu seulement', 'Solo al difuminar', false);

INSERT INTO public.quizzes (id, slug, title_en, title_fr, title_es, description_en, description_fr, description_es, quiz_type, passing_score, icon, is_active) VALUES ('501869b2-56b9-419e-8ec2-30939998fd29', 'ppg-primer-products', 'PPG Primer Products', 'Produits d''''appret PPG', 'Productos de imprimador PPG', 'Test your knowledge of etch primers, epoxy primers, and waterborne speed prime.', 'Apprets PPG.', 'Imprimadores PPG.', 'product-knowledge', 70, '🛡️', true);
INSERT INTO public.quiz_questions (id, quiz_id, question_order, question_text_en, question_text_fr, question_text_es, question_type, explanation_en, explanation_fr, explanation_es) VALUES ('3c0d1096-413c-4e3d-9444-d700f789e363', '501869b2-56b9-419e-8ec2-30939998fd29', 1, 'What technology is EPW115 Speed Prime based on?', 'Technologie EPW115?', 'Tecnologia EPW115?', 'multiple-choice', '1K waterborne technology.', '1K a base d''''eau.', '1K a base de agua.');
INSERT INTO public.quiz_answers (question_id, answer_order, answer_text_en, answer_text_fr, answer_text_es, is_correct) VALUES ('3c0d1096-413c-4e3d-9444-d700f789e363', 1, '1K waterborne technology', '1K a base d''''eau', '1K a base de agua', true);
INSERT INTO public.quiz_answers (question_id, answer_order, answer_text_en, answer_text_fr, answer_text_es, is_correct) VALUES ('3c0d1096-413c-4e3d-9444-d700f789e363', 2, '2K solvent', '2K solvant', '2K solvente', false);
INSERT INTO public.quiz_answers (question_id, answer_order, answer_text_en, answer_text_fr, answer_text_es, is_correct) VALUES ('3c0d1096-413c-4e3d-9444-d700f789e363', 3, 'UV-cured', 'UV', 'UV', false);
INSERT INTO public.quiz_answers (question_id, answer_order, answer_text_en, answer_text_fr, answer_text_es, is_correct) VALUES ('3c0d1096-413c-4e3d-9444-d700f789e363', 4, 'Powder', 'Poudre', 'Polvo', false);
INSERT INTO public.quiz_questions (id, quiz_id, question_order, question_text_en, question_text_fr, question_text_es, question_type, explanation_en, explanation_fr, explanation_es) VALUES ('ddfa5e80-2c5c-45ce-8e7b-af7e38cdd8e1', '501869b2-56b9-419e-8ec2-30939998fd29', 2, 'How soon can EPW115 be sanded?', 'Temps avant poncage EPW115?', 'Tiempo antes de lijar EPW115?', 'multiple-choice', 'As little as 30 minutes.', '30 minutes.', '30 minutos.');
INSERT INTO public.quiz_answers (question_id, answer_order, answer_text_en, answer_text_fr, answer_text_es, is_correct) VALUES ('ddfa5e80-2c5c-45ce-8e7b-af7e38cdd8e1', 1, '30 minutes', '30 minutes', '30 minutos', true);
INSERT INTO public.quiz_answers (question_id, answer_order, answer_text_en, answer_text_fr, answer_text_es, is_correct) VALUES ('ddfa5e80-2c5c-45ce-8e7b-af7e38cdd8e1', 2, '1 hour', '1 heure', '1 hora', false);
INSERT INTO public.quiz_answers (question_id, answer_order, answer_text_en, answer_text_fr, answer_text_es, is_correct) VALUES ('ddfa5e80-2c5c-45ce-8e7b-af7e38cdd8e1', 3, '2 hours', '2 heures', '2 horas', false);
INSERT INTO public.quiz_answers (question_id, answer_order, answer_text_en, answer_text_fr, answer_text_es, is_correct) VALUES ('ddfa5e80-2c5c-45ce-8e7b-af7e38cdd8e1', 4, '15 minutes', '15 minutes', '15 minutos', false);
INSERT INTO public.quiz_questions (id, quiz_id, question_order, question_text_en, question_text_fr, question_text_es, question_type, explanation_en, explanation_fr, explanation_es) VALUES ('1649628b-80f8-45b9-a719-aa8eb2276bbe', '501869b2-56b9-419e-8ec2-30939998fd29', 3, 'What type of primer is used for etch priming (PD-0500)?', 'Type d''''appret PD-0500?', 'Tipo de imprimador PD-0500?', 'multiple-choice', 'Two-component etch primer for bare steel, galvanized, aluminum.', 'Bi-composant.', 'Bicomponente.');
INSERT INTO public.quiz_answers (question_id, answer_order, answer_text_en, answer_text_fr, answer_text_es, is_correct) VALUES ('1649628b-80f8-45b9-a719-aa8eb2276bbe', 1, 'Two-component etch primer', 'Bi-composant', 'Bicomponente', true);
INSERT INTO public.quiz_answers (question_id, answer_order, answer_text_en, answer_text_fr, answer_text_es, is_correct) VALUES ('1649628b-80f8-45b9-a719-aa8eb2276bbe', 2, 'Single component aerosol', 'Mono aerosol', 'Mono aerosol', false);
INSERT INTO public.quiz_answers (question_id, answer_order, answer_text_en, answer_text_fr, answer_text_es, is_correct) VALUES ('1649628b-80f8-45b9-a719-aa8eb2276bbe', 3, 'Waterborne only', 'A l''''eau', 'Al agua', false);
INSERT INTO public.quiz_answers (question_id, answer_order, answer_text_en, answer_text_fr, answer_text_es, is_correct) VALUES ('1649628b-80f8-45b9-a719-aa8eb2276bbe', 4, 'Self-etch spray', 'Auto-mordancant', 'Auto-grabado', false);
INSERT INTO public.quiz_questions (id, quiz_id, question_order, question_text_en, question_text_fr, question_text_es, question_type, explanation_en, explanation_fr, explanation_es) VALUES ('f63ec59a-3f0b-4e2f-b9f9-0553b6a72272', '501869b2-56b9-419e-8ec2-30939998fd29', 4, 'What surfaces can etch primer be used on?', 'Surfaces pour appret d''''accrochage?', 'Superficies para imprimador?', 'multiple-choice', 'Bare steel, galvanized steel, or aluminum.', 'Acier nu, galvanise, aluminium.', 'Acero desnudo, galvanizado, aluminio.');
INSERT INTO public.quiz_answers (question_id, answer_order, answer_text_en, answer_text_fr, answer_text_es, is_correct) VALUES ('f63ec59a-3f0b-4e2f-b9f9-0553b6a72272', 1, 'Bare steel, galvanized steel, aluminum', 'Acier nu, galvanise, aluminium', 'Acero, galvanizado, aluminio', true);
INSERT INTO public.quiz_answers (question_id, answer_order, answer_text_en, answer_text_fr, answer_text_es, is_correct) VALUES ('f63ec59a-3f0b-4e2f-b9f9-0553b6a72272', 2, 'Plastic only', 'Plastique', 'Plastico', false);
INSERT INTO public.quiz_answers (question_id, answer_order, answer_text_en, answer_text_fr, answer_text_es, is_correct) VALUES ('f63ec59a-3f0b-4e2f-b9f9-0553b6a72272', 3, 'Painted surfaces', 'Surfaces peintes', 'Superficies pintadas', false);
INSERT INTO public.quiz_answers (question_id, answer_order, answer_text_en, answer_text_fr, answer_text_es, is_correct) VALUES ('f63ec59a-3f0b-4e2f-b9f9-0553b6a72272', 4, 'Fiberglass only', 'Fibre de verre', 'Fibra de vidrio', false);
INSERT INTO public.quiz_questions (id, quiz_id, question_order, question_text_en, question_text_fr, question_text_es, question_type, explanation_en, explanation_fr, explanation_es) VALUES ('7476f92e-a3e0-45fa-af2d-43cd4824a5ad', '501869b2-56b9-419e-8ec2-30939998fd29', 5, 'What is the mixing ratio for pinchweld epoxy DP50LF/DP90LF?', 'Ratio appret epoxy de joint?', 'Proporcion epoxico de pestana?', 'multiple-choice', '2:1 with DP402LF.', '2:1 avec DP402LF.', '2:1 con DP402LF.');
INSERT INTO public.quiz_answers (question_id, answer_order, answer_text_en, answer_text_fr, answer_text_es, is_correct) VALUES ('7476f92e-a3e0-45fa-af2d-43cd4824a5ad', 1, '2:1 with DP402LF', '2:1 avec DP402LF', '2:1 con DP402LF', true);
INSERT INTO public.quiz_answers (question_id, answer_order, answer_text_en, answer_text_fr, answer_text_es, is_correct) VALUES ('7476f92e-a3e0-45fa-af2d-43cd4824a5ad', 2, '4:1:1', '4:1:1', '4:1:1', false);
INSERT INTO public.quiz_answers (question_id, answer_order, answer_text_en, answer_text_fr, answer_text_es, is_correct) VALUES ('7476f92e-a3e0-45fa-af2d-43cd4824a5ad', 3, '1:1', '1:1', '1:1', false);
INSERT INTO public.quiz_answers (question_id, answer_order, answer_text_en, answer_text_fr, answer_text_es, is_correct) VALUES ('7476f92e-a3e0-45fa-af2d-43cd4824a5ad', 4, '3:1:1', '3:1:1', '3:1:1', false);
INSERT INTO public.quiz_questions (id, quiz_id, question_order, question_text_en, question_text_fr, question_text_es, question_type, explanation_en, explanation_fr, explanation_es) VALUES ('55ba3c51-ac25-492a-8091-5828d143c479', '501869b2-56b9-419e-8ec2-30939998fd29', 6, 'How many coats of epoxy primer should be applied (PD-0510)?', 'Nombre de couches epoxy?', 'Cuantas capas epoxico?', 'multiple-choice', 'Two coats, flash to uniformly dull between coats.', 'Deux couches, mat entre couches.', 'Dos capas, opaco entre capas.');
INSERT INTO public.quiz_answers (question_id, answer_order, answer_text_en, answer_text_fr, answer_text_es, is_correct) VALUES ('55ba3c51-ac25-492a-8091-5828d143c479', 1, 'Two coats', 'Deux couches', 'Dos capas', true);
INSERT INTO public.quiz_answers (question_id, answer_order, answer_text_en, answer_text_fr, answer_text_es, is_correct) VALUES ('55ba3c51-ac25-492a-8091-5828d143c479', 2, 'One heavy coat', 'Une epaisse', 'Una gruesa', false);
INSERT INTO public.quiz_answers (question_id, answer_order, answer_text_en, answer_text_fr, answer_text_es, is_correct) VALUES ('55ba3c51-ac25-492a-8091-5828d143c479', 3, 'Three light coats', 'Trois legeres', 'Tres ligeras', false);
INSERT INTO public.quiz_answers (question_id, answer_order, answer_text_en, answer_text_fr, answer_text_es, is_correct) VALUES ('55ba3c51-ac25-492a-8091-5828d143c479', 4, 'Four coats', 'Quatre', 'Cuatro', false);
INSERT INTO public.quiz_questions (id, quiz_id, question_order, question_text_en, question_text_fr, question_text_es, question_type, explanation_en, explanation_fr, explanation_es) VALUES ('094d3ecc-ba79-4e27-b50e-c4215b4691a1', '501869b2-56b9-419e-8ec2-30939998fd29', 7, 'Why must pinchwelds be primed with epoxy for glass installation?', 'Pourquoi appret epoxy sur joints?', 'Por que epoxico en pestanas?', 'multiple-choice', 'Restores bonding area strength for urethane adhesive.', 'Restaure la force de liaison.', 'Restaura la fuerza de union.');
INSERT INTO public.quiz_answers (question_id, answer_order, answer_text_en, answer_text_fr, answer_text_es, is_correct) VALUES ('094d3ecc-ba79-4e27-b50e-c4215b4691a1', 1, 'Restores bonding strength for urethane adhesive', 'Force de liaison urethane', 'Fuerza de union uretano', true);
INSERT INTO public.quiz_answers (question_id, answer_order, answer_text_en, answer_text_fr, answer_text_es, is_correct) VALUES ('094d3ecc-ba79-4e27-b50e-c4215b4691a1', 2, 'Color matching', 'Harmonisation couleur', 'Igualar color', false);
INSERT INTO public.quiz_answers (question_id, answer_order, answer_text_en, answer_text_fr, answer_text_es, is_correct) VALUES ('094d3ecc-ba79-4e27-b50e-c4215b4691a1', 3, 'UV protection', 'Protection UV', 'Proteccion UV', false);
INSERT INTO public.quiz_answers (question_id, answer_order, answer_text_en, answer_text_fr, answer_text_es, is_correct) VALUES ('094d3ecc-ba79-4e27-b50e-c4215b4691a1', 4, 'Cosmetic only', 'Esthetique', 'Estetica', false);
INSERT INTO public.quiz_questions (id, quiz_id, question_order, question_text_en, question_text_fr, question_text_es, question_type, explanation_en, explanation_fr, explanation_es) VALUES ('c5ae5f51-9f56-4e05-8e5d-9339223b72ed', '501869b2-56b9-419e-8ec2-30939998fd29', 8, 'What grit for bare metal before etch priming?', 'Grain pour metal nu?', 'Grano para metal desnudo?', 'multiple-choice', '180 grit for metal/filler, 320 for featheredge.', '180 metal, 320 bords.', '180 metal, 320 bordes.');
INSERT INTO public.quiz_answers (question_id, answer_order, answer_text_en, answer_text_fr, answer_text_es, is_correct) VALUES ('c5ae5f51-9f56-4e05-8e5d-9339223b72ed', 1, '180 for metal, 320 for featheredge', '180 metal, 320 bords', '180 metal, 320 bordes', true);
INSERT INTO public.quiz_answers (question_id, answer_order, answer_text_en, answer_text_fr, answer_text_es, is_correct) VALUES ('c5ae5f51-9f56-4e05-8e5d-9339223b72ed', 2, '80 for all', '80 partout', '80 todo', false);
INSERT INTO public.quiz_answers (question_id, answer_order, answer_text_en, answer_text_fr, answer_text_es, is_correct) VALUES ('c5ae5f51-9f56-4e05-8e5d-9339223b72ed', 3, '400/600', '400/600', '400/600', false);
INSERT INTO public.quiz_answers (question_id, answer_order, answer_text_en, answer_text_fr, answer_text_es, is_correct) VALUES ('c5ae5f51-9f56-4e05-8e5d-9339223b72ed', 4, '320 for all', '320 partout', '320 todo', false);
INSERT INTO public.quiz_questions (id, quiz_id, question_order, question_text_en, question_text_fr, question_text_es, question_type, explanation_en, explanation_fr, explanation_es) VALUES ('84cd1c85-9497-4c24-9c5f-5d776abbd676', '501869b2-56b9-419e-8ec2-30939998fd29', 9, 'Can EPW115 go directly on bare metal without etch primer?', 'EPW115 direct sur metal nu?', 'EPW115 directo sobre metal?', 'multiple-choice', 'Yes, EPW115 can be applied direct to metal without pretreatment.', 'Oui, directement.', 'Si, directamente.');
INSERT INTO public.quiz_answers (question_id, answer_order, answer_text_en, answer_text_fr, answer_text_es, is_correct) VALUES ('84cd1c85-9497-4c24-9c5f-5d776abbd676', 1, 'Yes, it can go direct to metal', 'Oui, directement', 'Si, directamente', true);
INSERT INTO public.quiz_answers (question_id, answer_order, answer_text_en, answer_text_fr, answer_text_es, is_correct) VALUES ('84cd1c85-9497-4c24-9c5f-5d776abbd676', 2, 'No, etch is always required first', 'Non, toujours appret', 'No, siempre imprimador', false);
INSERT INTO public.quiz_answers (question_id, answer_order, answer_text_en, answer_text_fr, answer_text_es, is_correct) VALUES ('84cd1c85-9497-4c24-9c5f-5d776abbd676', 3, 'Only on steel, not aluminum', 'Acier seulement', 'Solo acero', false);
INSERT INTO public.quiz_answers (question_id, answer_order, answer_text_en, answer_text_fr, answer_text_es, is_correct) VALUES ('84cd1c85-9497-4c24-9c5f-5d776abbd676', 4, 'Only with adhesion promoter', 'Avec promoteur', 'Con promotor', false);

INSERT INTO public.quizzes (id, slug, title_en, title_fr, title_es, description_en, description_fr, description_es, quiz_type, passing_score, icon, is_active) VALUES ('65b319ab-b743-44b3-91bc-113d81ea047f', 'ppg-sealer-products', 'PPG A-Chromatic Sealers', 'Scellants A-Chromatic PPG', 'Selladores A-Chromatic PPG', 'Test your knowledge of the A-Chromatic sealer system.', 'Scellants A-Chromatic.', 'Selladores A-Chromatic.', 'product-knowledge', 70, '🎯', true);
INSERT INTO public.quiz_questions (id, quiz_id, question_order, question_text_en, question_text_fr, question_text_es, question_type, explanation_en, explanation_fr, explanation_es) VALUES ('4377f185-ecbc-4f3d-a01f-71f6e1f86378', '65b319ab-b743-44b3-91bc-113d81ea047f', 1, 'What are the three ECS81/85/87 sealer colors?', '3 couleurs ECS81/85/87?', '3 colores ECS81/85/87?', 'multiple-choice', 'ECS81 White, ECS85 Gray, ECS87 Dark Gray.', 'Blanc, Gris, Gris fonce.', 'Blanco, Gris, Gris oscuro.');
INSERT INTO public.quiz_answers (question_id, answer_order, answer_text_en, answer_text_fr, answer_text_es, is_correct) VALUES ('4377f185-ecbc-4f3d-a01f-71f6e1f86378', 1, 'White, Gray, Dark Gray', 'Blanc, Gris, Gris fonce', 'Blanco, Gris, Gris oscuro', true);
INSERT INTO public.quiz_answers (question_id, answer_order, answer_text_en, answer_text_fr, answer_text_es, is_correct) VALUES ('4377f185-ecbc-4f3d-a01f-71f6e1f86378', 2, 'White, Silver, Black', 'Blanc, Argent, Noir', 'Blanco, Plata, Negro', false);
INSERT INTO public.quiz_answers (question_id, answer_order, answer_text_en, answer_text_fr, answer_text_es, is_correct) VALUES ('4377f185-ecbc-4f3d-a01f-71f6e1f86378', 3, 'Light/Medium/Dark Gray', 'Gris clair/moyen/fonce', 'Gris claro/medio/oscuro', false);
INSERT INTO public.quiz_answers (question_id, answer_order, answer_text_en, answer_text_fr, answer_text_es, is_correct) VALUES ('4377f185-ecbc-4f3d-a01f-71f6e1f86378', 4, 'Red, White, Blue', 'Rouge, Blanc, Bleu', 'Rojo, Blanco, Azul', false);
INSERT INTO public.quiz_questions (id, quiz_id, question_order, question_text_en, question_text_fr, question_text_es, question_type, explanation_en, explanation_fr, explanation_es) VALUES ('1020d9b2-41a5-4892-9e27-93af876c5a4b', '65b319ab-b743-44b3-91bc-113d81ea047f', 2, 'How quickly are A-Chromatic Sealers ready to topcoat?', 'Temps avant couche de finition?', 'Tiempo antes de capa final?', 'multiple-choice', '15 minutes.', '15 minutes.', '15 minutos.');
INSERT INTO public.quiz_answers (question_id, answer_order, answer_text_en, answer_text_fr, answer_text_es, is_correct) VALUES ('1020d9b2-41a5-4892-9e27-93af876c5a4b', 1, '15 minutes', '15 minutes', '15 minutos', true);
INSERT INTO public.quiz_answers (question_id, answer_order, answer_text_en, answer_text_fr, answer_text_es, is_correct) VALUES ('1020d9b2-41a5-4892-9e27-93af876c5a4b', 2, '30 minutes', '30 minutes', '30 minutos', false);
INSERT INTO public.quiz_answers (question_id, answer_order, answer_text_en, answer_text_fr, answer_text_es, is_correct) VALUES ('1020d9b2-41a5-4892-9e27-93af876c5a4b', 3, '1 hour', '1 heure', '1 hora', false);
INSERT INTO public.quiz_answers (question_id, answer_order, answer_text_en, answer_text_fr, answer_text_es, is_correct) VALUES ('1020d9b2-41a5-4892-9e27-93af876c5a4b', 4, '5 minutes', '5 minutes', '5 minutos', false);
INSERT INTO public.quiz_questions (id, quiz_id, question_order, question_text_en, question_text_fr, question_text_es, question_type, explanation_en, explanation_fr, explanation_es) VALUES ('1d342415-7d68-4a1b-bfac-0154fe196aa4', '65b319ab-b743-44b3-91bc-113d81ea047f', 3, 'Which G-shades do ECS81/85/87 directly match?', 'Teintes G pour ECS81/85/87?', 'Tonos G de ECS81/85/87?', 'multiple-choice', 'ECS81=G1, ECS85=G5, ECS87=G7.', 'G1, G5, G7.', 'G1, G5, G7.');
INSERT INTO public.quiz_answers (question_id, answer_order, answer_text_en, answer_text_fr, answer_text_es, is_correct) VALUES ('1d342415-7d68-4a1b-bfac-0154fe196aa4', 1, 'G1, G5, G7', 'G1, G5, G7', 'G1, G5, G7', true);
INSERT INTO public.quiz_answers (question_id, answer_order, answer_text_en, answer_text_fr, answer_text_es, is_correct) VALUES ('1d342415-7d68-4a1b-bfac-0154fe196aa4', 2, 'G1, G3, G5', 'G1, G3, G5', 'G1, G3, G5', false);
INSERT INTO public.quiz_answers (question_id, answer_order, answer_text_en, answer_text_fr, answer_text_es, is_correct) VALUES ('1d342415-7d68-4a1b-bfac-0154fe196aa4', 3, 'G2, G4, G6', 'G2, G4, G6', 'G2, G4, G6', false);
INSERT INTO public.quiz_answers (question_id, answer_order, answer_text_en, answer_text_fr, answer_text_es, is_correct) VALUES ('1d342415-7d68-4a1b-bfac-0154fe196aa4', 4, 'G3, G5, G7', 'G3, G5, G7', 'G3, G5, G7', false);
INSERT INTO public.quiz_questions (id, quiz_id, question_order, question_text_en, question_text_fr, question_text_es, question_type, explanation_en, explanation_fr, explanation_es) VALUES ('2e332d4a-6d47-4fe4-bae1-c848ab8207a8', '65b319ab-b743-44b3-91bc-113d81ea047f', 4, 'Minimum film build of sealer over etch primer?', 'Epaisseur minimale sur appret?', 'Espesor minimo sobre imprimador?', 'multiple-choice', '1.5 mils minimum.', '1,5 mils.', '1,5 mils.');
INSERT INTO public.quiz_answers (question_id, answer_order, answer_text_en, answer_text_fr, answer_text_es, is_correct) VALUES ('2e332d4a-6d47-4fe4-bae1-c848ab8207a8', 1, '1.5 mils', '1,5 mils', '1,5 mils', true);
INSERT INTO public.quiz_answers (question_id, answer_order, answer_text_en, answer_text_fr, answer_text_es, is_correct) VALUES ('2e332d4a-6d47-4fe4-bae1-c848ab8207a8', 2, '0.5 mils', '0,5 mils', '0,5 mils', false);
INSERT INTO public.quiz_answers (question_id, answer_order, answer_text_en, answer_text_fr, answer_text_es, is_correct) VALUES ('2e332d4a-6d47-4fe4-bae1-c848ab8207a8', 3, '3.0 mils', '3,0 mils', '3,0 mils', false);
INSERT INTO public.quiz_answers (question_id, answer_order, answer_text_en, answer_text_fr, answer_text_es, is_correct) VALUES ('2e332d4a-6d47-4fe4-bae1-c848ab8207a8', 4, 'No minimum', 'Pas de minimum', 'Sin minimo', false);
INSERT INTO public.quiz_questions (id, quiz_id, question_order, question_text_en, question_text_fr, question_text_es, question_type, explanation_en, explanation_fr, explanation_es) VALUES ('c46acea1-3ef4-4d24-822a-e790eb689ca4', '65b319ab-b743-44b3-91bc-113d81ea047f', 5, 'Can sealers be applied over unsanded OEM e-coat?', 'Scellant sur e-coat non ponce?', 'Sellador sobre e-coat sin lijar?', 'multiple-choice', 'Yes.', 'Oui.', 'Si.');
INSERT INTO public.quiz_answers (question_id, answer_order, answer_text_en, answer_text_fr, answer_text_es, is_correct) VALUES ('c46acea1-3ef4-4d24-822a-e790eb689ca4', 1, 'Yes', 'Oui', 'Si', true);
INSERT INTO public.quiz_answers (question_id, answer_order, answer_text_en, answer_text_fr, answer_text_es, is_correct) VALUES ('c46acea1-3ef4-4d24-822a-e790eb689ca4', 2, 'No, must be sanded first', 'Non, poncer d''''abord', 'No, lijar primero', false);
INSERT INTO public.quiz_answers (question_id, answer_order, answer_text_en, answer_text_fr, answer_text_es, is_correct) VALUES ('c46acea1-3ef4-4d24-822a-e790eb689ca4', 3, 'Only with adhesion promoter', 'Avec promoteur', 'Con promotor', false);
INSERT INTO public.quiz_answers (question_id, answer_order, answer_text_en, answer_text_fr, answer_text_es, is_correct) VALUES ('c46acea1-3ef4-4d24-822a-e790eb689ca4', 4, 'Only ECS81 can', 'Seulement ECS81', 'Solo ECS81', false);
INSERT INTO public.quiz_questions (id, quiz_id, question_order, question_text_en, question_text_fr, question_text_es, question_type, explanation_en, explanation_fr, explanation_es) VALUES ('fdc43a46-02b4-42e0-871a-90d6b4641d3d', '65b319ab-b743-44b3-91bc-113d81ea047f', 6, 'What two colors create G3 in the ECS21/27 system?', '2 couleurs pour G3?', '2 colores para G3?', 'multiple-choice', 'ECS21 White and ECS27 Black.', 'ECS21 Blanc et ECS27 Noir.', 'ECS21 Blanco y ECS27 Negro.');
INSERT INTO public.quiz_answers (question_id, answer_order, answer_text_en, answer_text_fr, answer_text_es, is_correct) VALUES ('fdc43a46-02b4-42e0-871a-90d6b4641d3d', 1, 'ECS21 White + ECS27 Black', 'ECS21 Blanc + ECS27 Noir', 'ECS21 Blanco + ECS27 Negro', true);
INSERT INTO public.quiz_answers (question_id, answer_order, answer_text_en, answer_text_fr, answer_text_es, is_correct) VALUES ('fdc43a46-02b4-42e0-871a-90d6b4641d3d', 2, 'ECS81 + ECS87', 'ECS81 + ECS87', 'ECS81 + ECS87', false);
INSERT INTO public.quiz_answers (question_id, answer_order, answer_text_en, answer_text_fr, answer_text_es, is_correct) VALUES ('fdc43a46-02b4-42e0-871a-90d6b4641d3d', 3, 'ECS85 + ECS87', 'ECS85 + ECS87', 'ECS85 + ECS87', false);
INSERT INTO public.quiz_answers (question_id, answer_order, answer_text_en, answer_text_fr, answer_text_es, is_correct) VALUES ('fdc43a46-02b4-42e0-871a-90d6b4641d3d', 4, 'Any two sealers', 'N''''importe', 'Cualquiera', false);
INSERT INTO public.quiz_questions (id, quiz_id, question_order, question_text_en, question_text_fr, question_text_es, question_type, explanation_en, explanation_fr, explanation_es) VALUES ('b26475d6-d604-44d9-bb9a-8cee2ef5189f', '65b319ab-b743-44b3-91bc-113d81ea047f', 7, 'Grit for sanding original paint before sealer?', 'Grain pour peinture avant scellant?', 'Grano para pintura antes de sellador?', 'multiple-choice', 'P400 dry or P600 wet.', 'P400 sec ou P600 humide.', 'P400 seco o P600 humedo.');
INSERT INTO public.quiz_answers (question_id, answer_order, answer_text_en, answer_text_fr, answer_text_es, is_correct) VALUES ('b26475d6-d604-44d9-bb9a-8cee2ef5189f', 1, 'P400 dry or P600 wet', 'P400 sec ou P600 humide', 'P400 seco o P600 humedo', true);
INSERT INTO public.quiz_answers (question_id, answer_order, answer_text_en, answer_text_fr, answer_text_es, is_correct) VALUES ('b26475d6-d604-44d9-bb9a-8cee2ef5189f', 2, 'P80', 'P80', 'P80', false);
INSERT INTO public.quiz_answers (question_id, answer_order, answer_text_en, answer_text_fr, answer_text_es, is_correct) VALUES ('b26475d6-d604-44d9-bb9a-8cee2ef5189f', 3, 'P1000 wet', 'P1000 humide', 'P1000 humedo', false);
INSERT INTO public.quiz_answers (question_id, answer_order, answer_text_en, answer_text_fr, answer_text_es, is_correct) VALUES ('b26475d6-d604-44d9-bb9a-8cee2ef5189f', 4, 'P180', 'P180', 'P180', false);
INSERT INTO public.quiz_questions (id, quiz_id, question_order, question_text_en, question_text_fr, question_text_es, question_type, explanation_en, explanation_fr, explanation_es) VALUES ('787bbb28-c3e5-458e-ba04-dd6d5ab57793', '65b319ab-b743-44b3-91bc-113d81ea047f', 8, 'Must bare aluminum be primed before sealer?', 'Aluminium nu avant scellant?', 'Aluminio desnudo antes de sellador?', 'multiple-choice', 'Yes, with SX1071 Etch Primer.', 'Oui, SX1071.', 'Si, SX1071.');
INSERT INTO public.quiz_answers (question_id, answer_order, answer_text_en, answer_text_fr, answer_text_es, is_correct) VALUES ('787bbb28-c3e5-458e-ba04-dd6d5ab57793', 1, 'Yes, prime with SX1071 Etch Primer', 'Oui, SX1071', 'Si, SX1071', true);
INSERT INTO public.quiz_answers (question_id, answer_order, answer_text_en, answer_text_fr, answer_text_es, is_correct) VALUES ('787bbb28-c3e5-458e-ba04-dd6d5ab57793', 2, 'No, sealer goes direct', 'Non, direct', 'No, directo', false);
INSERT INTO public.quiz_answers (question_id, answer_order, answer_text_en, answer_text_fr, answer_text_es, is_correct) VALUES ('787bbb28-c3e5-458e-ba04-dd6d5ab57793', 3, 'Only if corroded', 'Si corrosion', 'Si corrosion', false);
INSERT INTO public.quiz_answers (question_id, answer_order, answer_text_en, answer_text_fr, answer_text_es, is_correct) VALUES ('787bbb28-c3e5-458e-ba04-dd6d5ab57793', 4, 'Optional', 'Optionnel', 'Opcional', false);

INSERT INTO public.quizzes (id, slug, title_en, title_fr, title_es, description_en, description_fr, description_es, quiz_type, passing_score, icon, is_active) VALUES ('bb633b0a-2fde-4cf4-9c3e-5dff46af13bb', 'ppg-surfacer-products', 'PPG Surfacer Products', 'Produits de mastic PPG', 'Productos de aparejo PPG', 'Test your knowledge of ECP35 surfacer, UV primer, and waterborne primer.', 'Mastics PPG.', 'Aparejos PPG.', 'product-knowledge', 70, '🏗️', true);
INSERT INTO public.quiz_questions (id, quiz_id, question_order, question_text_en, question_text_fr, question_text_es, question_type, explanation_en, explanation_fr, explanation_es) VALUES ('5a7cb213-b245-492b-830d-33ceef49cf3c', 'bb633b0a-2fde-4cf4-9c3e-5dff46af13bb', 1, 'What VOC level is the ECP35 High Production Surfacer?', 'Niveau COV du ECP35?', 'Nivel COV del ECP35?', 'multiple-choice', '2.1 VOC.', '2,1 COV.', '2,1 COV.');
INSERT INTO public.quiz_answers (question_id, answer_order, answer_text_en, answer_text_fr, answer_text_es, is_correct) VALUES ('5a7cb213-b245-492b-830d-33ceef49cf3c', 1, '2.1 VOC', '2,1 COV', '2,1 COV', true);
INSERT INTO public.quiz_answers (question_id, answer_order, answer_text_en, answer_text_fr, answer_text_es, is_correct) VALUES ('5a7cb213-b245-492b-830d-33ceef49cf3c', 2, '3.5 VOC', '3,5 COV', '3,5 COV', false);
INSERT INTO public.quiz_answers (question_id, answer_order, answer_text_en, answer_text_fr, answer_text_es, is_correct) VALUES ('5a7cb213-b245-492b-830d-33ceef49cf3c', 3, '1.0 VOC', '1,0 COV', '1,0 COV', false);
INSERT INTO public.quiz_answers (question_id, answer_order, answer_text_en, answer_text_fr, answer_text_es, is_correct) VALUES ('5a7cb213-b245-492b-830d-33ceef49cf3c', 4, '4.2 VOC', '4,2 COV', '4,2 COV', false);
INSERT INTO public.quiz_questions (id, quiz_id, question_order, question_text_en, question_text_fr, question_text_es, question_type, explanation_en, explanation_fr, explanation_es) VALUES ('36244306-4798-4cb0-b004-c882dfef8172', 'bb633b0a-2fde-4cf4-9c3e-5dff46af13bb', 2, 'What basecoat system is ECP35 designed for?', 'Systeme de base pour ECP35?', 'Sistema base para ECP35?', 'multiple-choice', 'Envirobase High Performance waterborne basecoat.', 'Envirobase HP.', 'Envirobase HP.');
INSERT INTO public.quiz_answers (question_id, answer_order, answer_text_en, answer_text_fr, answer_text_es, is_correct) VALUES ('36244306-4798-4cb0-b004-c882dfef8172', 1, 'Envirobase HP waterborne basecoat', 'Envirobase HP', 'Envirobase HP', true);
INSERT INTO public.quiz_answers (question_id, answer_order, answer_text_en, answer_text_fr, answer_text_es, is_correct) VALUES ('36244306-4798-4cb0-b004-c882dfef8172', 2, 'Deltron solvent basecoat', 'Deltron solvant', 'Deltron solvente', false);
INSERT INTO public.quiz_answers (question_id, answer_order, answer_text_en, answer_text_fr, answer_text_es, is_correct) VALUES ('36244306-4798-4cb0-b004-c882dfef8172', 3, 'Any basecoat system', 'Tout systeme', 'Cualquier sistema', false);
INSERT INTO public.quiz_answers (question_id, answer_order, answer_text_en, answer_text_fr, answer_text_es, is_correct) VALUES ('36244306-4798-4cb0-b004-c882dfef8172', 4, 'Global solvent system', 'Global solvant', 'Global solvente', false);
INSERT INTO public.quiz_questions (id, quiz_id, question_order, question_text_en, question_text_fr, question_text_es, question_type, explanation_en, explanation_fr, explanation_es) VALUES ('f4e122cd-42b4-49ca-a869-d73a42f5d3ce', 'bb633b0a-2fde-4cf4-9c3e-5dff46af13bb', 3, 'What is the UV primer product number?', 'Numero du primaire UV?', 'Numero del imprimador UV?', 'multiple-choice', 'SUA1080 UV Primer (aerosol).', 'SUA1080.', 'SUA1080.');
INSERT INTO public.quiz_answers (question_id, answer_order, answer_text_en, answer_text_fr, answer_text_es, is_correct) VALUES ('f4e122cd-42b4-49ca-a869-d73a42f5d3ce', 1, 'SUA1080', 'SUA1080', 'SUA1080', true);
INSERT INTO public.quiz_answers (question_id, answer_order, answer_text_en, answer_text_fr, answer_text_es, is_correct) VALUES ('f4e122cd-42b4-49ca-a869-d73a42f5d3ce', 2, 'ECP35', 'ECP35', 'ECP35', false);
INSERT INTO public.quiz_answers (question_id, answer_order, answer_text_en, answer_text_fr, answer_text_es, is_correct) VALUES ('f4e122cd-42b4-49ca-a869-d73a42f5d3ce', 3, 'EPW115', 'EPW115', 'EPW115', false);
INSERT INTO public.quiz_answers (question_id, answer_order, answer_text_en, answer_text_fr, answer_text_es, is_correct) VALUES ('f4e122cd-42b4-49ca-a869-d73a42f5d3ce', 4, 'SX1071', 'SX1071', 'SX1071', false);
INSERT INTO public.quiz_questions (id, quiz_id, question_order, question_text_en, question_text_fr, question_text_es, question_type, explanation_en, explanation_fr, explanation_es) VALUES ('fb0473be-723b-4b2d-acf2-14a735ffc502', 'bb633b0a-2fde-4cf4-9c3e-5dff46af13bb', 4, 'How long to cure UV primer with UV lamp?', 'Temps de sechage UV?', 'Tiempo de curado UV?', 'multiple-choice', 'At least 2 minutes.', 'Au moins 2 minutes.', 'Al menos 2 minutos.');
INSERT INTO public.quiz_answers (question_id, answer_order, answer_text_en, answer_text_fr, answer_text_es, is_correct) VALUES ('fb0473be-723b-4b2d-acf2-14a735ffc502', 1, 'At least 2 minutes', 'Au moins 2 minutes', 'Al menos 2 minutos', true);
INSERT INTO public.quiz_answers (question_id, answer_order, answer_text_en, answer_text_fr, answer_text_es, is_correct) VALUES ('fb0473be-723b-4b2d-acf2-14a735ffc502', 2, '30 seconds', '30 secondes', '30 segundos', false);
INSERT INTO public.quiz_answers (question_id, answer_order, answer_text_en, answer_text_fr, answer_text_es, is_correct) VALUES ('fb0473be-723b-4b2d-acf2-14a735ffc502', 3, '10 minutes', '10 minutes', '10 minutos', false);
INSERT INTO public.quiz_answers (question_id, answer_order, answer_text_en, answer_text_fr, answer_text_es, is_correct) VALUES ('fb0473be-723b-4b2d-acf2-14a735ffc502', 4, '5 minutes', '5 minutes', '5 minutos', false);
INSERT INTO public.quiz_questions (id, quiz_id, question_order, question_text_en, question_text_fr, question_text_es, question_type, explanation_en, explanation_fr, explanation_es) VALUES ('44247a7b-f9cd-4d03-a8c1-4073ae4038e5', 'bb633b0a-2fde-4cf4-9c3e-5dff46af13bb', 5, 'How many coats of UV primer should be applied?', 'Nombre de couches UV?', 'Cuantas capas UV?', 'multiple-choice', '2-4 continuous coats.', '2-4 couches.', '2-4 capas.');
INSERT INTO public.quiz_answers (question_id, answer_order, answer_text_en, answer_text_fr, answer_text_es, is_correct) VALUES ('44247a7b-f9cd-4d03-a8c1-4073ae4038e5', 1, '2-4 continuous coats', '2-4 couches continues', '2-4 capas continuas', true);
INSERT INTO public.quiz_answers (question_id, answer_order, answer_text_en, answer_text_fr, answer_text_es, is_correct) VALUES ('44247a7b-f9cd-4d03-a8c1-4073ae4038e5', 2, '1 coat', '1 couche', '1 capa', false);
INSERT INTO public.quiz_answers (question_id, answer_order, answer_text_en, answer_text_fr, answer_text_es, is_correct) VALUES ('44247a7b-f9cd-4d03-a8c1-4073ae4038e5', 3, '5-6 coats', '5-6 couches', '5-6 capas', false);
INSERT INTO public.quiz_answers (question_id, answer_order, answer_text_en, answer_text_fr, answer_text_es, is_correct) VALUES ('44247a7b-f9cd-4d03-a8c1-4073ae4038e5', 4, 'As many as needed', 'Autant que necessaire', 'Tantas como sea necesario', false);
INSERT INTO public.quiz_questions (id, quiz_id, question_order, question_text_en, question_text_fr, question_text_es, question_type, explanation_en, explanation_fr, explanation_es) VALUES ('94b0c940-da26-4bee-bb30-b7a5ec33da65', 'bb633b0a-2fde-4cf4-9c3e-5dff46af13bb', 6, 'What should be used to remove the film from UV primer after curing?', 'Comment retirer le film du primaire UV?', 'Como remover la pelicula del imprimador UV?', 'multiple-choice', 'SU1081 Primer Post Wipe.', 'SU1081.', 'SU1081.');
INSERT INTO public.quiz_answers (question_id, answer_order, answer_text_en, answer_text_fr, answer_text_es, is_correct) VALUES ('94b0c940-da26-4bee-bb30-b7a5ec33da65', 1, 'SU1081 Primer Post Wipe', 'SU1081', 'SU1081', true);
INSERT INTO public.quiz_answers (question_id, answer_order, answer_text_en, answer_text_fr, answer_text_es, is_correct) VALUES ('94b0c940-da26-4bee-bb30-b7a5ec33da65', 2, 'Wax and grease remover', 'Degraissant', 'Desengrasante', false);
INSERT INTO public.quiz_answers (question_id, answer_order, answer_text_en, answer_text_fr, answer_text_es, is_correct) VALUES ('94b0c940-da26-4bee-bb30-b7a5ec33da65', 3, 'Water', 'Eau', 'Agua', false);
INSERT INTO public.quiz_answers (question_id, answer_order, answer_text_en, answer_text_fr, answer_text_es, is_correct) VALUES ('94b0c940-da26-4bee-bb30-b7a5ec33da65', 4, 'Scotch pad', 'Tampon abrasif', 'Esponja abrasiva', false);
INSERT INTO public.quiz_questions (id, quiz_id, question_order, question_text_en, question_text_fr, question_text_es, question_type, explanation_en, explanation_fr, explanation_es) VALUES ('e2a5a308-9bf3-4148-8722-e6a6b5f386ab', 'bb633b0a-2fde-4cf4-9c3e-5dff46af13bb', 7, 'What technique is recommended for applying primer surfacer (PD-0520)?', 'Technique pour mastic PD-0520?', 'Tecnica para aparejo PD-0520?', 'multiple-choice', 'Reverse priming: largest area first, keep following coats within.', 'Technique inverse.', 'Tecnica inversa.');
INSERT INTO public.quiz_answers (question_id, answer_order, answer_text_en, answer_text_fr, answer_text_es, is_correct) VALUES ('e2a5a308-9bf3-4148-8722-e6a6b5f386ab', 1, 'Reverse priming (largest area first)', 'Technique inverse', 'Tecnica inversa', true);
INSERT INTO public.quiz_answers (question_id, answer_order, answer_text_en, answer_text_fr, answer_text_es, is_correct) VALUES ('e2a5a308-9bf3-4148-8722-e6a6b5f386ab', 2, 'Center outward', 'Du centre vers l''''exterieur', 'Del centro hacia afuera', false);
INSERT INTO public.quiz_answers (question_id, answer_order, answer_text_en, answer_text_fr, answer_text_es, is_correct) VALUES ('e2a5a308-9bf3-4148-8722-e6a6b5f386ab', 3, 'Even coats over entire panel', 'Couches uniformes', 'Capas uniformes', false);
INSERT INTO public.quiz_answers (question_id, answer_order, answer_text_en, answer_text_fr, answer_text_es, is_correct) VALUES ('e2a5a308-9bf3-4148-8722-e6a6b5f386ab', 4, 'Edge to center', 'Des bords au centre', 'De bordes al centro', false);
INSERT INTO public.quiz_questions (id, quiz_id, question_order, question_text_en, question_text_fr, question_text_es, question_type, explanation_en, explanation_fr, explanation_es) VALUES ('8b13cc30-d5f5-496b-8fa4-57fb3aea424a', 'bb633b0a-2fde-4cf4-9c3e-5dff46af13bb', 8, 'What must be applied to bare metal before primer surfacer?', 'Quoi avant mastic sur metal nu?', 'Que antes del aparejo sobre metal?', 'multiple-choice', 'Etch primer per PD-0500.', 'Appret d''''accrochage PD-0500.', 'Imprimador PD-0500.');
INSERT INTO public.quiz_answers (question_id, answer_order, answer_text_en, answer_text_fr, answer_text_es, is_correct) VALUES ('8b13cc30-d5f5-496b-8fa4-57fb3aea424a', 1, 'Etch primer (PD-0500)', 'Appret d''''accrochage', 'Imprimador de adherencia', true);
INSERT INTO public.quiz_answers (question_id, answer_order, answer_text_en, answer_text_fr, answer_text_es, is_correct) VALUES ('8b13cc30-d5f5-496b-8fa4-57fb3aea424a', 2, 'Nothing, surfacer goes direct', 'Rien, direct', 'Nada, directo', false);
INSERT INTO public.quiz_answers (question_id, answer_order, answer_text_en, answer_text_fr, answer_text_es, is_correct) VALUES ('8b13cc30-d5f5-496b-8fa4-57fb3aea424a', 3, 'Adhesion promoter', 'Promoteur', 'Promotor', false);
INSERT INTO public.quiz_answers (question_id, answer_order, answer_text_en, answer_text_fr, answer_text_es, is_correct) VALUES ('8b13cc30-d5f5-496b-8fa4-57fb3aea424a', 4, 'Sealer only', 'Scellant', 'Sellador', false);
INSERT INTO public.quiz_questions (id, quiz_id, question_order, question_text_en, question_text_fr, question_text_es, question_type, explanation_en, explanation_fr, explanation_es) VALUES ('145f82db-1866-43b5-8331-7d9b4e96e4de', 'bb633b0a-2fde-4cf4-9c3e-5dff46af13bb', 9, 'What grit is used to sand electrodeposition primer before ECP35 surfacer?', 'Grain pour e-coat avant ECP35?', 'Grano para e-coat antes de ECP35?', 'multiple-choice', 'Same as original paintwork: P280/US240 dry or P360/US320 wet.', 'P280 sec ou P360 humide.', 'P280 seco o P360 humedo.');
INSERT INTO public.quiz_answers (question_id, answer_order, answer_text_en, answer_text_fr, answer_text_es, is_correct) VALUES ('145f82db-1866-43b5-8331-7d9b4e96e4de', 1, 'P280 dry or P360 wet', 'P280 sec ou P360 humide', 'P280 seco o P360 humedo', true);
INSERT INTO public.quiz_answers (question_id, answer_order, answer_text_en, answer_text_fr, answer_text_es, is_correct) VALUES ('145f82db-1866-43b5-8331-7d9b4e96e4de', 2, 'P80', 'P80', 'P80', false);
INSERT INTO public.quiz_answers (question_id, answer_order, answer_text_en, answer_text_fr, answer_text_es, is_correct) VALUES ('145f82db-1866-43b5-8331-7d9b4e96e4de', 3, 'P600', 'P600', 'P600', false);
INSERT INTO public.quiz_answers (question_id, answer_order, answer_text_en, answer_text_fr, answer_text_es, is_correct) VALUES ('145f82db-1866-43b5-8331-7d9b4e96e4de', 4, 'No sanding needed', 'Pas de poncage', 'Sin lijado', false);

INSERT INTO public.quizzes (id, slug, title_en, title_fr, title_es, description_en, description_fr, description_es, quiz_type, passing_score, icon, is_active) VALUES ('850ccae0-845d-4d47-87e1-5ea201824d3c', 'ppg-basecoat-system', 'PPG Envirobase Basecoat System', 'Systeme de base Envirobase PPG', 'Sistema de base Envirobase PPG', 'Test your knowledge of the Envirobase HP waterborne basecoat system.', 'Systeme Envirobase HP.', 'Sistema Envirobase HP.', 'product-knowledge', 70, '🎨', true);
INSERT INTO public.quiz_questions (id, quiz_id, question_order, question_text_en, question_text_fr, question_text_es, question_type, explanation_en, explanation_fr, explanation_es) VALUES ('ade21bdc-9234-4149-a73f-26fefdc1d390', '850ccae0-845d-4d47-87e1-5ea201824d3c', 1, 'How should Envirobase HP toners be mixed before use?', 'Comment melanger les teintes Envirobase?', 'Como mezclar los tintes Envirobase?', 'multiple-choice', 'Gently hand shake for a few seconds. Do NOT mechanically agitate.', 'Agiter doucement a la main. NE PAS agiter mecaniquement.', 'Agitar suavemente a mano. NO agitar mecanicamente.');
INSERT INTO public.quiz_answers (question_id, answer_order, answer_text_en, answer_text_fr, answer_text_es, is_correct) VALUES ('ade21bdc-9234-4149-a73f-26fefdc1d390', 1, 'Gently hand shake, do NOT mechanically agitate', 'Agiter a la main, PAS mecaniquement', 'Agitar a mano, NO mecanicamente', true);
INSERT INTO public.quiz_answers (question_id, answer_order, answer_text_en, answer_text_fr, answer_text_es, is_correct) VALUES ('ade21bdc-9234-4149-a73f-26fefdc1d390', 2, 'Place on mechanical shaker for 5 minutes', 'Agitateur 5 minutes', 'Agitador 5 minutos', false);
INSERT INTO public.quiz_answers (question_id, answer_order, answer_text_en, answer_text_fr, answer_text_es, is_correct) VALUES ('ade21bdc-9234-4149-a73f-26fefdc1d390', 3, 'No mixing needed', 'Pas de melange', 'Sin mezcla', false);
INSERT INTO public.quiz_answers (question_id, answer_order, answer_text_en, answer_text_fr, answer_text_es, is_correct) VALUES ('ade21bdc-9234-4149-a73f-26fefdc1d390', 4, 'Stir with power drill mixer', 'Melangeur electrique', 'Mezclador electrico', false);
INSERT INTO public.quiz_questions (id, quiz_id, question_order, question_text_en, question_text_fr, question_text_es, question_type, explanation_en, explanation_fr, explanation_es) VALUES ('1bbf5433-4206-40ed-be31-51cfc75b5558', '850ccae0-845d-4d47-87e1-5ea201824d3c', 2, 'What type of paint filter should be used with Envirobase HP?', 'Type de filtre pour Envirobase?', 'Tipo de filtro para Envirobase?', 'multiple-choice', 'Nylon 125 micron filters for waterborne.', 'Nylon 125 microns.', 'Nylon 125 micras.');
INSERT INTO public.quiz_answers (question_id, answer_order, answer_text_en, answer_text_fr, answer_text_es, is_correct) VALUES ('1bbf5433-4206-40ed-be31-51cfc75b5558', 1, 'Nylon 125 micron', 'Nylon 125 microns', 'Nylon 125 micras', true);
INSERT INTO public.quiz_answers (question_id, answer_order, answer_text_en, answer_text_fr, answer_text_es, is_correct) VALUES ('1bbf5433-4206-40ed-be31-51cfc75b5558', 2, 'Paper 200 micron', 'Papier 200 microns', 'Papel 200 micras', false);
INSERT INTO public.quiz_answers (question_id, answer_order, answer_text_en, answer_text_fr, answer_text_es, is_correct) VALUES ('1bbf5433-4206-40ed-be31-51cfc75b5558', 3, 'Metal mesh 50 micron', 'Metal 50 microns', 'Metal 50 micras', false);
INSERT INTO public.quiz_answers (question_id, answer_order, answer_text_en, answer_text_fr, answer_text_es, is_correct) VALUES ('1bbf5433-4206-40ed-be31-51cfc75b5558', 4, 'No filter needed', 'Pas de filtre', 'Sin filtro', false);
INSERT INTO public.quiz_questions (id, quiz_id, question_order, question_text_en, question_text_fr, question_text_es, question_type, explanation_en, explanation_fr, explanation_es) VALUES ('9ae0b989-78a9-4060-bff5-c0880774110b', '850ccae0-845d-4d47-87e1-5ea201824d3c', 3, 'What is the target viscosity for waterborne basecoat?', 'Viscosite cible?', 'Viscosidad objetivo?', 'multiple-choice', '23-28 seconds using DIN4 cup.', '23-28 secondes DIN4.', '23-28 segundos DIN4.');
INSERT INTO public.quiz_answers (question_id, answer_order, answer_text_en, answer_text_fr, answer_text_es, is_correct) VALUES ('9ae0b989-78a9-4060-bff5-c0880774110b', 1, '23-28 seconds DIN4', '23-28 secondes DIN4', '23-28 segundos DIN4', true);
INSERT INTO public.quiz_answers (question_id, answer_order, answer_text_en, answer_text_fr, answer_text_es, is_correct) VALUES ('9ae0b989-78a9-4060-bff5-c0880774110b', 2, '15-20 seconds', '15-20 secondes', '15-20 segundos', false);
INSERT INTO public.quiz_answers (question_id, answer_order, answer_text_en, answer_text_fr, answer_text_es, is_correct) VALUES ('9ae0b989-78a9-4060-bff5-c0880774110b', 3, '30-40 seconds', '30-40 secondes', '30-40 segundos', false);
INSERT INTO public.quiz_answers (question_id, answer_order, answer_text_en, answer_text_fr, answer_text_es, is_correct) VALUES ('9ae0b989-78a9-4060-bff5-c0880774110b', 4, '10-15 seconds', '10-15 secondes', '10-15 segundos', false);
INSERT INTO public.quiz_questions (id, quiz_id, question_order, question_text_en, question_text_fr, question_text_es, question_type, explanation_en, explanation_fr, explanation_es) VALUES ('fbebe403-fcd1-4761-abc4-bfac7a6bfc1d', '850ccae0-845d-4d47-87e1-5ea201824d3c', 4, 'How should mixed Envirobase color be treated before application?', 'Preparation avant application?', 'Preparacion antes de aplicar?', 'multiple-choice', 'Thoroughly hand-stirred. If not used immediately, hand-stir again.', 'Bien remuer a la main.', 'Revolver bien a mano.');
INSERT INTO public.quiz_answers (question_id, answer_order, answer_text_en, answer_text_fr, answer_text_es, is_correct) VALUES ('fbebe403-fcd1-4761-abc4-bfac7a6bfc1d', 1, 'Hand-stir thoroughly before use', 'Remuer a la main', 'Revolver a mano', true);
INSERT INTO public.quiz_answers (question_id, answer_order, answer_text_en, answer_text_fr, answer_text_es, is_correct) VALUES ('fbebe403-fcd1-4761-abc4-bfac7a6bfc1d', 2, 'Shake vigorously', 'Agiter vigoureusement', 'Agitar vigorosamente', false);
INSERT INTO public.quiz_answers (question_id, answer_order, answer_text_en, answer_text_fr, answer_text_es, is_correct) VALUES ('fbebe403-fcd1-4761-abc4-bfac7a6bfc1d', 3, 'Use mechanical stirrer', 'Agitateur mecanique', 'Agitador mecanico', false);
INSERT INTO public.quiz_answers (question_id, answer_order, answer_text_en, answer_text_fr, answer_text_es, is_correct) VALUES ('fbebe403-fcd1-4761-abc4-bfac7a6bfc1d', 4, 'No stirring needed', 'Pas de melange', 'Sin mezcla', false);
INSERT INTO public.quiz_questions (id, quiz_id, question_order, question_text_en, question_text_fr, question_text_es, question_type, explanation_en, explanation_fr, explanation_es) VALUES ('893da43d-b7c5-48e9-9888-89affa80a508', '850ccae0-845d-4d47-87e1-5ea201824d3c', 5, 'What sanding grit is used before applying Envirobase over original finish?', 'Grain avant Envirobase?', 'Grano antes de Envirobase?', 'multiple-choice', 'P800-P1200 wet or P600-P800 dry.', 'P800-P1200 humide ou P600-P800 sec.', 'P800-P1200 humedo o P600-P800 seco.');
INSERT INTO public.quiz_answers (question_id, answer_order, answer_text_en, answer_text_fr, answer_text_es, is_correct) VALUES ('893da43d-b7c5-48e9-9888-89affa80a508', 1, 'P800-P1200 wet or P600-P800 dry', 'P800-P1200 humide ou P600-P800 sec', 'P800-P1200 humedo o P600-P800 seco', true);
INSERT INTO public.quiz_answers (question_id, answer_order, answer_text_en, answer_text_fr, answer_text_es, is_correct) VALUES ('893da43d-b7c5-48e9-9888-89affa80a508', 2, 'P80-P120', 'P80-P120', 'P80-P120', false);
INSERT INTO public.quiz_answers (question_id, answer_order, answer_text_en, answer_text_fr, answer_text_es, is_correct) VALUES ('893da43d-b7c5-48e9-9888-89affa80a508', 3, 'P320-P400', 'P320-P400', 'P320-P400', false);
INSERT INTO public.quiz_answers (question_id, answer_order, answer_text_en, answer_text_fr, answer_text_es, is_correct) VALUES ('893da43d-b7c5-48e9-9888-89affa80a508', 4, 'P2000-P3000', 'P2000-P3000', 'P2000-P3000', false);
INSERT INTO public.quiz_questions (id, quiz_id, question_order, question_text_en, question_text_fr, question_text_es, question_type, explanation_en, explanation_fr, explanation_es) VALUES ('66cc14a9-8212-4623-ad44-1f0282eac6ef', '850ccae0-845d-4d47-87e1-5ea201824d3c', 6, 'How many coverage coats should be applied for waterborne basecoat?', 'Nombre de couches de couverture?', 'Cuantas capas de cobertura?', 'multiple-choice', '2-3 color coats (or as indicated by sprayout card).', '2-3 couches.', '2-3 capas.');
INSERT INTO public.quiz_answers (question_id, answer_order, answer_text_en, answer_text_fr, answer_text_es, is_correct) VALUES ('66cc14a9-8212-4623-ad44-1f0282eac6ef', 1, '2-3 coats', '2-3 couches', '2-3 capas', true);
INSERT INTO public.quiz_answers (question_id, answer_order, answer_text_en, answer_text_fr, answer_text_es, is_correct) VALUES ('66cc14a9-8212-4623-ad44-1f0282eac6ef', 2, '1 coat', '1 couche', '1 capa', false);
INSERT INTO public.quiz_answers (question_id, answer_order, answer_text_en, answer_text_fr, answer_text_es, is_correct) VALUES ('66cc14a9-8212-4623-ad44-1f0282eac6ef', 3, '5-6 coats', '5-6 couches', '5-6 capas', false);
INSERT INTO public.quiz_answers (question_id, answer_order, answer_text_en, answer_text_fr, answer_text_es, is_correct) VALUES ('66cc14a9-8212-4623-ad44-1f0282eac6ef', 4, 'As many as possible', 'Le plus possible', 'Lo mas posible', false);
INSERT INTO public.quiz_questions (id, quiz_id, question_order, question_text_en, question_text_fr, question_text_es, question_type, explanation_en, explanation_fr, explanation_es) VALUES ('6f50166f-007a-4821-ab12-c1a256ebde7a', '850ccae0-845d-4d47-87e1-5ea201824d3c', 7, 'What should each basecoat coat be dehydrated to?', 'Secher chaque couche a quel point?', 'Secar cada capa hasta que punto?', 'multiple-choice', 'Until uniformly dull.', 'Uniformement mat.', 'Uniformemente opaco.');
INSERT INTO public.quiz_answers (question_id, answer_order, answer_text_en, answer_text_fr, answer_text_es, is_correct) VALUES ('6f50166f-007a-4821-ab12-c1a256ebde7a', 1, 'Uniformly dull appearance', 'Uniformement mat', 'Uniformemente opaco', true);
INSERT INTO public.quiz_answers (question_id, answer_order, answer_text_en, answer_text_fr, answer_text_es, is_correct) VALUES ('6f50166f-007a-4821-ab12-c1a256ebde7a', 2, 'Glossy and wet', 'Brillant et humide', 'Brillante y humedo', false);
INSERT INTO public.quiz_answers (question_id, answer_order, answer_text_en, answer_text_fr, answer_text_es, is_correct) VALUES ('6f50166f-007a-4821-ab12-c1a256ebde7a', 3, 'Slightly tacky', 'Legerement collant', 'Ligeramente pegajoso', false);
INSERT INTO public.quiz_answers (question_id, answer_order, answer_text_en, answer_text_fr, answer_text_es, is_correct) VALUES ('6f50166f-007a-4821-ab12-c1a256ebde7a', 4, 'Completely dry/hard', 'Completement sec', 'Completamente seco', false);
INSERT INTO public.quiz_questions (id, quiz_id, question_order, question_text_en, question_text_fr, question_text_es, question_type, explanation_en, explanation_fr, explanation_es) VALUES ('738c51bb-13f6-4f5d-91c6-866f71799042', '850ccae0-845d-4d47-87e1-5ea201824d3c', 8, 'What grit is used if de-nibbing basecoat is needed?', 'Grain pour de-nibbing?', 'Grano para de-nibbing?', 'multiple-choice', '800-1500 dry. Do NOT use water or solvent as lubricant.', '800-1500 sec, PAS d''''eau/solvant.', '800-1500 seco, NO agua/solvente.');
INSERT INTO public.quiz_answers (question_id, answer_order, answer_text_en, answer_text_fr, answer_text_es, is_correct) VALUES ('738c51bb-13f6-4f5d-91c6-866f71799042', 1, '800-1500 dry, no water or solvent', '800-1500 sec, pas d''''eau', '800-1500 seco, sin agua', true);
INSERT INTO public.quiz_answers (question_id, answer_order, answer_text_en, answer_text_fr, answer_text_es, is_correct) VALUES ('738c51bb-13f6-4f5d-91c6-866f71799042', 2, '400 wet', '400 humide', '400 humedo', false);
INSERT INTO public.quiz_answers (question_id, answer_order, answer_text_en, answer_text_fr, answer_text_es, is_correct) VALUES ('738c51bb-13f6-4f5d-91c6-866f71799042', 3, '2000-3000 wet', '2000-3000 humide', '2000-3000 humedo', false);
INSERT INTO public.quiz_answers (question_id, answer_order, answer_text_en, answer_text_fr, answer_text_es, is_correct) VALUES ('738c51bb-13f6-4f5d-91c6-866f71799042', 4, '320 dry', '320 sec', '320 seco', false);
INSERT INTO public.quiz_questions (id, quiz_id, question_order, question_text_en, question_text_fr, question_text_es, question_type, explanation_en, explanation_fr, explanation_es) VALUES ('22cc8358-ad31-4916-8bba-140b1e2244aa', '850ccae0-845d-4d47-87e1-5ea201824d3c', 9, 'How are control coats applied for metallics?', 'Comment appliquer les couches de controle?', 'Como aplicar las capas de control?', 'multiple-choice', 'Lowered pressure, increased distance, 85-90% overlap.', 'Pression reduite, distance accrue, 85-90% chevauchement.', 'Presion reducida, distancia aumentada, 85-90% solapamiento.');
INSERT INTO public.quiz_answers (question_id, answer_order, answer_text_en, answer_text_fr, answer_text_es, is_correct) VALUES ('22cc8358-ad31-4916-8bba-140b1e2244aa', 1, 'Lowered pressure, increased distance, 85-90% overlap', 'Pression reduite, distance accrue, 85-90%', 'Presion reducida, distancia, 85-90%', true);
INSERT INTO public.quiz_answers (question_id, answer_order, answer_text_en, answer_text_fr, answer_text_es, is_correct) VALUES ('22cc8358-ad31-4916-8bba-140b1e2244aa', 2, 'Same settings as coverage coats', 'Memes reglages', 'Mismos ajustes', false);
INSERT INTO public.quiz_answers (question_id, answer_order, answer_text_en, answer_text_fr, answer_text_es, is_correct) VALUES ('22cc8358-ad31-4916-8bba-140b1e2244aa', 3, 'Higher pressure, closer distance', 'Haute pression, plus pres', 'Alta presion, mas cerca', false);
INSERT INTO public.quiz_answers (question_id, answer_order, answer_text_en, answer_text_fr, answer_text_es, is_correct) VALUES ('22cc8358-ad31-4916-8bba-140b1e2244aa', 4, 'One quick pass only', 'Un passage rapide', 'Una pasada rapida', false);

INSERT INTO public.quizzes (id, slug, title_en, title_fr, title_es, description_en, description_fr, description_es, quiz_type, passing_score, icon, is_active) VALUES ('94f9468a-fd6c-455a-9bfd-273f8b52df18', 'ppg-surface-prep-metal', 'Metal Surface Preparation', 'Preparation des surfaces metalliques', 'Preparacion de superficies metalicas', 'Test your knowledge of steel and aluminum preparation procedures.', 'Preparation metal.', 'Preparacion metal.', 'skill-check', 70, '🔧', true);
INSERT INTO public.quiz_questions (id, quiz_id, question_order, question_text_en, question_text_fr, question_text_es, question_type, explanation_en, explanation_fr, explanation_es) VALUES ('4375ae3c-ce24-4cf3-8dfa-0c44917017fa', '94f9468a-fd6c-455a-9bfd-273f8b52df18', 1, 'Why never use same sandpaper on steel and aluminum?', 'Pourquoi pas le meme papier?', 'Por que no usar mismo papel?', 'multiple-choice', 'Galvanic corrosion from cross-contamination of metal particles.', 'Corrosion galvanique.', 'Corrosion galvanica.');
INSERT INTO public.quiz_answers (question_id, answer_order, answer_text_en, answer_text_fr, answer_text_es, is_correct) VALUES ('4375ae3c-ce24-4cf3-8dfa-0c44917017fa', 1, 'Galvanic corrosion from cross-contamination', 'Corrosion galvanique', 'Corrosion galvanica', true);
INSERT INTO public.quiz_answers (question_id, answer_order, answer_text_en, answer_text_fr, answer_text_es, is_correct) VALUES ('4375ae3c-ce24-4cf3-8dfa-0c44917017fa', 2, 'Dulls paper too fast', 'Emousse le papier', 'Desgasta el papel', false);
INSERT INTO public.quiz_answers (question_id, answer_order, answer_text_en, answer_text_fr, answer_text_es, is_correct) VALUES ('4375ae3c-ce24-4cf3-8dfa-0c44917017fa', 3, 'Different grits needed', 'Grains differents', 'Granos diferentes', false);
INSERT INTO public.quiz_answers (question_id, answer_order, answer_text_en, answer_text_fr, answer_text_es, is_correct) VALUES ('4375ae3c-ce24-4cf3-8dfa-0c44917017fa', 4, 'Voids warranty', 'Annule garantie', 'Anula garantia', false);
INSERT INTO public.quiz_questions (id, quiz_id, question_order, question_text_en, question_text_fr, question_text_es, question_type, explanation_en, explanation_fr, explanation_es) VALUES ('3dea77f2-125d-4c00-b28f-15572aa52846', '94f9468a-fd6c-455a-9bfd-273f8b52df18', 2, 'How fast can oxidation form on exposed aluminum?', 'Vitesse d''''oxydation aluminium?', 'Velocidad de oxidacion aluminio?', 'multiple-choice', 'As little as 15 minutes.', '15 minutes.', '15 minutos.');
INSERT INTO public.quiz_answers (question_id, answer_order, answer_text_en, answer_text_fr, answer_text_es, is_correct) VALUES ('3dea77f2-125d-4c00-b28f-15572aa52846', 1, '15 minutes', '15 minutes', '15 minutos', true);
INSERT INTO public.quiz_answers (question_id, answer_order, answer_text_en, answer_text_fr, answer_text_es, is_correct) VALUES ('3dea77f2-125d-4c00-b28f-15572aa52846', 2, '1 hour', '1 heure', '1 hora', false);
INSERT INTO public.quiz_answers (question_id, answer_order, answer_text_en, answer_text_fr, answer_text_es, is_correct) VALUES ('3dea77f2-125d-4c00-b28f-15572aa52846', 3, '24 hours', '24 heures', '24 horas', false);
INSERT INTO public.quiz_answers (question_id, answer_order, answer_text_en, answer_text_fr, answer_text_es, is_correct) VALUES ('3dea77f2-125d-4c00-b28f-15572aa52846', 4, '4 hours', '4 heures', '4 horas', false);
INSERT INTO public.quiz_questions (id, quiz_id, question_order, question_text_en, question_text_fr, question_text_es, question_type, explanation_en, explanation_fr, explanation_es) VALUES ('421ae31b-ca91-4766-a581-a70268b45b26', '94f9468a-fd6c-455a-9bfd-273f8b52df18', 3, 'DA sander grit for bare aluminum prep?', 'Grain DA pour aluminium?', 'Grano DA para aluminio?', 'multiple-choice', '120-180 grit with interface pad.', '120-180 avec patin.', '120-180 con interfaz.');
INSERT INTO public.quiz_answers (question_id, answer_order, answer_text_en, answer_text_fr, answer_text_es, is_correct) VALUES ('421ae31b-ca91-4766-a581-a70268b45b26', 1, '120-180 grit', '120-180', '120-180', true);
INSERT INTO public.quiz_answers (question_id, answer_order, answer_text_en, answer_text_fr, answer_text_es, is_correct) VALUES ('421ae31b-ca91-4766-a581-a70268b45b26', 2, '80-120', '80-120', '80-120', false);
INSERT INTO public.quiz_answers (question_id, answer_order, answer_text_en, answer_text_fr, answer_text_es, is_correct) VALUES ('421ae31b-ca91-4766-a581-a70268b45b26', 3, '320-400', '320-400', '320-400', false);
INSERT INTO public.quiz_answers (question_id, answer_order, answer_text_en, answer_text_fr, answer_text_es, is_correct) VALUES ('421ae31b-ca91-4766-a581-a70268b45b26', 4, '600-800', '600-800', '600-800', false);
INSERT INTO public.quiz_questions (id, quiz_id, question_order, question_text_en, question_text_fr, question_text_es, question_type, explanation_en, explanation_fr, explanation_es) VALUES ('a3ecb8dc-f6c3-4458-816e-7f1e2ffed077', '94f9468a-fd6c-455a-9bfd-273f8b52df18', 4, 'First step cleaning bare metal per PPG?', 'Premiere etape nettoyage?', 'Primer paso limpieza?', 'multiple-choice', 'Solvent-based wax and grease remover, then waterborne pre-cleaner.', 'Degraissant solvant, puis nettoyant eau.', 'Desengrasante solvente, luego limpiador agua.');
INSERT INTO public.quiz_answers (question_id, answer_order, answer_text_en, answer_text_fr, answer_text_es, is_correct) VALUES ('a3ecb8dc-f6c3-4458-816e-7f1e2ffed077', 1, 'Wax/grease remover then waterborne pre-cleaner', 'Degraissant puis nettoyant eau', 'Desengrasante luego limpiador agua', true);
INSERT INTO public.quiz_answers (question_id, answer_order, answer_text_en, answer_text_fr, answer_text_es, is_correct) VALUES ('a3ecb8dc-f6c3-4458-816e-7f1e2ffed077', 2, 'Soap and water only', 'Eau et savon', 'Agua y jabon', false);
INSERT INTO public.quiz_answers (question_id, answer_order, answer_text_en, answer_text_fr, answer_text_es, is_correct) VALUES ('a3ecb8dc-f6c3-4458-816e-7f1e2ffed077', 3, 'Acetone', 'Acetone', 'Acetona', false);
INSERT INTO public.quiz_answers (question_id, answer_order, answer_text_en, answer_text_fr, answer_text_es, is_correct) VALUES ('a3ecb8dc-f6c3-4458-816e-7f1e2ffed077', 4, 'Waterborne first, then solvent', 'Eau d''''abord', 'Agua primero', false);
INSERT INTO public.quiz_questions (id, quiz_id, question_order, question_text_en, question_text_fr, question_text_es, question_type, explanation_en, explanation_fr, explanation_es) VALUES ('bd12955f-0c95-4043-9801-f08c9bd57cd5', '94f9468a-fd6c-455a-9bfd-273f8b52df18', 5, 'When must bare steel be primed?', 'Quand appliquer l''''appret sur acier?', 'Cuando imprimar acero?', 'multiple-choice', 'Immediately after sanding and cleaning.', 'Immediatement.', 'Inmediatamente.');
INSERT INTO public.quiz_answers (question_id, answer_order, answer_text_en, answer_text_fr, answer_text_es, is_correct) VALUES ('bd12955f-0c95-4043-9801-f08c9bd57cd5', 1, 'Immediately after sanding and cleaning', 'Immediatement', 'Inmediatamente', true);
INSERT INTO public.quiz_answers (question_id, answer_order, answer_text_en, answer_text_fr, answer_text_es, is_correct) VALUES ('bd12955f-0c95-4043-9801-f08c9bd57cd5', 2, 'Within 8 hours', '8 heures', '8 horas', false);
INSERT INTO public.quiz_answers (question_id, answer_order, answer_text_en, answer_text_fr, answer_text_es, is_correct) VALUES ('bd12955f-0c95-4043-9801-f08c9bd57cd5', 3, 'Within 24 hours', '24 heures', '24 horas', false);
INSERT INTO public.quiz_answers (question_id, answer_order, answer_text_en, answer_text_fr, answer_text_es, is_correct) VALUES ('bd12955f-0c95-4043-9801-f08c9bd57cd5', 4, 'Next day', 'Lendemain', 'Dia siguiente', false);
INSERT INTO public.quiz_questions (id, quiz_id, question_order, question_text_en, question_text_fr, question_text_es, question_type, explanation_en, explanation_fr, explanation_es) VALUES ('4e290bc9-8f27-438e-815f-f55f1f7c2a41', '94f9468a-fd6c-455a-9bfd-273f8b52df18', 6, 'What is SX533 used for?', 'Utilisation SX533?', 'Uso SX533?', 'multiple-choice', 'Phosphoric acid cleaner/brightener/conditioner for aluminum.', 'Nettoyant acide phosphorique aluminium.', 'Limpiador acido fosforico aluminio.');
INSERT INTO public.quiz_answers (question_id, answer_order, answer_text_en, answer_text_fr, answer_text_es, is_correct) VALUES ('4e290bc9-8f27-438e-815f-f55f1f7c2a41', 1, 'Phosphoric acid cleaner for aluminum', 'Nettoyant acide phosphorique aluminium', 'Limpiador acido fosforico aluminio', true);
INSERT INTO public.quiz_answers (question_id, answer_order, answer_text_en, answer_text_fr, answer_text_es, is_correct) VALUES ('4e290bc9-8f27-438e-815f-f55f1f7c2a41', 2, 'Steel rust converter', 'Convertisseur rouille', 'Convertidor oxido', false);
INSERT INTO public.quiz_answers (question_id, answer_order, answer_text_en, answer_text_fr, answer_text_es, is_correct) VALUES ('4e290bc9-8f27-438e-815f-f55f1f7c2a41', 3, 'Final paint cleaner', 'Nettoyant final', 'Limpiador final', false);
INSERT INTO public.quiz_answers (question_id, answer_order, answer_text_en, answer_text_fr, answer_text_es, is_correct) VALUES ('4e290bc9-8f27-438e-815f-f55f1f7c2a41', 4, 'Plastic promoter', 'Promoteur plastique', 'Promotor plastico', false);
INSERT INTO public.quiz_questions (id, quiz_id, question_order, question_text_en, question_text_fr, question_text_es, question_type, explanation_en, explanation_fr, explanation_es) VALUES ('a30c70db-ec91-4cd0-be8d-7d6a4ab1e3ac', '94f9468a-fd6c-455a-9bfd-273f8b52df18', 7, 'What does SX503 do after SX533 cleaning?', 'Role SX503 apres SX533?', 'Funcion SX503 despues de SX533?', 'multiple-choice', 'Forms chrome conversion layer on aluminum.', 'Couche de conversion chrome.', 'Capa de conversion de cromo.');
INSERT INTO public.quiz_answers (question_id, answer_order, answer_text_en, answer_text_fr, answer_text_es, is_correct) VALUES ('a30c70db-ec91-4cd0-be8d-7d6a4ab1e3ac', 1, 'Forms chrome conversion layer', 'Couche conversion chrome', 'Capa conversion cromo', true);
INSERT INTO public.quiz_answers (question_id, answer_order, answer_text_en, answer_text_fr, answer_text_es, is_correct) VALUES ('a30c70db-ec91-4cd0-be8d-7d6a4ab1e3ac', 2, 'Removes oxidation from steel', 'Retire oxydation acier', 'Remueve oxidacion acero', false);
INSERT INTO public.quiz_answers (question_id, answer_order, answer_text_en, answer_text_fr, answer_text_es, is_correct) VALUES ('a30c70db-ec91-4cd0-be8d-7d6a4ab1e3ac', 3, 'Adhesion promoter for plastic', 'Promoteur plastique', 'Promotor plastico', false);
INSERT INTO public.quiz_answers (question_id, answer_order, answer_text_en, answer_text_fr, answer_text_es, is_correct) VALUES ('a30c70db-ec91-4cd0-be8d-7d6a4ab1e3ac', 4, 'Etches surface for primer', 'Mord la surface', 'Graba la superficie', false);
INSERT INTO public.quiz_questions (id, quiz_id, question_order, question_text_en, question_text_fr, question_text_es, question_type, explanation_en, explanation_fr, explanation_es) VALUES ('1a8f8cab-1c9a-4d42-b7de-76377b3e37b0', '94f9468a-fd6c-455a-9bfd-273f8b52df18', 8, 'What grit for initial body repair prep sand (PD-0100)?', 'Grain pour preparation initiale?', 'Grano para preparacion inicial?', 'multiple-choice', 'P80 grit, removing paint beyond damage by 2-4 inches.', 'P80, retirer peinture 2-4 pouces au-dela.', 'P80, remover pintura 2-4 pulgadas mas alla.');
INSERT INTO public.quiz_answers (question_id, answer_order, answer_text_en, answer_text_fr, answer_text_es, is_correct) VALUES ('1a8f8cab-1c9a-4d42-b7de-76377b3e37b0', 1, 'P80 grit', 'P80', 'P80', true);
INSERT INTO public.quiz_answers (question_id, answer_order, answer_text_en, answer_text_fr, answer_text_es, is_correct) VALUES ('1a8f8cab-1c9a-4d42-b7de-76377b3e37b0', 2, 'P180', 'P180', 'P180', false);
INSERT INTO public.quiz_answers (question_id, answer_order, answer_text_en, answer_text_fr, answer_text_es, is_correct) VALUES ('1a8f8cab-1c9a-4d42-b7de-76377b3e37b0', 3, 'P320', 'P320', 'P320', false);
INSERT INTO public.quiz_answers (question_id, answer_order, answer_text_en, answer_text_fr, answer_text_es, is_correct) VALUES ('1a8f8cab-1c9a-4d42-b7de-76377b3e37b0', 4, 'P400', 'P400', 'P400', false);
INSERT INTO public.quiz_questions (id, quiz_id, question_order, question_text_en, question_text_fr, question_text_es, question_type, explanation_en, explanation_fr, explanation_es) VALUES ('dadea078-9f70-4e26-b64a-31853548e304', '94f9468a-fd6c-455a-9bfd-273f8b52df18', 9, 'How should aluminum be cleaned per PD-0115A before priming?', 'Nettoyage aluminium PD-0115A?', 'Limpieza aluminio PD-0115A?', 'multiple-choice', 'Solvent wax/grease remover first, then waterborne pre-cleaner.', 'Solvant, puis nettoyant eau.', 'Solvente, luego limpiador agua.');
INSERT INTO public.quiz_answers (question_id, answer_order, answer_text_en, answer_text_fr, answer_text_es, is_correct) VALUES ('dadea078-9f70-4e26-b64a-31853548e304', 1, 'Solvent remover, then waterborne pre-cleaner', 'Solvant puis eau', 'Solvente luego agua', true);
INSERT INTO public.quiz_answers (question_id, answer_order, answer_text_en, answer_text_fr, answer_text_es, is_correct) VALUES ('dadea078-9f70-4e26-b64a-31853548e304', 2, 'Water only', 'Eau seulement', 'Solo agua', false);
INSERT INTO public.quiz_answers (question_id, answer_order, answer_text_en, answer_text_fr, answer_text_es, is_correct) VALUES ('dadea078-9f70-4e26-b64a-31853548e304', 3, 'Acetone only', 'Acetone seulement', 'Solo acetona', false);
INSERT INTO public.quiz_answers (question_id, answer_order, answer_text_en, answer_text_fr, answer_text_es, is_correct) VALUES ('dadea078-9f70-4e26-b64a-31853548e304', 4, 'No cleaning needed if freshly sanded', 'Pas de nettoyage si frais', 'Sin limpieza si fresco', false);

INSERT INTO public.quizzes (id, slug, title_en, title_fr, title_es, description_en, description_fr, description_es, quiz_type, passing_score, icon, is_active) VALUES ('b44b2712-a317-4023-b135-4ecff7c5e99b', 'ppg-surface-prep-plastic', 'Plastic Surface Preparation', 'Preparation des surfaces plastiques', 'Preparacion de superficies plasticas', 'Test your knowledge of plastic preparation procedures.', 'Preparation plastique.', 'Preparacion plastico.', 'skill-check', 70, '🧪', true);
INSERT INTO public.quiz_questions (id, quiz_id, question_order, question_text_en, question_text_fr, question_text_es, question_type, explanation_en, explanation_fr, explanation_es) VALUES ('055477bb-3d63-44f2-8365-e8b1dc915d06', 'b44b2712-a317-4023-b135-4ecff7c5e99b', 1, 'What product is used for the initial clean and scuff of bare plastic?', 'Produit pour nettoyage initial plastique?', 'Producto para limpieza inicial de plastico?', 'multiple-choice', 'SU4901 Clean and Scuff Sponge.', 'SU4901.', 'SU4901.');
INSERT INTO public.quiz_answers (question_id, answer_order, answer_text_en, answer_text_fr, answer_text_es, is_correct) VALUES ('055477bb-3d63-44f2-8365-e8b1dc915d06', 1, 'SU4901 Clean and Scuff Sponge', 'SU4901', 'SU4901', true);
INSERT INTO public.quiz_answers (question_id, answer_order, answer_text_en, answer_text_fr, answer_text_es, is_correct) VALUES ('055477bb-3d63-44f2-8365-e8b1dc915d06', 2, 'Red scuff pad', 'Tampon rouge', 'Esponja roja', false);
INSERT INTO public.quiz_answers (question_id, answer_order, answer_text_en, answer_text_fr, answer_text_es, is_correct) VALUES ('055477bb-3d63-44f2-8365-e8b1dc915d06', 3, 'P320 sandpaper', 'Papier P320', 'Lija P320', false);
INSERT INTO public.quiz_answers (question_id, answer_order, answer_text_en, answer_text_fr, answer_text_es, is_correct) VALUES ('055477bb-3d63-44f2-8365-e8b1dc915d06', 4, 'Steel wool', 'Laine d''''acier', 'Lana de acero', false);
INSERT INTO public.quiz_questions (id, quiz_id, question_order, question_text_en, question_text_fr, question_text_es, question_type, explanation_en, explanation_fr, explanation_es) VALUES ('fe463bb1-86d3-4d95-8e17-bb40489feb84', 'b44b2712-a317-4023-b135-4ecff7c5e99b', 2, 'How many SU4901 sponges per full-size bumper?', 'Nombre d''''eponges par pare-chocs?', 'Cuantas esponjas por parachoques?', 'multiple-choice', 'One package per full-size bumper.', 'Un paquet.', 'Un paquete.');
INSERT INTO public.quiz_answers (question_id, answer_order, answer_text_en, answer_text_fr, answer_text_es, is_correct) VALUES ('fe463bb1-86d3-4d95-8e17-bb40489feb84', 1, 'One package', 'Un paquet', 'Un paquete', true);
INSERT INTO public.quiz_answers (question_id, answer_order, answer_text_en, answer_text_fr, answer_text_es, is_correct) VALUES ('fe463bb1-86d3-4d95-8e17-bb40489feb84', 2, 'Two packages', 'Deux paquets', 'Dos paquetes', false);
INSERT INTO public.quiz_answers (question_id, answer_order, answer_text_en, answer_text_fr, answer_text_es, is_correct) VALUES ('fe463bb1-86d3-4d95-8e17-bb40489feb84', 3, 'Half a package', 'Un demi paquet', 'Medio paquete', false);
INSERT INTO public.quiz_answers (question_id, answer_order, answer_text_en, answer_text_fr, answer_text_es, is_correct) VALUES ('fe463bb1-86d3-4d95-8e17-bb40489feb84', 4, 'Three packages', 'Trois paquets', 'Tres paquetes', false);
INSERT INTO public.quiz_questions (id, quiz_id, question_order, question_text_en, question_text_fr, question_text_es, question_type, explanation_en, explanation_fr, explanation_es) VALUES ('471e7b27-1053-4c5a-b37d-005552953e5c', 'b44b2712-a317-4023-b135-4ecff7c5e99b', 3, 'How do you verify the plastic is properly cleaned?', 'Verification nettoyage?', 'Verificacion limpieza?', 'multiple-choice', 'Water should sheet (run off) from surface. If it beads, repeat cleaning.', 'L''''eau doit s''''ecouler, si perles: repeter.', 'El agua debe escurrir, si forma gotas: repetir.');
INSERT INTO public.quiz_answers (question_id, answer_order, answer_text_en, answer_text_fr, answer_text_es, is_correct) VALUES ('471e7b27-1053-4c5a-b37d-005552953e5c', 1, 'Water sheets off - if it beads, repeat cleaning', 'Eau s''''ecoule, perles = repeter', 'Agua escurre, gotas = repetir', true);
INSERT INTO public.quiz_answers (question_id, answer_order, answer_text_en, answer_text_fr, answer_text_es, is_correct) VALUES ('471e7b27-1053-4c5a-b37d-005552953e5c', 2, 'Surface feels smooth to touch', 'Lisse au toucher', 'Suave al tacto', false);
INSERT INTO public.quiz_answers (question_id, answer_order, answer_text_en, answer_text_fr, answer_text_es, is_correct) VALUES ('471e7b27-1053-4c5a-b37d-005552953e5c', 3, 'No visible dirt', 'Pas de salete visible', 'Sin suciedad visible', false);
INSERT INTO public.quiz_answers (question_id, answer_order, answer_text_en, answer_text_fr, answer_text_es, is_correct) VALUES ('471e7b27-1053-4c5a-b37d-005552953e5c', 4, 'Passes tape test', 'Test du ruban adhesif', 'Prueba de cinta', false);
INSERT INTO public.quiz_questions (id, quiz_id, question_order, question_text_en, question_text_fr, question_text_es, question_type, explanation_en, explanation_fr, explanation_es) VALUES ('9bb3bea1-8e5f-4b55-b759-6ceabcb44c9b', 'b44b2712-a317-4023-b135-4ecff7c5e99b', 4, 'What adhesion promoter is used on bare plastic?', 'Promoteur d''''adherence plastique?', 'Promotor de adhesion plastico?', 'multiple-choice', 'SU470LV/SUA470.', 'SU470LV/SUA470.', 'SU470LV/SUA470.');
INSERT INTO public.quiz_answers (question_id, answer_order, answer_text_en, answer_text_fr, answer_text_es, is_correct) VALUES ('9bb3bea1-8e5f-4b55-b759-6ceabcb44c9b', 1, 'SU470LV/SUA470', 'SU470LV/SUA470', 'SU470LV/SUA470', true);
INSERT INTO public.quiz_answers (question_id, answer_order, answer_text_en, answer_text_fr, answer_text_es, is_correct) VALUES ('9bb3bea1-8e5f-4b55-b759-6ceabcb44c9b', 2, 'SX1071', 'SX1071', 'SX1071', false);
INSERT INTO public.quiz_answers (question_id, answer_order, answer_text_en, answer_text_fr, answer_text_es, is_correct) VALUES ('9bb3bea1-8e5f-4b55-b759-6ceabcb44c9b', 3, 'SLV814', 'SLV814', 'SLV814', false);
INSERT INTO public.quiz_answers (question_id, answer_order, answer_text_en, answer_text_fr, answer_text_es, is_correct) VALUES ('9bb3bea1-8e5f-4b55-b759-6ceabcb44c9b', 4, 'EPW115', 'EPW115', 'EPW115', false);
INSERT INTO public.quiz_questions (id, quiz_id, question_order, question_text_en, question_text_fr, question_text_es, question_type, explanation_en, explanation_fr, explanation_es) VALUES ('b5e84e9f-018e-441a-848f-bef7a8a43a66', 'b44b2712-a317-4023-b135-4ecff7c5e99b', 5, 'How long should adhesion promoter flash before next coat?', 'Temps de sechage promoteur?', 'Tiempo de secado promotor?', 'multiple-choice', '10 minutes at 70F or until completely matte.', '10 minutes ou completement mat.', '10 minutos o completamente mate.');
INSERT INTO public.quiz_answers (question_id, answer_order, answer_text_en, answer_text_fr, answer_text_es, is_correct) VALUES ('b5e84e9f-018e-441a-848f-bef7a8a43a66', 1, '10 minutes at 70F until matte', '10 minutes a 70F, mat', '10 minutos a 70F, mate', true);
INSERT INTO public.quiz_answers (question_id, answer_order, answer_text_en, answer_text_fr, answer_text_es, is_correct) VALUES ('b5e84e9f-018e-441a-848f-bef7a8a43a66', 2, '2 minutes', '2 minutes', '2 minutos', false);
INSERT INTO public.quiz_answers (question_id, answer_order, answer_text_en, answer_text_fr, answer_text_es, is_correct) VALUES ('b5e84e9f-018e-441a-848f-bef7a8a43a66', 3, '30 minutes', '30 minutes', '30 minutos', false);
INSERT INTO public.quiz_answers (question_id, answer_order, answer_text_en, answer_text_fr, answer_text_es, is_correct) VALUES ('b5e84e9f-018e-441a-848f-bef7a8a43a66', 4, 'No flash needed', 'Pas de sechage', 'Sin secado', false);
INSERT INTO public.quiz_questions (id, quiz_id, question_order, question_text_en, question_text_fr, question_text_es, question_type, explanation_en, explanation_fr, explanation_es) VALUES ('4982dded-5b1e-43e2-a2f5-edbd7fc1b9d2', 'b44b2712-a317-4023-b135-4ecff7c5e99b', 6, 'Can you apply waterborne basecoat directly over adhesion promoter?', 'Basecoat directement sur promoteur?', 'Base directamente sobre promotor?', 'multiple-choice', 'NO - do not directly topcoat with waterborne basecoat.', 'NON.', 'NO.');
INSERT INTO public.quiz_answers (question_id, answer_order, answer_text_en, answer_text_fr, answer_text_es, is_correct) VALUES ('4982dded-5b1e-43e2-a2f5-edbd7fc1b9d2', 1, 'No - never apply waterborne basecoat directly over adhesion promoter', 'Non - jamais', 'No - nunca', true);
INSERT INTO public.quiz_answers (question_id, answer_order, answer_text_en, answer_text_fr, answer_text_es, is_correct) VALUES ('4982dded-5b1e-43e2-a2f5-edbd7fc1b9d2', 2, 'Yes, always', 'Oui', 'Si', false);
INSERT INTO public.quiz_answers (question_id, answer_order, answer_text_en, answer_text_fr, answer_text_es, is_correct) VALUES ('4982dded-5b1e-43e2-a2f5-edbd7fc1b9d2', 3, 'Only if fully dry', 'Si completement sec', 'Si completamente seco', false);
INSERT INTO public.quiz_answers (question_id, answer_order, answer_text_en, answer_text_fr, answer_text_es, is_correct) VALUES ('4982dded-5b1e-43e2-a2f5-edbd7fc1b9d2', 4, 'Only with EPW115 first', 'Avec EPW115', 'Con EPW115', false);
INSERT INTO public.quiz_questions (id, quiz_id, question_order, question_text_en, question_text_fr, question_text_es, question_type, explanation_en, explanation_fr, explanation_es) VALUES ('2c27dadd-b018-4fd5-b9e7-2faffc078cea', 'b44b2712-a317-4023-b135-4ecff7c5e99b', 7, 'What must be applied over adhesion promoter before basecoat?', 'Quoi entre promoteur et basecoat?', 'Que entre promotor y base?', 'multiple-choice', 'Primer surfacer or primer sealer, then basecoat.', 'Mastic ou scellant, puis base.', 'Aparejo o sellador, luego base.');
INSERT INTO public.quiz_answers (question_id, answer_order, answer_text_en, answer_text_fr, answer_text_es, is_correct) VALUES ('2c27dadd-b018-4fd5-b9e7-2faffc078cea', 1, 'Primer surfacer or primer sealer', 'Mastic ou scellant', 'Aparejo o sellador', true);
INSERT INTO public.quiz_answers (question_id, answer_order, answer_text_en, answer_text_fr, answer_text_es, is_correct) VALUES ('2c27dadd-b018-4fd5-b9e7-2faffc078cea', 2, 'Nothing, basecoat goes direct', 'Rien, direct', 'Nada, directo', false);
INSERT INTO public.quiz_answers (question_id, answer_order, answer_text_en, answer_text_fr, answer_text_es, is_correct) VALUES ('2c27dadd-b018-4fd5-b9e7-2faffc078cea', 3, 'Clearcoat', 'Vernis', 'Barniz', false);
INSERT INTO public.quiz_answers (question_id, answer_order, answer_text_en, answer_text_fr, answer_text_es, is_correct) VALUES ('2c27dadd-b018-4fd5-b9e7-2faffc078cea', 4, 'Another coat of adhesion promoter', 'Autre couche promoteur', 'Otra capa promotor', false);
INSERT INTO public.quiz_questions (id, quiz_id, question_order, question_text_en, question_text_fr, question_text_es, question_type, explanation_en, explanation_fr, explanation_es) VALUES ('4cfd74c2-c5d6-4e72-ba65-561e75e5e063', 'b44b2712-a317-4023-b135-4ecff7c5e99b', 8, 'What is the first step for cleaning bare plastic?', 'Premiere etape nettoyage plastique?', 'Primer paso limpieza plastico?', 'multiple-choice', 'Water-based cleaner first to remove contamination.', 'Nettoyant a base d''''eau d''''abord.', 'Limpiador a base de agua primero.');
INSERT INTO public.quiz_answers (question_id, answer_order, answer_text_en, answer_text_fr, answer_text_es, is_correct) VALUES ('4cfd74c2-c5d6-4e72-ba65-561e75e5e063', 1, 'Water-based cleaner first', 'Nettoyant eau d''''abord', 'Limpiador agua primero', true);
INSERT INTO public.quiz_answers (question_id, answer_order, answer_text_en, answer_text_fr, answer_text_es, is_correct) VALUES ('4cfd74c2-c5d6-4e72-ba65-561e75e5e063', 2, 'Solvent cleaner first', 'Solvant d''''abord', 'Solvente primero', false);
INSERT INTO public.quiz_answers (question_id, answer_order, answer_text_en, answer_text_fr, answer_text_es, is_correct) VALUES ('4cfd74c2-c5d6-4e72-ba65-561e75e5e063', 3, 'Scuff sand first', 'Poncer d''''abord', 'Lijar primero', false);
INSERT INTO public.quiz_answers (question_id, answer_order, answer_text_en, answer_text_fr, answer_text_es, is_correct) VALUES ('4cfd74c2-c5d6-4e72-ba65-561e75e5e063', 4, 'Tack cloth first', 'Chiffon antistatique', 'Trapo antipolvo', false);

INSERT INTO public.quizzes (id, slug, title_en, title_fr, title_es, description_en, description_fr, description_es, quiz_type, passing_score, icon, is_active) VALUES ('b084af2d-9483-45e5-a657-f8981d18461f', 'ppg-blending-techniques', 'Blending Techniques', 'Techniques de fondu', 'Tecnicas de difuminado', 'Test your knowledge of basecoat and clearcoat blending.', 'Fondu.', 'Difuminado.', 'skill-check', 70, '🌊', true);
INSERT INTO public.quiz_questions (id, quiz_id, question_order, question_text_en, question_text_fr, question_text_es, question_type, explanation_en, explanation_fr, explanation_es) VALUES ('4aa5b233-4d0e-4275-8fb1-bb526dd9e495', 'b084af2d-9483-45e5-a657-f8981d18461f', 1, 'For spot repairs using blending, what should you always try to do?', 'Pour les reparations ponctuelles?', 'Para reparaciones puntuales?', 'multiple-choice', 'Keep the size of the color repair area as small as possible.', 'Garder la zone aussi petite que possible.', 'Mantener el area lo mas pequena posible.');
INSERT INTO public.quiz_answers (question_id, answer_order, answer_text_en, answer_text_fr, answer_text_es, is_correct) VALUES ('4aa5b233-4d0e-4275-8fb1-bb526dd9e495', 1, 'Keep repair area as small as possible', 'Zone aussi petite que possible', 'Area lo mas pequena posible', true);
INSERT INTO public.quiz_answers (question_id, answer_order, answer_text_en, answer_text_fr, answer_text_es, is_correct) VALUES ('4aa5b233-4d0e-4275-8fb1-bb526dd9e495', 2, 'Blend to the entire panel', 'Fondre tout le panneau', 'Difuminar todo el panel', false);
INSERT INTO public.quiz_answers (question_id, answer_order, answer_text_en, answer_text_fr, answer_text_es, is_correct) VALUES ('4aa5b233-4d0e-4275-8fb1-bb526dd9e495', 3, 'Use maximum coat coverage', 'Couverture maximale', 'Cobertura maxima', false);
INSERT INTO public.quiz_answers (question_id, answer_order, answer_text_en, answer_text_fr, answer_text_es, is_correct) VALUES ('4aa5b233-4d0e-4275-8fb1-bb526dd9e495', 4, 'Skip control coats', 'Sauter les couches de controle', 'Saltar capas de control', false);
INSERT INTO public.quiz_questions (id, quiz_id, question_order, question_text_en, question_text_fr, question_text_es, question_type, explanation_en, explanation_fr, explanation_es) VALUES ('0dd3227b-3155-472d-aa2c-8bbea9494468', 'b084af2d-9483-45e5-a657-f8981d18461f', 2, 'Is clearcoat blending recommended for warranty repairs?', 'Fondu vernis recommande pour garantie?', 'Difuminado de barniz recomendado para garantia?', 'multiple-choice', 'NO - clearcoat blending is not recommended for warranty/guarantee.', 'NON.', 'NO.');
INSERT INTO public.quiz_answers (question_id, answer_order, answer_text_en, answer_text_fr, answer_text_es, is_correct) VALUES ('0dd3227b-3155-472d-aa2c-8bbea9494468', 1, 'No - not recommended for warranty/guarantee repairs', 'Non - pas pour garantie', 'No - no para garantia', true);
INSERT INTO public.quiz_answers (question_id, answer_order, answer_text_en, answer_text_fr, answer_text_es, is_correct) VALUES ('0dd3227b-3155-472d-aa2c-8bbea9494468', 2, 'Yes, always recommended', 'Oui', 'Si', false);
INSERT INTO public.quiz_answers (question_id, answer_order, answer_text_en, answer_text_fr, answer_text_es, is_correct) VALUES ('0dd3227b-3155-472d-aa2c-8bbea9494468', 3, 'Only on horizontal panels', 'Panneaux horizontaux', 'Paneles horizontales', false);
INSERT INTO public.quiz_answers (question_id, answer_order, answer_text_en, answer_text_fr, answer_text_es, is_correct) VALUES ('0dd3227b-3155-472d-aa2c-8bbea9494468', 4, 'Only with EC800', 'Avec EC800', 'Con EC800', false);
INSERT INTO public.quiz_questions (id, quiz_id, question_order, question_text_en, question_text_fr, question_text_es, question_type, explanation_en, explanation_fr, explanation_es) VALUES ('e14c605c-dec6-4497-86cd-328388f500d1', 'b084af2d-9483-45e5-a657-f8981d18461f', 3, 'What should be applied to clearcoat edges during blending?', 'Quoi sur les bords du vernis?', 'Que en los bordes del barniz?', 'multiple-choice', 'Blending solvent by lightly misting with a second spray gun.', 'Solvant de fondu, vaporiser legerement.', 'Solvente de difuminado, rociar ligeramente.');
INSERT INTO public.quiz_answers (question_id, answer_order, answer_text_en, answer_text_fr, answer_text_es, is_correct) VALUES ('e14c605c-dec6-4497-86cd-328388f500d1', 1, 'Blending solvent by lightly misting with second gun', 'Solvant de fondu, second pistolet', 'Solvente de difuminado, segunda pistola', true);
INSERT INTO public.quiz_answers (question_id, answer_order, answer_text_en, answer_text_fr, answer_text_es, is_correct) VALUES ('e14c605c-dec6-4497-86cd-328388f500d1', 2, 'More clearcoat', 'Plus de vernis', 'Mas barniz', false);
INSERT INTO public.quiz_answers (question_id, answer_order, answer_text_en, answer_text_fr, answer_text_es, is_correct) VALUES ('e14c605c-dec6-4497-86cd-328388f500d1', 3, 'Reducer only', 'Diluant seulement', 'Reductor solo', false);
INSERT INTO public.quiz_answers (question_id, answer_order, answer_text_en, answer_text_fr, answer_text_es, is_correct) VALUES ('e14c605c-dec6-4497-86cd-328388f500d1', 4, 'Nothing', 'Rien', 'Nada', false);
INSERT INTO public.quiz_questions (id, quiz_id, question_order, question_text_en, question_text_fr, question_text_es, question_type, explanation_en, explanation_fr, explanation_es) VALUES ('c6ecfaff-977e-49e0-8390-7b2f43610651', 'b084af2d-9483-45e5-a657-f8981d18461f', 4, 'How should basecoat blending coats be applied?', 'Application des couches de fondu?', 'Aplicacion de capas de difuminado?', 'multiple-choice', 'Step out each color coat further than previous, creating invisible blend.', 'Chaque couche plus loin que la precedente.', 'Cada capa mas alla que la anterior.');
INSERT INTO public.quiz_answers (question_id, answer_order, answer_text_en, answer_text_fr, answer_text_es, is_correct) VALUES ('c6ecfaff-977e-49e0-8390-7b2f43610651', 1, 'Step each coat further out than previous', 'Chaque couche plus loin', 'Cada capa mas alla', true);
INSERT INTO public.quiz_answers (question_id, answer_order, answer_text_en, answer_text_fr, answer_text_es, is_correct) VALUES ('c6ecfaff-977e-49e0-8390-7b2f43610651', 2, 'Keep all coats same size', 'Meme taille', 'Mismo tamano', false);
INSERT INTO public.quiz_answers (question_id, answer_order, answer_text_en, answer_text_fr, answer_text_es, is_correct) VALUES ('c6ecfaff-977e-49e0-8390-7b2f43610651', 3, 'Get smaller with each coat', 'Plus petit a chaque couche', 'Mas pequeno cada capa', false);
INSERT INTO public.quiz_answers (question_id, answer_order, answer_text_en, answer_text_fr, answer_text_es, is_correct) VALUES ('c6ecfaff-977e-49e0-8390-7b2f43610651', 4, 'Random placement', 'Aleatoire', 'Aleatorio', false);
INSERT INTO public.quiz_questions (id, quiz_id, question_order, question_text_en, question_text_fr, question_text_es, question_type, explanation_en, explanation_fr, explanation_es) VALUES ('6634edb0-af88-4490-b557-6b78a8ff38f4', 'b084af2d-9483-45e5-a657-f8981d18461f', 5, 'What should you do after clearcoat blend edge is sufficiently dry?', 'Apres sechage du bord de fondu?', 'Despues de secado del borde?', 'multiple-choice', 'Polish lightly by hand, then by machine if needed.', 'Polir legerement a la main.', 'Pulir ligeramente a mano.');
INSERT INTO public.quiz_answers (question_id, answer_order, answer_text_en, answer_text_fr, answer_text_es, is_correct) VALUES ('6634edb0-af88-4490-b557-6b78a8ff38f4', 1, 'Polish lightly by hand', 'Polir a la main', 'Pulir a mano', true);
INSERT INTO public.quiz_answers (question_id, answer_order, answer_text_en, answer_text_fr, answer_text_es, is_correct) VALUES ('6634edb0-af88-4490-b557-6b78a8ff38f4', 2, 'Sand with P3000', 'Poncer P3000', 'Lijar P3000', false);
INSERT INTO public.quiz_answers (question_id, answer_order, answer_text_en, answer_text_fr, answer_text_es, is_correct) VALUES ('6634edb0-af88-4490-b557-6b78a8ff38f4', 3, 'Apply another coat of clear', 'Autre couche vernis', 'Otra capa barniz', false);
INSERT INTO public.quiz_answers (question_id, answer_order, answer_text_en, answer_text_fr, answer_text_es, is_correct) VALUES ('6634edb0-af88-4490-b557-6b78a8ff38f4', 4, 'Leave as is', 'Laisser tel quel', 'Dejar asi', false);
INSERT INTO public.quiz_questions (id, quiz_id, question_order, question_text_en, question_text_fr, question_text_es, question_type, explanation_en, explanation_fr, explanation_es) VALUES ('95002ea4-6eea-4870-a947-cd5e810ca544', 'b084af2d-9483-45e5-a657-f8981d18461f', 6, 'Which panels should clearcoat blending be avoided on?', 'Panneaux a eviter?', 'Paneles a evitar?', 'multiple-choice', 'Horizontal and upper vertical panels with significant sun exposure.', 'Horizontaux et verticaux avec soleil.', 'Horizontales y verticales con sol.');
INSERT INTO public.quiz_answers (question_id, answer_order, answer_text_en, answer_text_fr, answer_text_es, is_correct) VALUES ('95002ea4-6eea-4870-a947-cd5e810ca544', 1, 'Horizontal and upper vertical with sun exposure', 'Horizontaux/verticaux avec soleil', 'Horizontales/verticales con sol', true);
INSERT INTO public.quiz_answers (question_id, answer_order, answer_text_en, answer_text_fr, answer_text_es, is_correct) VALUES ('95002ea4-6eea-4870-a947-cd5e810ca544', 2, 'All panels', 'Tous les panneaux', 'Todos los paneles', false);
INSERT INTO public.quiz_answers (question_id, answer_order, answer_text_en, answer_text_fr, answer_text_es, is_correct) VALUES ('95002ea4-6eea-4870-a947-cd5e810ca544', 3, 'Only doors', 'Portes seulement', 'Solo puertas', false);
INSERT INTO public.quiz_answers (question_id, answer_order, answer_text_en, answer_text_fr, answer_text_es, is_correct) VALUES ('95002ea4-6eea-4870-a947-cd5e810ca544', 4, 'Only bumpers', 'Pare-chocs', 'Parachoques', false);
INSERT INTO public.quiz_questions (id, quiz_id, question_order, question_text_en, question_text_fr, question_text_es, question_type, explanation_en, explanation_fr, explanation_es) VALUES ('9e13736c-ef3d-4527-8fd0-32f2ddb3a910', 'b084af2d-9483-45e5-a657-f8981d18461f', 7, 'How should clearcoat blend second coat be applied relative to first?', 'Deuxieme couche vs premiere?', 'Segunda capa vs primera?', 'multiple-choice', 'Just slightly within the edge of the first coat.', 'Legerement a l''''interieur du bord.', 'Ligeramente dentro del borde.');
INSERT INTO public.quiz_answers (question_id, answer_order, answer_text_en, answer_text_fr, answer_text_es, is_correct) VALUES ('9e13736c-ef3d-4527-8fd0-32f2ddb3a910', 1, 'Slightly within the edge of first coat', 'A l''''interieur du bord', 'Dentro del borde', true);
INSERT INTO public.quiz_answers (question_id, answer_order, answer_text_en, answer_text_fr, answer_text_es, is_correct) VALUES ('9e13736c-ef3d-4527-8fd0-32f2ddb3a910', 2, 'Extending beyond the first coat', 'Au-dela', 'Mas alla', false);
INSERT INTO public.quiz_answers (question_id, answer_order, answer_text_en, answer_text_fr, answer_text_es, is_correct) VALUES ('9e13736c-ef3d-4527-8fd0-32f2ddb3a910', 3, 'Same exact location', 'Meme endroit', 'Mismo lugar', false);
INSERT INTO public.quiz_answers (question_id, answer_order, answer_text_en, answer_text_fr, answer_text_es, is_correct) VALUES ('9e13736c-ef3d-4527-8fd0-32f2ddb3a910', 4, 'Opposite direction', 'Direction opposee', 'Direccion opuesta', false);
INSERT INTO public.quiz_questions (id, quiz_id, question_order, question_text_en, question_text_fr, question_text_es, question_type, explanation_en, explanation_fr, explanation_es) VALUES ('335b57bd-b017-4ca5-8c8f-0cc9774a1416', 'b084af2d-9483-45e5-a657-f8981d18461f', 8, 'How should you prep the blend area before refinishing?', 'Preparation zone de fondu?', 'Preparacion zona de difuminado?', 'multiple-choice', 'Hand sand with gray or gold scuff pad and sanding paste just beyond clear edge.', 'Poncer a la main avec tampon et pate.', 'Lijar a mano con esponja y pasta.');
INSERT INTO public.quiz_answers (question_id, answer_order, answer_text_en, answer_text_fr, answer_text_es, is_correct) VALUES ('335b57bd-b017-4ca5-8c8f-0cc9774a1416', 1, 'Hand sand with scuff pad and sanding paste', 'Tampon et pate', 'Esponja y pasta', true);
INSERT INTO public.quiz_answers (question_id, answer_order, answer_text_en, answer_text_fr, answer_text_es, is_correct) VALUES ('335b57bd-b017-4ca5-8c8f-0cc9774a1416', 2, 'DA sand with P80', 'DA P80', 'DA P80', false);
INSERT INTO public.quiz_answers (question_id, answer_order, answer_text_en, answer_text_fr, answer_text_es, is_correct) VALUES ('335b57bd-b017-4ca5-8c8f-0cc9774a1416', 3, 'No prep needed', 'Pas de preparation', 'Sin preparacion', false);
INSERT INTO public.quiz_answers (question_id, answer_order, answer_text_en, answer_text_fr, answer_text_es, is_correct) VALUES ('335b57bd-b017-4ca5-8c8f-0cc9774a1416', 4, 'Wet sand with P2000', 'P2000 humide', 'P2000 humedo', false);

INSERT INTO public.quizzes (id, slug, title_en, title_fr, title_es, description_en, description_fr, description_es, quiz_type, passing_score, icon, is_active) VALUES ('51eb9f05-f4a3-4051-bf51-a396fbcb00a2', 'ppg-equipment-spray-guns', 'Equipment and Spray Guns', 'Equipement et pistolets', 'Equipo y pistolas', 'Test your knowledge of spray gun setup and settings.', 'Equipement.', 'Equipo.', 'product-knowledge', 70, '🔫', true);
INSERT INTO public.quiz_questions (id, quiz_id, question_order, question_text_en, question_text_fr, question_text_es, question_type, explanation_en, explanation_fr, explanation_es) VALUES ('6b4c18a2-1214-4abf-879d-932e166c7e5d', '51eb9f05-f4a3-4051-bf51-a396fbcb00a2', 1, 'What PSI is recommended for SUPERNOVA ENTECH coverage coat?', 'PSI SUPERNOVA ENTECH couverture?', 'PSI SUPERNOVA ENTECH cobertura?', 'multiple-choice', '22-26 PSI.', '22-26 PSI.', '22-26 PSI.');
INSERT INTO public.quiz_answers (question_id, answer_order, answer_text_en, answer_text_fr, answer_text_es, is_correct) VALUES ('6b4c18a2-1214-4abf-879d-932e166c7e5d', 1, '22-26 PSI', '22-26 PSI', '22-26 PSI', true);
INSERT INTO public.quiz_answers (question_id, answer_order, answer_text_en, answer_text_fr, answer_text_es, is_correct) VALUES ('6b4c18a2-1214-4abf-879d-932e166c7e5d', 2, '10-15 PSI', '10-15 PSI', '10-15 PSI', false);
INSERT INTO public.quiz_answers (question_id, answer_order, answer_text_en, answer_text_fr, answer_text_es, is_correct) VALUES ('6b4c18a2-1214-4abf-879d-932e166c7e5d', 3, '30-35 PSI', '30-35 PSI', '30-35 PSI', false);
INSERT INTO public.quiz_answers (question_id, answer_order, answer_text_en, answer_text_fr, answer_text_es, is_correct) VALUES ('6b4c18a2-1214-4abf-879d-932e166c7e5d', 4, '40-45 PSI', '40-45 PSI', '40-45 PSI', false);
INSERT INTO public.quiz_questions (id, quiz_id, question_order, question_text_en, question_text_fr, question_text_es, question_type, explanation_en, explanation_fr, explanation_es) VALUES ('4e5aa575-eb82-433b-b580-4e37124d5eb3', '51eb9f05-f4a3-4051-bf51-a396fbcb00a2', 2, 'What is SUPERNOVA ENTECH control coat pressure?', 'PSI controle SUPERNOVA?', 'PSI control SUPERNOVA?', 'multiple-choice', '17-19 PSI.', '17-19 PSI.', '17-19 PSI.');
INSERT INTO public.quiz_answers (question_id, answer_order, answer_text_en, answer_text_fr, answer_text_es, is_correct) VALUES ('4e5aa575-eb82-433b-b580-4e37124d5eb3', 1, '17-19 PSI', '17-19 PSI', '17-19 PSI', true);
INSERT INTO public.quiz_answers (question_id, answer_order, answer_text_en, answer_text_fr, answer_text_es, is_correct) VALUES ('4e5aa575-eb82-433b-b580-4e37124d5eb3', 2, '22-26 PSI', '22-26 PSI', '22-26 PSI', false);
INSERT INTO public.quiz_answers (question_id, answer_order, answer_text_en, answer_text_fr, answer_text_es, is_correct) VALUES ('4e5aa575-eb82-433b-b580-4e37124d5eb3', 3, '10-12 PSI', '10-12 PSI', '10-12 PSI', false);
INSERT INTO public.quiz_answers (question_id, answer_order, answer_text_en, answer_text_fr, answer_text_es, is_correct) VALUES ('4e5aa575-eb82-433b-b580-4e37124d5eb3', 4, '30 PSI', '30 PSI', '30 PSI', false);
INSERT INTO public.quiz_questions (id, quiz_id, question_order, question_text_en, question_text_fr, question_text_es, question_type, explanation_en, explanation_fr, explanation_es) VALUES ('837fd2fb-6800-45d2-9a98-3428a3c595a0', '51eb9f05-f4a3-4051-bf51-a396fbcb00a2', 3, 'What is LPH400-LVX Extreme coverage coat pressure?', 'PSI LPH400-LVX couverture?', 'PSI LPH400-LVX cobertura?', 'multiple-choice', '16 PSI.', '16 PSI.', '16 PSI.');
INSERT INTO public.quiz_answers (question_id, answer_order, answer_text_en, answer_text_fr, answer_text_es, is_correct) VALUES ('837fd2fb-6800-45d2-9a98-3428a3c595a0', 1, '16 PSI', '16 PSI', '16 PSI', true);
INSERT INTO public.quiz_answers (question_id, answer_order, answer_text_en, answer_text_fr, answer_text_es, is_correct) VALUES ('837fd2fb-6800-45d2-9a98-3428a3c595a0', 2, '22-26 PSI', '22-26 PSI', '22-26 PSI', false);
INSERT INTO public.quiz_answers (question_id, answer_order, answer_text_en, answer_text_fr, answer_text_es, is_correct) VALUES ('837fd2fb-6800-45d2-9a98-3428a3c595a0', 3, '10 PSI', '10 PSI', '10 PSI', false);
INSERT INTO public.quiz_answers (question_id, answer_order, answer_text_en, answer_text_fr, answer_text_es, is_correct) VALUES ('837fd2fb-6800-45d2-9a98-3428a3c595a0', 4, '30 PSI', '30 PSI', '30 PSI', false);
INSERT INTO public.quiz_questions (id, quiz_id, question_order, question_text_en, question_text_fr, question_text_es, question_type, explanation_en, explanation_fr, explanation_es) VALUES ('5574f2f4-c149-45c7-8f85-318428996bfe', '51eb9f05-f4a3-4051-bf51-a396fbcb00a2', 4, 'What viscosity cup is used to measure waterborne basecoat?', 'Coupe de viscosite?', 'Copa de viscosidad?', 'multiple-choice', 'DIN4 viscosity cup (DEX640).', 'DIN4 (DEX640).', 'DIN4 (DEX640).');
INSERT INTO public.quiz_answers (question_id, answer_order, answer_text_en, answer_text_fr, answer_text_es, is_correct) VALUES ('5574f2f4-c149-45c7-8f85-318428996bfe', 1, 'DIN4 (DEX640)', 'DIN4 (DEX640)', 'DIN4 (DEX640)', true);
INSERT INTO public.quiz_answers (question_id, answer_order, answer_text_en, answer_text_fr, answer_text_es, is_correct) VALUES ('5574f2f4-c149-45c7-8f85-318428996bfe', 2, 'Zahn #2', 'Zahn #2', 'Zahn #2', false);
INSERT INTO public.quiz_answers (question_id, answer_order, answer_text_en, answer_text_fr, answer_text_es, is_correct) VALUES ('5574f2f4-c149-45c7-8f85-318428996bfe', 3, 'Ford #4', 'Ford #4', 'Ford #4', false);
INSERT INTO public.quiz_answers (question_id, answer_order, answer_text_en, answer_text_fr, answer_text_es, is_correct) VALUES ('5574f2f4-c149-45c7-8f85-318428996bfe', 4, 'ISO 6 mm', 'ISO 6 mm', 'ISO 6 mm', false);
INSERT INTO public.quiz_questions (id, quiz_id, question_order, question_text_en, question_text_fr, question_text_es, question_type, explanation_en, explanation_fr, explanation_es) VALUES ('5e5c0e72-7304-4117-9536-57db0a98d957', '51eb9f05-f4a3-4051-bf51-a396fbcb00a2', 5, 'When measuring viscosity, when do you stop the stopwatch?', 'Quand arreter le chronometre?', 'Cuando detener el cronometro?', 'multiple-choice', 'When the paint stream breaks.', 'Quand le filet se rompt.', 'Cuando el chorro se rompe.');
INSERT INTO public.quiz_answers (question_id, answer_order, answer_text_en, answer_text_fr, answer_text_es, is_correct) VALUES ('5e5c0e72-7304-4117-9536-57db0a98d957', 1, 'When paint stream breaks', 'Quand le filet se rompt', 'Cuando el chorro se rompe', true);
INSERT INTO public.quiz_answers (question_id, answer_order, answer_text_en, answer_text_fr, answer_text_es, is_correct) VALUES ('5e5c0e72-7304-4117-9536-57db0a98d957', 2, 'After 30 seconds', 'Apres 30 secondes', 'Despues de 30 segundos', false);
INSERT INTO public.quiz_answers (question_id, answer_order, answer_text_en, answer_text_fr, answer_text_es, is_correct) VALUES ('5e5c0e72-7304-4117-9536-57db0a98d957', 3, 'When cup is empty', 'Quand la coupe est vide', 'Cuando la copa esta vacia', false);
INSERT INTO public.quiz_answers (question_id, answer_order, answer_text_en, answer_text_fr, answer_text_es, is_correct) VALUES ('5e5c0e72-7304-4117-9536-57db0a98d957', 4, 'When dripping stops', 'Quand les gouttes s''''arretent', 'Cuando las gotas paran', false);
INSERT INTO public.quiz_questions (id, quiz_id, question_order, question_text_en, question_text_fr, question_text_es, question_type, explanation_en, explanation_fr, explanation_es) VALUES ('bb7d437f-17fe-4bac-b9f1-d58ace02c7a0', '51eb9f05-f4a3-4051-bf51-a396fbcb00a2', 6, 'What fluid tip is recommended for Tekna Pro-Lite with EC800?', 'Buse Tekna pour EC800?', 'Boquilla Tekna para EC800?', 'multiple-choice', '1.3 or 1.4 with TE20 cap at 24-26 PSI.', '1,3 ou 1,4 TE20 24-26 PSI.', '1,3 o 1,4 TE20 24-26 PSI.');
INSERT INTO public.quiz_answers (question_id, answer_order, answer_text_en, answer_text_fr, answer_text_es, is_correct) VALUES ('bb7d437f-17fe-4bac-b9f1-d58ace02c7a0', 1, '1.3 or 1.4 TE20', '1,3 ou 1,4 TE20', '1,3 o 1,4 TE20', true);
INSERT INTO public.quiz_answers (question_id, answer_order, answer_text_en, answer_text_fr, answer_text_es, is_correct) VALUES ('bb7d437f-17fe-4bac-b9f1-d58ace02c7a0', 2, '1.0 TE20', '1,0 TE20', '1,0 TE20', false);
INSERT INTO public.quiz_answers (question_id, answer_order, answer_text_en, answer_text_fr, answer_text_es, is_correct) VALUES ('bb7d437f-17fe-4bac-b9f1-d58ace02c7a0', 3, '1.8 TE20', '1,8 TE20', '1,8 TE20', false);
INSERT INTO public.quiz_answers (question_id, answer_order, answer_text_en, answer_text_fr, answer_text_es, is_correct) VALUES ('bb7d437f-17fe-4bac-b9f1-d58ace02c7a0', 4, '2.0 TE20', '2,0 TE20', '2,0 TE20', false);
INSERT INTO public.quiz_questions (id, quiz_id, question_order, question_text_en, question_text_fr, question_text_es, question_type, explanation_en, explanation_fr, explanation_es) VALUES ('3ef3fd9d-a8a4-4d4f-8582-4e5d05c7195c', '51eb9f05-f4a3-4051-bf51-a396fbcb00a2', 7, 'What spray viscosity for waterborne basecoat?', 'Viscosite de pulverisation WB?', 'Viscosidad de pulverizacion WB?', 'multiple-choice', '23-28 seconds DIN4.', '23-28 secondes DIN4.', '23-28 segundos DIN4.');
INSERT INTO public.quiz_answers (question_id, answer_order, answer_text_en, answer_text_fr, answer_text_es, is_correct) VALUES ('3ef3fd9d-a8a4-4d4f-8582-4e5d05c7195c', 1, '23-28 seconds DIN4', '23-28 secondes DIN4', '23-28 segundos DIN4', true);
INSERT INTO public.quiz_answers (question_id, answer_order, answer_text_en, answer_text_fr, answer_text_es, is_correct) VALUES ('3ef3fd9d-a8a4-4d4f-8582-4e5d05c7195c', 2, '15-20 seconds', '15-20 secondes', '15-20 segundos', false);
INSERT INTO public.quiz_answers (question_id, answer_order, answer_text_en, answer_text_fr, answer_text_es, is_correct) VALUES ('3ef3fd9d-a8a4-4d4f-8582-4e5d05c7195c', 3, '30-35 seconds', '30-35 secondes', '30-35 segundos', false);
INSERT INTO public.quiz_answers (question_id, answer_order, answer_text_en, answer_text_fr, answer_text_es, is_correct) VALUES ('3ef3fd9d-a8a4-4d4f-8582-4e5d05c7195c', 4, '10-12 seconds', '10-12 secondes', '10-12 segundos', false);
INSERT INTO public.quiz_questions (id, quiz_id, question_order, question_text_en, question_text_fr, question_text_es, question_type, explanation_en, explanation_fr, explanation_es) VALUES ('74ee3518-0640-4503-bea5-7e15cd7b9484', '51eb9f05-f4a3-4051-bf51-a396fbcb00a2', 8, 'If viscosity reads over 28 seconds, what should you do?', 'Si viscosite > 28 secondes?', 'Si viscosidad > 28 segundos?', 'multiple-choice', 'Add additional thinner, stir well and recheck.', 'Ajouter diluant, remuer, reverifier.', 'Agregar diluyente, revolver, verificar.');
INSERT INTO public.quiz_answers (question_id, answer_order, answer_text_en, answer_text_fr, answer_text_es, is_correct) VALUES ('74ee3518-0640-4503-bea5-7e15cd7b9484', 1, 'Add thinner, stir, recheck', 'Ajouter diluant, remuer', 'Agregar diluyente, revolver', true);
INSERT INTO public.quiz_answers (question_id, answer_order, answer_text_en, answer_text_fr, answer_text_es, is_correct) VALUES ('74ee3518-0640-4503-bea5-7e15cd7b9484', 2, 'Add more unreduced basecoat', 'Ajouter base non reduite', 'Agregar base sin reducir', false);
INSERT INTO public.quiz_answers (question_id, answer_order, answer_text_en, answer_text_fr, answer_text_es, is_correct) VALUES ('74ee3518-0640-4503-bea5-7e15cd7b9484', 3, 'Use as is', 'Utiliser tel quel', 'Usar asi', false);
INSERT INTO public.quiz_answers (question_id, answer_order, answer_text_en, answer_text_fr, answer_text_es, is_correct) VALUES ('74ee3518-0640-4503-bea5-7e15cd7b9484', 4, 'Discard and remix', 'Jeter et remixer', 'Desechar y remezclar', false);

INSERT INTO public.quizzes (id, slug, title_en, title_fr, title_es, description_en, description_fr, description_es, quiz_type, passing_score, icon, is_active) VALUES ('27100c38-b05a-4d19-8fed-9b3e06229700', 'ppg-unique-finishes', 'PPG Unique Finishes', 'Finitions uniques PPG', 'Acabados unicos PPG', 'Test your knowledge of specialty finishes including Alubeam and Hot Rod Black.', 'Finitions speciales.', 'Acabados especiales.', 'product-knowledge', 70, '✨', true);
INSERT INTO public.quiz_questions (id, quiz_id, question_order, question_text_en, question_text_fr, question_text_es, question_type, explanation_en, explanation_fr, explanation_es) VALUES ('aedc885e-03e3-4333-bdaf-d2006dd2d4cd', '27100c38-b05a-4d19-8fed-9b3e06229700', 1, 'Mercedes Alubeam 047 uses how many coat layers in OEM process?', 'Nombre de couches Alubeam OEM?', 'Cuantas capas Alubeam OEM?', 'multiple-choice', '4 coats: dark undercoat, sanded clearcoat, tinted liquid metal, final clearcoat.', '4 couches.', '4 capas.');
INSERT INTO public.quiz_answers (question_id, answer_order, answer_text_en, answer_text_fr, answer_text_es, is_correct) VALUES ('aedc885e-03e3-4333-bdaf-d2006dd2d4cd', 1, '4 coats', '4 couches', '4 capas', true);
INSERT INTO public.quiz_answers (question_id, answer_order, answer_text_en, answer_text_fr, answer_text_es, is_correct) VALUES ('aedc885e-03e3-4333-bdaf-d2006dd2d4cd', 2, '2 coats', '2 couches', '2 capas', false);
INSERT INTO public.quiz_answers (question_id, answer_order, answer_text_en, answer_text_fr, answer_text_es, is_correct) VALUES ('aedc885e-03e3-4333-bdaf-d2006dd2d4cd', 3, '3 coats', '3 couches', '3 capas', false);
INSERT INTO public.quiz_answers (question_id, answer_order, answer_text_en, answer_text_fr, answer_text_es, is_correct) VALUES ('aedc885e-03e3-4333-bdaf-d2006dd2d4cd', 4, '6 coats', '6 couches', '6 capas', false);
INSERT INTO public.quiz_questions (id, quiz_id, question_order, question_text_en, question_text_fr, question_text_es, question_type, explanation_en, explanation_fr, explanation_es) VALUES ('b23cb48c-4ac4-4b8b-9e46-d70e95439653', '27100c38-b05a-4d19-8fed-9b3e06229700', 2, 'What product is used for the liquid metal layer in Alubeam repair?', 'Produit pour couche metal liquide?', 'Producto para capa metal liquido?', 'multiple-choice', 'T4700 Liquid Metal.', 'T4700.', 'T4700.');
INSERT INTO public.quiz_answers (question_id, answer_order, answer_text_en, answer_text_fr, answer_text_es, is_correct) VALUES ('b23cb48c-4ac4-4b8b-9e46-d70e95439653', 1, 'T4700 Liquid Metal', 'T4700', 'T4700', true);
INSERT INTO public.quiz_answers (question_id, answer_order, answer_text_en, answer_text_fr, answer_text_es, is_correct) VALUES ('b23cb48c-4ac4-4b8b-9e46-d70e95439653', 2, 'VM9700', 'VM9700', 'VM9700', false);
INSERT INTO public.quiz_answers (question_id, answer_order, answer_text_en, answer_text_fr, answer_text_es, is_correct) VALUES ('b23cb48c-4ac4-4b8b-9e46-d70e95439653', 3, 'EC800', 'EC800', 'EC800', false);
INSERT INTO public.quiz_answers (question_id, answer_order, answer_text_en, answer_text_fr, answer_text_es, is_correct) VALUES ('b23cb48c-4ac4-4b8b-9e46-d70e95439653', 4, 'SLV4985', 'SLV4985', 'SLV4985', false);
INSERT INTO public.quiz_questions (id, quiz_id, question_order, question_text_en, question_text_fr, question_text_es, question_type, explanation_en, explanation_fr, explanation_es) VALUES ('de058755-256c-46f7-b910-26d011fa5ab7', '27100c38-b05a-4d19-8fed-9b3e06229700', 3, 'What is the mixing ratio for Hot Rod Black VM9700?', 'Ratio Hot Rod Black?', 'Proporcion Hot Rod Black?', 'multiple-choice', '4:1:1/2-1 (VM9700:VH7700:Reducer).', '4:1:1/2-1.', '4:1:1/2-1.');
INSERT INTO public.quiz_answers (question_id, answer_order, answer_text_en, answer_text_fr, answer_text_es, is_correct) VALUES ('de058755-256c-46f7-b910-26d011fa5ab7', 1, '4:1:1/2-1', '4:1:1/2-1', '4:1:1/2-1', true);
INSERT INTO public.quiz_answers (question_id, answer_order, answer_text_en, answer_text_fr, answer_text_es, is_correct) VALUES ('de058755-256c-46f7-b910-26d011fa5ab7', 2, '3:1:1', '3:1:1', '3:1:1', false);
INSERT INTO public.quiz_answers (question_id, answer_order, answer_text_en, answer_text_fr, answer_text_es, is_correct) VALUES ('de058755-256c-46f7-b910-26d011fa5ab7', 3, '2:1', '2:1', '2:1', false);
INSERT INTO public.quiz_answers (question_id, answer_order, answer_text_en, answer_text_fr, answer_text_es, is_correct) VALUES ('de058755-256c-46f7-b910-26d011fa5ab7', 4, '1:1', '1:1', '1:1', false);
INSERT INTO public.quiz_questions (id, quiz_id, question_order, question_text_en, question_text_fr, question_text_es, question_type, explanation_en, explanation_fr, explanation_es) VALUES ('48d7a92a-23fb-4437-bf0d-702a1f5684b4', '27100c38-b05a-4d19-8fed-9b3e06229700', 4, 'What is the pot life of Hot Rod Black at 70F?', 'Duree de vie Hot Rod Black?', 'Vida util Hot Rod Black?', 'multiple-choice', '8 hours.', '8 heures.', '8 horas.');
INSERT INTO public.quiz_answers (question_id, answer_order, answer_text_en, answer_text_fr, answer_text_es, is_correct) VALUES ('48d7a92a-23fb-4437-bf0d-702a1f5684b4', 1, '8 hours', '8 heures', '8 horas', true);
INSERT INTO public.quiz_answers (question_id, answer_order, answer_text_en, answer_text_fr, answer_text_es, is_correct) VALUES ('48d7a92a-23fb-4437-bf0d-702a1f5684b4', 2, '45 minutes', '45 minutes', '45 minutos', false);
INSERT INTO public.quiz_answers (question_id, answer_order, answer_text_en, answer_text_fr, answer_text_es, is_correct) VALUES ('48d7a92a-23fb-4437-bf0d-702a1f5684b4', 3, '2 hours', '2 heures', '2 horas', false);
INSERT INTO public.quiz_answers (question_id, answer_order, answer_text_en, answer_text_fr, answer_text_es, is_correct) VALUES ('48d7a92a-23fb-4437-bf0d-702a1f5684b4', 4, '24 hours', '24 heures', '24 horas', false);
INSERT INTO public.quiz_questions (id, quiz_id, question_order, question_text_en, question_text_fr, question_text_es, question_type, explanation_en, explanation_fr, explanation_es) VALUES ('9d01c6aa-76f5-4d84-924f-97794c05daae', '27100c38-b05a-4d19-8fed-9b3e06229700', 5, 'What type of finish does Hot Rod Black produce?', 'Type de finition Hot Rod Black?', 'Tipo de acabado Hot Rod Black?', 'multiple-choice', 'Low gloss, satin, deep black finish.', 'Faible brillance, satine, noir profond.', 'Bajo brillo, satinado, negro profundo.');
INSERT INTO public.quiz_answers (question_id, answer_order, answer_text_en, answer_text_fr, answer_text_es, is_correct) VALUES ('9d01c6aa-76f5-4d84-924f-97794c05daae', 1, 'Low gloss satin deep black', 'Faible brillance satine noir', 'Bajo brillo satinado negro', true);
INSERT INTO public.quiz_answers (question_id, answer_order, answer_text_en, answer_text_fr, answer_text_es, is_correct) VALUES ('9d01c6aa-76f5-4d84-924f-97794c05daae', 2, 'High gloss mirror finish', 'Haute brillance miroir', 'Alto brillo espejo', false);
INSERT INTO public.quiz_answers (question_id, answer_order, answer_text_en, answer_text_fr, answer_text_es, is_correct) VALUES ('9d01c6aa-76f5-4d84-924f-97794c05daae', 3, 'Matte flat black', 'Mat plat', 'Mate plano', false);
INSERT INTO public.quiz_answers (question_id, answer_order, answer_text_en, answer_text_fr, answer_text_es, is_correct) VALUES ('9d01c6aa-76f5-4d84-924f-97794c05daae', 4, 'Metallic sparkle black', 'Noir metallise', 'Negro metalizado', false);
INSERT INTO public.quiz_questions (id, quiz_id, question_order, question_text_en, question_text_fr, question_text_es, question_type, explanation_en, explanation_fr, explanation_es) VALUES ('cb5e6fe2-3efc-4f2f-a1f9-90a930e1a7df', '27100c38-b05a-4d19-8fed-9b3e06229700', 6, 'Can Hot Rod Black be sanded after final cure?', 'Poncer Hot Rod Black apres sechage?', 'Lijar Hot Rod Black despues de secado?', 'multiple-choice', 'No - sanding/polishing is not possible from the final cured finish.', 'Non - impossible.', 'No - imposible.');
INSERT INTO public.quiz_answers (question_id, answer_order, answer_text_en, answer_text_fr, answer_text_es, is_correct) VALUES ('cb5e6fe2-3efc-4f2f-a1f9-90a930e1a7df', 1, 'No - not possible after cure', 'Non - impossible', 'No - imposible', true);
INSERT INTO public.quiz_answers (question_id, answer_order, answer_text_en, answer_text_fr, answer_text_es, is_correct) VALUES ('cb5e6fe2-3efc-4f2f-a1f9-90a930e1a7df', 2, 'Yes with P3000', 'Oui P3000', 'Si P3000', false);
INSERT INTO public.quiz_answers (question_id, answer_order, answer_text_en, answer_text_fr, answer_text_es, is_correct) VALUES ('cb5e6fe2-3efc-4f2f-a1f9-90a930e1a7df', 3, 'Yes with compound', 'Oui avec pate', 'Si con pasta', false);
INSERT INTO public.quiz_answers (question_id, answer_order, answer_text_en, answer_text_fr, answer_text_es, is_correct) VALUES ('cb5e6fe2-3efc-4f2f-a1f9-90a930e1a7df', 4, 'Only wet sanding', 'Humide seulement', 'Solo humedo', false);
INSERT INTO public.quiz_questions (id, quiz_id, question_order, question_text_en, question_text_fr, question_text_es, question_type, explanation_en, explanation_fr, explanation_es) VALUES ('de675744-eb78-43a0-b822-2909e2ae8dab', '27100c38-b05a-4d19-8fed-9b3e06229700', 7, 'What is SLV4985 Universal Flattening Agent used for?', 'Utilisation SLV4985?', 'Uso SLV4985?', 'multiple-choice', 'To reduce gloss in clearcoats for matte or reduced-gloss finishes.', 'Reduire le brillant.', 'Reducir el brillo.');
INSERT INTO public.quiz_answers (question_id, answer_order, answer_text_en, answer_text_fr, answer_text_es, is_correct) VALUES ('de675744-eb78-43a0-b822-2909e2ae8dab', 1, 'Reduce gloss for matte/reduced-gloss finishes', 'Reduire brillant', 'Reducir brillo', true);
INSERT INTO public.quiz_answers (question_id, answer_order, answer_text_en, answer_text_fr, answer_text_es, is_correct) VALUES ('de675744-eb78-43a0-b822-2909e2ae8dab', 2, 'Add metallic effect', 'Effet metallise', 'Efecto metalizado', false);
INSERT INTO public.quiz_answers (question_id, answer_order, answer_text_en, answer_text_fr, answer_text_es, is_correct) VALUES ('de675744-eb78-43a0-b822-2909e2ae8dab', 3, 'Speed up drying', 'Accelerer sechage', 'Acelerar secado', false);
INSERT INTO public.quiz_answers (question_id, answer_order, answer_text_en, answer_text_fr, answer_text_es, is_correct) VALUES ('de675744-eb78-43a0-b822-2909e2ae8dab', 4, 'Improve adhesion', 'Ameliorer adherence', 'Mejorar adhesion', false);
INSERT INTO public.quiz_questions (id, quiz_id, question_order, question_text_en, question_text_fr, question_text_es, question_type, explanation_en, explanation_fr, explanation_es) VALUES ('f64bfc0f-f548-47c5-8285-5b8ed9951d04', '27100c38-b05a-4d19-8fed-9b3e06229700', 8, 'How many coats of Hot Rod Black should be applied?', 'Nombre de couches Hot Rod Black?', 'Cuantas capas Hot Rod Black?', 'multiple-choice', '2-3 medium wet coats until hiding.', '2-3 couches humides.', '2-3 capas humedas.');
INSERT INTO public.quiz_answers (question_id, answer_order, answer_text_en, answer_text_fr, answer_text_es, is_correct) VALUES ('f64bfc0f-f548-47c5-8285-5b8ed9951d04', 1, '2-3 medium wet coats', '2-3 couches humides', '2-3 capas humedas', true);
INSERT INTO public.quiz_answers (question_id, answer_order, answer_text_en, answer_text_fr, answer_text_es, is_correct) VALUES ('f64bfc0f-f548-47c5-8285-5b8ed9951d04', 2, '1 heavy coat', '1 couche epaisse', '1 capa gruesa', false);
INSERT INTO public.quiz_answers (question_id, answer_order, answer_text_en, answer_text_fr, answer_text_es, is_correct) VALUES ('f64bfc0f-f548-47c5-8285-5b8ed9951d04', 3, '5-6 light coats', '5-6 couches legeres', '5-6 capas ligeras', false);
INSERT INTO public.quiz_answers (question_id, answer_order, answer_text_en, answer_text_fr, answer_text_es, is_correct) VALUES ('f64bfc0f-f548-47c5-8285-5b8ed9951d04', 4, '4 coats exactly', '4 couches exactement', '4 capas exactamente', false);

INSERT INTO public.quizzes (id, slug, title_en, title_fr, title_es, description_en, description_fr, description_es, quiz_type, passing_score, icon, is_active) VALUES ('7e72e190-8d9a-4515-bb08-c10d3ec4490d', 'ppg-cleaning-procedures', 'PPG Cleaning Procedures', 'Procedures de nettoyage PPG', 'Procedimientos de limpieza PPG', 'Test your knowledge of initial cleaning and final detailing.', 'Nettoyage.', 'Limpieza.', 'skill-check', 70, '🧹', true);
INSERT INTO public.quiz_questions (id, quiz_id, question_order, question_text_en, question_text_fr, question_text_es, question_type, explanation_en, explanation_fr, explanation_es) VALUES ('2d9b5262-d492-45cd-a865-afe3ba4ba1e7', '7e72e190-8d9a-4515-bb08-c10d3ec4490d', 1, 'What size area should cleaner be applied to at one time?', 'Surface de nettoyage a la fois?', 'Area de limpieza a la vez?', 'multiple-choice', '24 x 24 inch area.', '24 x 24 pouces.', '24 x 24 pulgadas.');
INSERT INTO public.quiz_answers (question_id, answer_order, answer_text_en, answer_text_fr, answer_text_es, is_correct) VALUES ('2d9b5262-d492-45cd-a865-afe3ba4ba1e7', 1, '24 x 24 inches', '24 x 24 pouces', '24 x 24 pulgadas', true);
INSERT INTO public.quiz_answers (question_id, answer_order, answer_text_en, answer_text_fr, answer_text_es, is_correct) VALUES ('2d9b5262-d492-45cd-a865-afe3ba4ba1e7', 2, 'Full panel at once', 'Panneau entier', 'Panel completo', false);
INSERT INTO public.quiz_answers (question_id, answer_order, answer_text_en, answer_text_fr, answer_text_es, is_correct) VALUES ('2d9b5262-d492-45cd-a865-afe3ba4ba1e7', 3, '12 x 12 inches', '12 x 12 pouces', '12 x 12 pulgadas', false);
INSERT INTO public.quiz_answers (question_id, answer_order, answer_text_en, answer_text_fr, answer_text_es, is_correct) VALUES ('2d9b5262-d492-45cd-a865-afe3ba4ba1e7', 4, '6 x 6 inches', '6 x 6 pouces', '6 x 6 pulgadas', false);
INSERT INTO public.quiz_questions (id, quiz_id, question_order, question_text_en, question_text_fr, question_text_es, question_type, explanation_en, explanation_fr, explanation_es) VALUES ('cb8af366-afd2-4c5b-a59e-fd15eabac211', '7e72e190-8d9a-4515-bb08-c10d3ec4490d', 2, 'What happens if cleaner dries on the panel?', 'Si le nettoyant seche?', 'Si el limpiador seca?', 'multiple-choice', 'Wipe marks may appear during painting, leading to paint failure.', 'Traces visibles, defaillance peinture.', 'Marcas visibles, falla de pintura.');
INSERT INTO public.quiz_answers (question_id, answer_order, answer_text_en, answer_text_fr, answer_text_es, is_correct) VALUES ('cb8af366-afd2-4c5b-a59e-fd15eabac211', 1, 'Wipe marks during painting, paint failure', 'Traces, defaillance', 'Marcas, falla', true);
INSERT INTO public.quiz_answers (question_id, answer_order, answer_text_en, answer_text_fr, answer_text_es, is_correct) VALUES ('cb8af366-afd2-4c5b-a59e-fd15eabac211', 2, 'Nothing harmful', 'Rien de grave', 'Nada grave', false);
INSERT INTO public.quiz_answers (question_id, answer_order, answer_text_en, answer_text_fr, answer_text_es, is_correct) VALUES ('cb8af366-afd2-4c5b-a59e-fd15eabac211', 3, 'Surface becomes smoother', 'Plus lisse', 'Mas lisa', false);
INSERT INTO public.quiz_answers (question_id, answer_order, answer_text_en, answer_text_fr, answer_text_es, is_correct) VALUES ('cb8af366-afd2-4c5b-a59e-fd15eabac211', 4, 'Better adhesion', 'Meilleure adherence', 'Mejor adhesion', false);
INSERT INTO public.quiz_questions (id, quiz_id, question_order, question_text_en, question_text_fr, question_text_es, question_type, explanation_en, explanation_fr, explanation_es) VALUES ('6d53ad6b-33e3-4fe3-9ddc-6f74f73ddb3f', '7e72e190-8d9a-4515-bb08-c10d3ec4490d', 3, 'How should you wipe cleaner on the surface?', 'Comment essuyer le nettoyant?', 'Como limpiar el limpiador?', 'multiple-choice', 'One direction only to avoid smearing contaminants.', 'Une seule direction.', 'Una sola direccion.');
INSERT INTO public.quiz_answers (question_id, answer_order, answer_text_en, answer_text_fr, answer_text_es, is_correct) VALUES ('6d53ad6b-33e3-4fe3-9ddc-6f74f73ddb3f', 1, 'One direction only', 'Une seule direction', 'Una sola direccion', true);
INSERT INTO public.quiz_answers (question_id, answer_order, answer_text_en, answer_text_fr, answer_text_es, is_correct) VALUES ('6d53ad6b-33e3-4fe3-9ddc-6f74f73ddb3f', 2, 'Circular motion', 'Mouvement circulaire', 'Movimiento circular', false);
INSERT INTO public.quiz_answers (question_id, answer_order, answer_text_en, answer_text_fr, answer_text_es, is_correct) VALUES ('6d53ad6b-33e3-4fe3-9ddc-6f74f73ddb3f', 3, 'Back and forth', 'Aller-retour', 'Ida y vuelta', false);
INSERT INTO public.quiz_answers (question_id, answer_order, answer_text_en, answer_text_fr, answer_text_es, is_correct) VALUES ('6d53ad6b-33e3-4fe3-9ddc-6f74f73ddb3f', 4, 'Any direction', 'N''''importe quelle direction', 'Cualquier direccion', false);
INSERT INTO public.quiz_questions (id, quiz_id, question_order, question_text_en, question_text_fr, question_text_es, question_type, explanation_en, explanation_fr, explanation_es) VALUES ('2c35250f-402e-4ca6-bb11-a80744b97f85', '7e72e190-8d9a-4515-bb08-c10d3ec4490d', 4, 'For bare plastic, what type of cleaner should be used first?', 'Nettoyant pour plastique nu?', 'Limpiador para plastico?', 'multiple-choice', 'Water-based cleaner first.', 'Nettoyant a base d''''eau d''''abord.', 'Limpiador a base de agua primero.');
INSERT INTO public.quiz_answers (question_id, answer_order, answer_text_en, answer_text_fr, answer_text_es, is_correct) VALUES ('2c35250f-402e-4ca6-bb11-a80744b97f85', 1, 'Water-based cleaner first', 'A base d''''eau d''''abord', 'A base de agua primero', true);
INSERT INTO public.quiz_answers (question_id, answer_order, answer_text_en, answer_text_fr, answer_text_es, is_correct) VALUES ('2c35250f-402e-4ca6-bb11-a80744b97f85', 2, 'Solvent cleaner first', 'Solvant d''''abord', 'Solvente primero', false);
INSERT INTO public.quiz_answers (question_id, answer_order, answer_text_en, answer_text_fr, answer_text_es, is_correct) VALUES ('2c35250f-402e-4ca6-bb11-a80744b97f85', 3, 'Acetone', 'Acetone', 'Acetona', false);
INSERT INTO public.quiz_answers (question_id, answer_order, answer_text_en, answer_text_fr, answer_text_es, is_correct) VALUES ('2c35250f-402e-4ca6-bb11-a80744b97f85', 4, 'No cleaner needed', 'Pas de nettoyant', 'Sin limpiador', false);
INSERT INTO public.quiz_questions (id, quiz_id, question_order, question_text_en, question_text_fr, question_text_es, question_type, explanation_en, explanation_fr, explanation_es) VALUES ('018c4d36-a554-4eb5-8738-37851e84c177', '7e72e190-8d9a-4515-bb08-c10d3ec4490d', 5, 'When should you use cleaner clay during final detailing?', 'Quand utiliser argile de nettoyage?', 'Cuando usar arcilla de limpieza?', 'multiple-choice', 'When overspray, oxidation, or environmental fallout is present.', 'Overspray, oxydation, retombees.', 'Overspray, oxidacion, contaminantes.');
INSERT INTO public.quiz_answers (question_id, answer_order, answer_text_en, answer_text_fr, answer_text_es, is_correct) VALUES ('018c4d36-a554-4eb5-8738-37851e84c177', 1, 'Overspray, oxidation, or environmental fallout', 'Overspray, oxydation, retombees', 'Overspray, oxidacion, contaminantes', true);
INSERT INTO public.quiz_answers (question_id, answer_order, answer_text_en, answer_text_fr, answer_text_es, is_correct) VALUES ('018c4d36-a554-4eb5-8738-37851e84c177', 2, 'On every vehicle', 'Chaque vehicule', 'Cada vehiculo', false);
INSERT INTO public.quiz_answers (question_id, answer_order, answer_text_en, answer_text_fr, answer_text_es, is_correct) VALUES ('018c4d36-a554-4eb5-8738-37851e84c177', 3, 'Only before painting', 'Avant peinture', 'Antes de pintar', false);
INSERT INTO public.quiz_answers (question_id, answer_order, answer_text_en, answer_text_fr, answer_text_es, is_correct) VALUES ('018c4d36-a554-4eb5-8738-37851e84c177', 4, 'Never during detailing', 'Jamais', 'Nunca', false);
INSERT INTO public.quiz_questions (id, quiz_id, question_order, question_text_en, question_text_fr, question_text_es, question_type, explanation_en, explanation_fr, explanation_es) VALUES ('7d122e51-697f-4799-b4c6-9f93e757fee6', '7e72e190-8d9a-4515-bb08-c10d3ec4490d', 6, 'What is the first step in initial cleaning (PD-0090)?', 'Premiere etape PD-0090?', 'Primer paso PD-0090?', 'multiple-choice', 'Wash entire vehicle with warm soapy water or pressure wash.', 'Laver avec eau chaude savonneuse.', 'Lavar con agua caliente jabonosa.');
INSERT INTO public.quiz_answers (question_id, answer_order, answer_text_en, answer_text_fr, answer_text_es, is_correct) VALUES ('7d122e51-697f-4799-b4c6-9f93e757fee6', 1, 'Wash with warm soapy water or pressure wash', 'Eau chaude savonneuse', 'Agua caliente jabonosa', true);
INSERT INTO public.quiz_answers (question_id, answer_order, answer_text_en, answer_text_fr, answer_text_es, is_correct) VALUES ('7d122e51-697f-4799-b4c6-9f93e757fee6', 2, 'Blow off with air', 'Souffler avec air', 'Soplar con aire', false);
INSERT INTO public.quiz_answers (question_id, answer_order, answer_text_en, answer_text_fr, answer_text_es, is_correct) VALUES ('7d122e51-697f-4799-b4c6-9f93e757fee6', 3, 'Solvent wipe', 'Essuyer avec solvant', 'Limpiar con solvente', false);
INSERT INTO public.quiz_answers (question_id, answer_order, answer_text_en, answer_text_fr, answer_text_es, is_correct) VALUES ('7d122e51-697f-4799-b4c6-9f93e757fee6', 4, 'Clay bar treatment', 'Argile', 'Arcilla', false);
INSERT INTO public.quiz_questions (id, quiz_id, question_order, question_text_en, question_text_fr, question_text_es, question_type, explanation_en, explanation_fr, explanation_es) VALUES ('a47e9955-4261-43b9-aa23-41fbf7da44e7', '7e72e190-8d9a-4515-bb08-c10d3ec4490d', 7, 'After washing and drying, what should you do before entering paint department?', 'Avant d''''entrer au departement peinture?', 'Antes de entrar al area de pintura?', 'multiple-choice', 'Blow off vehicle with compressed air, focusing on joints and seams.', 'Souffler avec air comprime.', 'Soplar con aire comprimido.');
INSERT INTO public.quiz_answers (question_id, answer_order, answer_text_en, answer_text_fr, answer_text_es, is_correct) VALUES ('a47e9955-4261-43b9-aa23-41fbf7da44e7', 1, 'Blow off with compressed air at joints and seams', 'Air comprime, joints et coutures', 'Aire comprimido, juntas y costuras', true);
INSERT INTO public.quiz_answers (question_id, answer_order, answer_text_en, answer_text_fr, answer_text_es, is_correct) VALUES ('a47e9955-4261-43b9-aa23-41fbf7da44e7', 2, 'Apply wax', 'Cirer', 'Encerar', false);
INSERT INTO public.quiz_answers (question_id, answer_order, answer_text_en, answer_text_fr, answer_text_es, is_correct) VALUES ('a47e9955-4261-43b9-aa23-41fbf7da44e7', 3, 'Sand entire vehicle', 'Poncer', 'Lijar', false);
INSERT INTO public.quiz_answers (question_id, answer_order, answer_text_en, answer_text_fr, answer_text_es, is_correct) VALUES ('a47e9955-4261-43b9-aa23-41fbf7da44e7', 4, 'Nothing more needed', 'Rien d''''autre', 'Nada mas', false);
INSERT INTO public.quiz_questions (id, quiz_id, question_order, question_text_en, question_text_fr, question_text_es, question_type, explanation_en, explanation_fr, explanation_es) VALUES ('0ef17c59-96a1-4d0e-bb4b-c0403ceaa19c', '7e72e190-8d9a-4515-bb08-c10d3ec4490d', 8, 'What should be used to remove tar or adhesive residue?', 'Pour retirer goudron/adhesif?', 'Para remover brea/adhesivo?', 'multiple-choice', 'Adhesive and tar remover.', 'Dissolvant adhesif et goudron.', 'Removedor de adhesivo y brea.');
INSERT INTO public.quiz_answers (question_id, answer_order, answer_text_en, answer_text_fr, answer_text_es, is_correct) VALUES ('0ef17c59-96a1-4d0e-bb4b-c0403ceaa19c', 1, 'Adhesive and tar remover', 'Dissolvant adhesif/goudron', 'Removedor adhesivo/brea', true);
INSERT INTO public.quiz_answers (question_id, answer_order, answer_text_en, answer_text_fr, answer_text_es, is_correct) VALUES ('0ef17c59-96a1-4d0e-bb4b-c0403ceaa19c', 2, 'Soap and water', 'Eau savonneuse', 'Agua jabonosa', false);
INSERT INTO public.quiz_answers (question_id, answer_order, answer_text_en, answer_text_fr, answer_text_es, is_correct) VALUES ('0ef17c59-96a1-4d0e-bb4b-c0403ceaa19c', 3, 'Sandpaper', 'Papier abrasif', 'Lija', false);
INSERT INTO public.quiz_answers (question_id, answer_order, answer_text_en, answer_text_fr, answer_text_es, is_correct) VALUES ('0ef17c59-96a1-4d0e-bb4b-c0403ceaa19c', 4, 'Acetone', 'Acetone', 'Acetona', false);

INSERT INTO public.quizzes (id, slug, title_en, title_fr, title_es, description_en, description_fr, description_es, quiz_type, passing_score, icon, is_active) VALUES ('8a685dba-2afa-4d3d-924b-cd4ea996e9b3', 'ppg-safety-ppe', 'PPE Safety for Refinishing', 'Securite EPI pour le finissage', 'Seguridad EPP para acabado', 'Test your knowledge of proper PPE for collision repair.', 'EPI.', 'EPP.', 'safety-certification', 70, '🦺', true);
INSERT INTO public.quiz_questions (id, quiz_id, question_order, question_text_en, question_text_fr, question_text_es, question_type, explanation_en, explanation_fr, explanation_es) VALUES ('c9255f15-e297-453e-9def-e409f773339e', '8a685dba-2afa-4d3d-924b-cd4ea996e9b3', 1, 'What eye protection is needed when handling wet paint?', 'Protection yeux pour peinture humide?', 'Proteccion ocular para pintura?', 'multiple-choice', 'Safety glasses.', 'Lunettes de securite.', 'Gafas de seguridad.');
INSERT INTO public.quiz_answers (question_id, answer_order, answer_text_en, answer_text_fr, answer_text_es, is_correct) VALUES ('c9255f15-e297-453e-9def-e409f773339e', 1, 'Safety glasses', 'Lunettes de securite', 'Gafas de seguridad', true);
INSERT INTO public.quiz_answers (question_id, answer_order, answer_text_en, answer_text_fr, answer_text_es, is_correct) VALUES ('c9255f15-e297-453e-9def-e409f773339e', 2, 'Goggles', 'Lunettes etanches', 'Gafas hermeticas', false);
INSERT INTO public.quiz_answers (question_id, answer_order, answer_text_en, answer_text_fr, answer_text_es, is_correct) VALUES ('c9255f15-e297-453e-9def-e409f773339e', 3, 'Full face shield', 'Ecran facial', 'Pantalla facial', false);
INSERT INTO public.quiz_answers (question_id, answer_order, answer_text_en, answer_text_fr, answer_text_es, is_correct) VALUES ('c9255f15-e297-453e-9def-e409f773339e', 4, 'No protection needed', 'Aucune', 'Ninguna', false);
INSERT INTO public.quiz_questions (id, quiz_id, question_order, question_text_en, question_text_fr, question_text_es, question_type, explanation_en, explanation_fr, explanation_es) VALUES ('e64ac352-e461-48a4-a0c2-94368a4013cf', '8a685dba-2afa-4d3d-924b-cd4ea996e9b3', 2, 'What eye protection for cleaning equipment?', 'Protection yeux nettoyage equipement?', 'Proteccion ocular limpieza equipo?', 'multiple-choice', 'Goggles.', 'Lunettes etanches.', 'Gafas hermeticas.');
INSERT INTO public.quiz_answers (question_id, answer_order, answer_text_en, answer_text_fr, answer_text_es, is_correct) VALUES ('e64ac352-e461-48a4-a0c2-94368a4013cf', 1, 'Goggles', 'Lunettes etanches', 'Gafas hermeticas', true);
INSERT INTO public.quiz_answers (question_id, answer_order, answer_text_en, answer_text_fr, answer_text_es, is_correct) VALUES ('e64ac352-e461-48a4-a0c2-94368a4013cf', 2, 'Safety glasses only', 'Lunettes seulement', 'Gafas solo', false);
INSERT INTO public.quiz_answers (question_id, answer_order, answer_text_en, answer_text_fr, answer_text_es, is_correct) VALUES ('e64ac352-e461-48a4-a0c2-94368a4013cf', 3, 'No protection', 'Aucune', 'Ninguna', false);
INSERT INTO public.quiz_answers (question_id, answer_order, answer_text_en, answer_text_fr, answer_text_es, is_correct) VALUES ('e64ac352-e461-48a4-a0c2-94368a4013cf', 4, 'Sunglasses', 'Lunettes de soleil', 'Gafas de sol', false);
INSERT INTO public.quiz_questions (id, quiz_id, question_order, question_text_en, question_text_fr, question_text_es, question_type, explanation_en, explanation_fr, explanation_es) VALUES ('66947567-11f2-4dbc-a594-84be3f797b02', '8a685dba-2afa-4d3d-924b-cd4ea996e9b3', 3, 'What type of gloves for solvent protection?', 'Gants pour solvant?', 'Guantes para solvente?', 'multiple-choice', 'Nitrile gloves.', 'Gants nitrile.', 'Guantes nitrilo.');
INSERT INTO public.quiz_answers (question_id, answer_order, answer_text_en, answer_text_fr, answer_text_es, is_correct) VALUES ('66947567-11f2-4dbc-a594-84be3f797b02', 1, 'Nitrile gloves', 'Gants nitrile', 'Guantes nitrilo', true);
INSERT INTO public.quiz_answers (question_id, answer_order, answer_text_en, answer_text_fr, answer_text_es, is_correct) VALUES ('66947567-11f2-4dbc-a594-84be3f797b02', 2, 'Latex gloves', 'Gants latex', 'Guantes latex', false);
INSERT INTO public.quiz_answers (question_id, answer_order, answer_text_en, answer_text_fr, answer_text_es, is_correct) VALUES ('66947567-11f2-4dbc-a594-84be3f797b02', 3, 'Cotton gloves', 'Gants coton', 'Guantes algodon', false);
INSERT INTO public.quiz_answers (question_id, answer_order, answer_text_en, answer_text_fr, answer_text_es, is_correct) VALUES ('66947567-11f2-4dbc-a594-84be3f797b02', 4, 'No gloves needed', 'Pas de gants', 'Sin guantes', false);
INSERT INTO public.quiz_questions (id, quiz_id, question_order, question_text_en, question_text_fr, question_text_es, question_type, explanation_en, explanation_fr, explanation_es) VALUES ('fd6396ff-bfb3-4e85-9d5e-281839ad6465', '8a685dba-2afa-4d3d-924b-cd4ea996e9b3', 4, 'What is the best respiratory protection for spraying?', 'Meilleure protection respiratoire?', 'Mejor proteccion respiratoria?', 'multiple-choice', 'Full-face air-supply respirator.', 'Masque a air complet.', 'Respirador completo con suministro de aire.');
INSERT INTO public.quiz_answers (question_id, answer_order, answer_text_en, answer_text_fr, answer_text_es, is_correct) VALUES ('fd6396ff-bfb3-4e85-9d5e-281839ad6465', 1, 'Full-face air-supply respirator', 'Masque a air complet', 'Respirador completo con aire', true);
INSERT INTO public.quiz_answers (question_id, answer_order, answer_text_en, answer_text_fr, answer_text_es, is_correct) VALUES ('fd6396ff-bfb3-4e85-9d5e-281839ad6465', 2, 'Paper dust mask', 'Masque poussiere', 'Mascarilla de polvo', false);
INSERT INTO public.quiz_answers (question_id, answer_order, answer_text_en, answer_text_fr, answer_text_es, is_correct) VALUES ('fd6396ff-bfb3-4e85-9d5e-281839ad6465', 3, 'Charcoal filter mask', 'Filtre charbon', 'Filtro carbon', false);
INSERT INTO public.quiz_answers (question_id, answer_order, answer_text_en, answer_text_fr, answer_text_es, is_correct) VALUES ('fd6396ff-bfb3-4e85-9d5e-281839ad6465', 4, 'No mask in ventilated booth', 'Pas de masque en cabine', 'Sin mascarilla en cabina', false);
INSERT INTO public.quiz_questions (id, quiz_id, question_order, question_text_en, question_text_fr, question_text_es, question_type, explanation_en, explanation_fr, explanation_es) VALUES ('62e6961a-437c-49c0-92f6-53915babb412', '8a685dba-2afa-4d3d-924b-cd4ea996e9b3', 5, 'What must be worn when sanding?', 'Protection pour le poncage?', 'Proteccion para lijar?', 'multiple-choice', 'A particle or filtered mask.', 'Masque a particules ou filtre.', 'Mascarilla de particulas o filtro.');
INSERT INTO public.quiz_answers (question_id, answer_order, answer_text_en, answer_text_fr, answer_text_es, is_correct) VALUES ('62e6961a-437c-49c0-92f6-53915babb412', 1, 'Particle or filtered mask', 'Masque particules/filtre', 'Mascarilla particulas/filtro', true);
INSERT INTO public.quiz_answers (question_id, answer_order, answer_text_en, answer_text_fr, answer_text_es, is_correct) VALUES ('62e6961a-437c-49c0-92f6-53915babb412', 2, 'Full face respirator', 'Masque complet', 'Respirador completo', false);
INSERT INTO public.quiz_answers (question_id, answer_order, answer_text_en, answer_text_fr, answer_text_es, is_correct) VALUES ('62e6961a-437c-49c0-92f6-53915babb412', 3, 'Nothing if well ventilated', 'Rien si bien ventile', 'Nada si ventilado', false);
INSERT INTO public.quiz_answers (question_id, answer_order, answer_text_en, answer_text_fr, answer_text_es, is_correct) VALUES ('62e6961a-437c-49c0-92f6-53915babb412', 4, 'Safety glasses only', 'Lunettes seulement', 'Solo gafas', false);
INSERT INTO public.quiz_questions (id, quiz_id, question_order, question_text_en, question_text_fr, question_text_es, question_type, explanation_en, explanation_fr, explanation_es) VALUES ('00bd2af8-c058-4ebe-aee9-d7e820306960', '8a685dba-2afa-4d3d-924b-cd4ea996e9b3', 6, 'What should you use to clean your hands?', 'Nettoyage des mains?', 'Limpieza de manos?', 'multiple-choice', 'Hand cleaner, NOT thinner.', 'Nettoyant mains, PAS de diluant.', 'Limpiador de manos, NO diluyente.');
INSERT INTO public.quiz_answers (question_id, answer_order, answer_text_en, answer_text_fr, answer_text_es, is_correct) VALUES ('00bd2af8-c058-4ebe-aee9-d7e820306960', 1, 'Hand cleaner, NOT thinner', 'Nettoyant mains, PAS diluant', 'Limpiador manos, NO diluyente', true);
INSERT INTO public.quiz_answers (question_id, answer_order, answer_text_en, answer_text_fr, answer_text_es, is_correct) VALUES ('00bd2af8-c058-4ebe-aee9-d7e820306960', 2, 'Paint thinner', 'Diluant', 'Diluyente', false);
INSERT INTO public.quiz_answers (question_id, answer_order, answer_text_en, answer_text_fr, answer_text_es, is_correct) VALUES ('00bd2af8-c058-4ebe-aee9-d7e820306960', 3, 'Acetone', 'Acetone', 'Acetona', false);
INSERT INTO public.quiz_answers (question_id, answer_order, answer_text_en, answer_text_fr, answer_text_es, is_correct) VALUES ('00bd2af8-c058-4ebe-aee9-d7e820306960', 4, 'Gasoline', 'Essence', 'Gasolina', false);
INSERT INTO public.quiz_questions (id, quiz_id, question_order, question_text_en, question_text_fr, question_text_es, question_type, explanation_en, explanation_fr, explanation_es) VALUES ('e5c371bd-f3d2-4d99-a674-75cf42ea3250', '8a685dba-2afa-4d3d-924b-cd4ea996e9b3', 7, 'What should you apply before starting work?', 'Quoi avant de commencer?', 'Que antes de comenzar?', 'multiple-choice', 'Barrier cream on hands.', 'Creme barriere.', 'Crema barrera.');
INSERT INTO public.quiz_answers (question_id, answer_order, answer_text_en, answer_text_fr, answer_text_es, is_correct) VALUES ('e5c371bd-f3d2-4d99-a674-75cf42ea3250', 1, 'Barrier cream', 'Creme barriere', 'Crema barrera', true);
INSERT INTO public.quiz_answers (question_id, answer_order, answer_text_en, answer_text_fr, answer_text_es, is_correct) VALUES ('e5c371bd-f3d2-4d99-a674-75cf42ea3250', 2, 'Sunscreen', 'Ecran solaire', 'Protector solar', false);
INSERT INTO public.quiz_answers (question_id, answer_order, answer_text_en, answer_text_fr, answer_text_es, is_correct) VALUES ('e5c371bd-f3d2-4d99-a674-75cf42ea3250', 3, 'Nothing', 'Rien', 'Nada', false);
INSERT INTO public.quiz_answers (question_id, answer_order, answer_text_en, answer_text_fr, answer_text_es, is_correct) VALUES ('e5c371bd-f3d2-4d99-a674-75cf42ea3250', 4, 'Hand sanitizer', 'Desinfectant', 'Desinfectante', false);
INSERT INTO public.quiz_questions (id, quiz_id, question_order, question_text_en, question_text_fr, question_text_es, question_type, explanation_en, explanation_fr, explanation_es) VALUES ('d7c2d364-f705-4751-9dff-2916d799ad58', '8a685dba-2afa-4d3d-924b-cd4ea996e9b3', 8, 'What should you wear for body protection when spraying?', 'Protection corporelle?', 'Proteccion corporal?', 'multiple-choice', 'Solvent-resistant overalls with hat or hood.', 'Combinaison resistante aux solvants.', 'Overol resistente a solventes.');
INSERT INTO public.quiz_answers (question_id, answer_order, answer_text_en, answer_text_fr, answer_text_es, is_correct) VALUES ('d7c2d364-f705-4751-9dff-2916d799ad58', 1, 'Solvent-resistant overalls with hat/hood', 'Combinaison solvant avec capuche', 'Overol solvente con gorra', true);
INSERT INTO public.quiz_answers (question_id, answer_order, answer_text_en, answer_text_fr, answer_text_es, is_correct) VALUES ('d7c2d364-f705-4751-9dff-2916d799ad58', 2, 'Regular clothes', 'Vetements normaux', 'Ropa normal', false);
INSERT INTO public.quiz_answers (question_id, answer_order, answer_text_en, answer_text_fr, answer_text_es, is_correct) VALUES ('d7c2d364-f705-4751-9dff-2916d799ad58', 3, 'Lab coat', 'Blouse', 'Bata', false);
INSERT INTO public.quiz_answers (question_id, answer_order, answer_text_en, answer_text_fr, answer_text_es, is_correct) VALUES ('d7c2d364-f705-4751-9dff-2916d799ad58', 4, 'Apron only', 'Tablier', 'Delantal', false);

INSERT INTO public.quizzes (id, slug, title_en, title_fr, title_es, description_en, description_fr, description_es, quiz_type, passing_score, icon, is_active) VALUES ('578ddc08-3b4f-4313-85a7-be9f5b85f3a9', 'ppg-masking-procedures', 'PPG Masking Procedures', 'Procedures de masquage PPG', 'Procedimientos de enmascarado PPG', 'Knowledge of proper masking techniques.', 'Masquage.', 'Enmascarado.', 'skill-check', 70, '🎭', true);
INSERT INTO public.quiz_questions (id, quiz_id, question_order, question_text_en, question_text_fr, question_text_es, question_type, explanation_en, explanation_fr, explanation_es) VALUES ('7acac7a7-546c-4831-84ae-356243362701', '578ddc08-3b4f-4313-85a7-be9f5b85f3a9', 1, 'When should masking be applied during the repair process?', 'Quand appliquer le masquage?', 'Cuando aplicar enmascarado?', 'multiple-choice', 'Before priming and before clearcoat application per PD-0300.', 'Avant appret et vernis.', 'Antes de imprimador y barniz.');
INSERT INTO public.quiz_answers (question_id, answer_order, answer_text_en, answer_text_fr, answer_text_es, is_correct) VALUES ('7acac7a7-546c-4831-84ae-356243362701', 1, 'Before priming and before clearcoat', 'Avant appret et vernis', 'Antes de imprimador y barniz', true);
INSERT INTO public.quiz_answers (question_id, answer_order, answer_text_en, answer_text_fr, answer_text_es, is_correct) VALUES ('7acac7a7-546c-4831-84ae-356243362701', 2, 'Only before clearcoat', 'Avant vernis seulement', 'Solo antes de barniz', false);
INSERT INTO public.quiz_answers (question_id, answer_order, answer_text_en, answer_text_fr, answer_text_es, is_correct) VALUES ('7acac7a7-546c-4831-84ae-356243362701', 3, 'After painting is complete', 'Apres peinture', 'Despues de pintar', false);
INSERT INTO public.quiz_answers (question_id, answer_order, answer_text_en, answer_text_fr, answer_text_es, is_correct) VALUES ('7acac7a7-546c-4831-84ae-356243362701', 4, 'Only during color application', 'Pendant la couleur', 'Durante el color', false);
INSERT INTO public.quiz_questions (id, quiz_id, question_order, question_text_en, question_text_fr, question_text_es, question_type, explanation_en, explanation_fr, explanation_es) VALUES ('31dd9f21-bbe4-4b81-b4bd-6de6080dbf61', '578ddc08-3b4f-4313-85a7-be9f5b85f3a9', 2, 'What process document covers vehicle masking?', 'Document de masquage?', 'Documento de enmascarado?', 'multiple-choice', 'PD-0300 Vehicle Masking.', 'PD-0300.', 'PD-0300.');
INSERT INTO public.quiz_answers (question_id, answer_order, answer_text_en, answer_text_fr, answer_text_es, is_correct) VALUES ('31dd9f21-bbe4-4b81-b4bd-6de6080dbf61', 1, 'PD-0300', 'PD-0300', 'PD-0300', true);
INSERT INTO public.quiz_answers (question_id, answer_order, answer_text_en, answer_text_fr, answer_text_es, is_correct) VALUES ('31dd9f21-bbe4-4b81-b4bd-6de6080dbf61', 2, 'PD-0500', 'PD-0500', 'PD-0500', false);
INSERT INTO public.quiz_answers (question_id, answer_order, answer_text_en, answer_text_fr, answer_text_es, is_correct) VALUES ('31dd9f21-bbe4-4b81-b4bd-6de6080dbf61', 3, 'PD-0100', 'PD-0100', 'PD-0100', false);
INSERT INTO public.quiz_answers (question_id, answer_order, answer_text_en, answer_text_fr, answer_text_es, is_correct) VALUES ('31dd9f21-bbe4-4b81-b4bd-6de6080dbf61', 4, 'PD-0730', 'PD-0730', 'PD-0730', false);
INSERT INTO public.quiz_questions (id, quiz_id, question_order, question_text_en, question_text_fr, question_text_es, question_type, explanation_en, explanation_fr, explanation_es) VALUES ('2e1f3096-23af-43c9-8800-8dba4f2d5df0', '578ddc08-3b4f-4313-85a7-be9f5b85f3a9', 3, 'Why is proper masking critical?', 'Pourquoi le masquage est-il important?', 'Por que es importante el enmascarado?', 'multiple-choice', 'To protect non-paint areas from overspray and contamination.', 'Proteger les zones non-peintes.', 'Proteger areas sin pintar.');
INSERT INTO public.quiz_answers (question_id, answer_order, answer_text_en, answer_text_fr, answer_text_es, is_correct) VALUES ('2e1f3096-23af-43c9-8800-8dba4f2d5df0', 1, 'Protect non-paint areas from overspray', 'Proteger zones non-peintes', 'Proteger areas sin pintar', true);
INSERT INTO public.quiz_answers (question_id, answer_order, answer_text_en, answer_text_fr, answer_text_es, is_correct) VALUES ('2e1f3096-23af-43c9-8800-8dba4f2d5df0', 2, 'Speed up painting', 'Accelerer peinture', 'Acelerar pintura', false);
INSERT INTO public.quiz_answers (question_id, answer_order, answer_text_en, answer_text_fr, answer_text_es, is_correct) VALUES ('2e1f3096-23af-43c9-8800-8dba4f2d5df0', 3, 'Reduce paint usage', 'Reduire peinture', 'Reducir pintura', false);
INSERT INTO public.quiz_answers (question_id, answer_order, answer_text_en, answer_text_fr, answer_text_es, is_correct) VALUES ('2e1f3096-23af-43c9-8800-8dba4f2d5df0', 4, 'Not important', 'Pas important', 'No importante', false);
INSERT INTO public.quiz_questions (id, quiz_id, question_order, question_text_en, question_text_fr, question_text_es, question_type, explanation_en, explanation_fr, explanation_es) VALUES ('6ab205b1-e7e1-4661-96ff-154ee1735a4e', '578ddc08-3b4f-4313-85a7-be9f5b85f3a9', 4, 'What reference document is mentioned for masking in PD-0500 etch priming?', 'Reference masquage dans PD-0500?', 'Referencia enmascarado en PD-0500?', 'multiple-choice', 'PD-0300 Vehicle Masking.', 'PD-0300.', 'PD-0300.');
INSERT INTO public.quiz_answers (question_id, answer_order, answer_text_en, answer_text_fr, answer_text_es, is_correct) VALUES ('6ab205b1-e7e1-4661-96ff-154ee1735a4e', 1, 'PD-0300', 'PD-0300', 'PD-0300', true);
INSERT INTO public.quiz_answers (question_id, answer_order, answer_text_en, answer_text_fr, answer_text_es, is_correct) VALUES ('6ab205b1-e7e1-4661-96ff-154ee1735a4e', 2, 'PD-0730', 'PD-0730', 'PD-0730', false);
INSERT INTO public.quiz_answers (question_id, answer_order, answer_text_en, answer_text_fr, answer_text_es, is_correct) VALUES ('6ab205b1-e7e1-4661-96ff-154ee1735a4e', 3, 'PD-0100', 'PD-0100', 'PD-0100', false);
INSERT INTO public.quiz_answers (question_id, answer_order, answer_text_en, answer_text_fr, answer_text_es, is_correct) VALUES ('6ab205b1-e7e1-4661-96ff-154ee1735a4e', 4, 'PD-0810', 'PD-0810', 'PD-0810', false);
INSERT INTO public.quiz_questions (id, quiz_id, question_order, question_text_en, question_text_fr, question_text_es, question_type, explanation_en, explanation_fr, explanation_es) VALUES ('f680e1c5-e6bd-4d10-b4d9-ca97356f2409', '578ddc08-3b4f-4313-85a7-be9f5b85f3a9', 5, 'When is masking referenced during clearcoat application (PD-0730)?', 'Masquage dans PD-0730?', 'Enmascarado en PD-0730?', 'multiple-choice', 'Step 2: mask vehicle appropriately before clearcoat.', 'Etape 2: masquer avant vernis.', 'Paso 2: enmascarar antes de barniz.');
INSERT INTO public.quiz_answers (question_id, answer_order, answer_text_en, answer_text_fr, answer_text_es, is_correct) VALUES ('f680e1c5-e6bd-4d10-b4d9-ca97356f2409', 1, 'Step 2, before clearcoat application', 'Etape 2, avant vernis', 'Paso 2, antes de barniz', true);
INSERT INTO public.quiz_answers (question_id, answer_order, answer_text_en, answer_text_fr, answer_text_es, is_correct) VALUES ('f680e1c5-e6bd-4d10-b4d9-ca97356f2409', 2, 'After clearcoat', 'Apres vernis', 'Despues de barniz', false);
INSERT INTO public.quiz_answers (question_id, answer_order, answer_text_en, answer_text_fr, answer_text_es, is_correct) VALUES ('f680e1c5-e6bd-4d10-b4d9-ca97356f2409', 3, 'Not mentioned', 'Non mentionne', 'No mencionado', false);
INSERT INTO public.quiz_answers (question_id, answer_order, answer_text_en, answer_text_fr, answer_text_es, is_correct) VALUES ('f680e1c5-e6bd-4d10-b4d9-ca97356f2409', 4, 'Only for spot repairs', 'Reparations ponctuelles', 'Reparaciones puntuales', false);
INSERT INTO public.quiz_questions (id, quiz_id, question_order, question_text_en, question_text_fr, question_text_es, question_type, explanation_en, explanation_fr, explanation_es) VALUES ('62d678a3-5888-4eec-9bf0-bd1bf2930580', '578ddc08-3b4f-4313-85a7-be9f5b85f3a9', 6, 'Should masking be applied before or after primer surfacer?', 'Masquage avant ou apres le mastic?', 'Enmascarado antes o despues del aparejo?', 'multiple-choice', 'Before - mask to protect vehicle from overspray.', 'Avant.', 'Antes.');
INSERT INTO public.quiz_answers (question_id, answer_order, answer_text_en, answer_text_fr, answer_text_es, is_correct) VALUES ('62d678a3-5888-4eec-9bf0-bd1bf2930580', 1, 'Before primer surfacer', 'Avant mastic', 'Antes del aparejo', true);
INSERT INTO public.quiz_answers (question_id, answer_order, answer_text_en, answer_text_fr, answer_text_es, is_correct) VALUES ('62d678a3-5888-4eec-9bf0-bd1bf2930580', 2, 'After primer surfacer', 'Apres mastic', 'Despues del aparejo', false);
INSERT INTO public.quiz_answers (question_id, answer_order, answer_text_en, answer_text_fr, answer_text_es, is_correct) VALUES ('62d678a3-5888-4eec-9bf0-bd1bf2930580', 3, 'Not needed for primer', 'Pas necessaire', 'No necesario', false);
INSERT INTO public.quiz_answers (question_id, answer_order, answer_text_en, answer_text_fr, answer_text_es, is_correct) VALUES ('62d678a3-5888-4eec-9bf0-bd1bf2930580', 4, 'Only during sanding', 'Pendant poncage', 'Durante lijado', false);
INSERT INTO public.quiz_questions (id, quiz_id, question_order, question_text_en, question_text_fr, question_text_es, question_type, explanation_en, explanation_fr, explanation_es) VALUES ('4ade8d2b-4504-4285-acc6-76e05fe25ff9', '578ddc08-3b4f-4313-85a7-be9f5b85f3a9', 7, 'What areas need extra masking attention?', 'Zones necessitant attention?', 'Areas que necesitan atencion?', 'multiple-choice', 'Panel edges, trim, glass, and any area not being painted.', 'Bords, garnitures, vitres.', 'Bordes, molduras, vidrios.');
INSERT INTO public.quiz_answers (question_id, answer_order, answer_text_en, answer_text_fr, answer_text_es, is_correct) VALUES ('4ade8d2b-4504-4285-acc6-76e05fe25ff9', 1, 'Panel edges, trim, glass, non-paint areas', 'Bords, garnitures, vitres', 'Bordes, molduras, vidrios', true);
INSERT INTO public.quiz_answers (question_id, answer_order, answer_text_en, answer_text_fr, answer_text_es, is_correct) VALUES ('4ade8d2b-4504-4285-acc6-76e05fe25ff9', 2, 'Only the windshield', 'Pare-brise seulement', 'Solo parabrisas', false);
INSERT INTO public.quiz_answers (question_id, answer_order, answer_text_en, answer_text_fr, answer_text_es, is_correct) VALUES ('4ade8d2b-4504-4285-acc6-76e05fe25ff9', 3, 'Just the tires', 'Pneus seulement', 'Solo llantas', false);
INSERT INTO public.quiz_answers (question_id, answer_order, answer_text_en, answer_text_fr, answer_text_es, is_correct) VALUES ('4ade8d2b-4504-4285-acc6-76e05fe25ff9', 4, 'Nothing specific', 'Rien de specifique', 'Nada especifico', false);
INSERT INTO public.quiz_questions (id, quiz_id, question_order, question_text_en, question_text_fr, question_text_es, question_type, explanation_en, explanation_fr, explanation_es) VALUES ('7811bf61-b8a8-4692-a766-59a60d987feb', '578ddc08-3b4f-4313-85a7-be9f5b85f3a9', 8, 'When can masking be removed after clearcoat?', 'Quand retirer le masquage?', 'Cuando remover el enmascarado?', 'multiple-choice', 'After clearcoat has dried according to product document.', 'Apres sechage selon document produit.', 'Despues de secado segun documento.');
INSERT INTO public.quiz_answers (question_id, answer_order, answer_text_en, answer_text_fr, answer_text_es, is_correct) VALUES ('7811bf61-b8a8-4692-a766-59a60d987feb', 1, 'After clearcoat dries per product document', 'Apres sechage', 'Despues de secado', true);
INSERT INTO public.quiz_answers (question_id, answer_order, answer_text_en, answer_text_fr, answer_text_es, is_correct) VALUES ('7811bf61-b8a8-4692-a766-59a60d987feb', 2, 'Immediately after spraying', 'Immediatement', 'Inmediatamente', false);
INSERT INTO public.quiz_answers (question_id, answer_order, answer_text_en, answer_text_fr, answer_text_es, is_correct) VALUES ('7811bf61-b8a8-4692-a766-59a60d987feb', 3, 'Next day always', 'Lendemain', 'Dia siguiente', false);
INSERT INTO public.quiz_answers (question_id, answer_order, answer_text_en, answer_text_fr, answer_text_es, is_correct) VALUES ('7811bf61-b8a8-4692-a766-59a60d987feb', 4, 'Before clearcoat dries', 'Avant sechage', 'Antes de secado', false);

INSERT INTO public.quizzes (id, slug, title_en, title_fr, title_es, description_en, description_fr, description_es, quiz_type, passing_score, icon, is_active) VALUES ('1019d937-ec12-4e76-92d3-c5948871cb15', 'ppg-repair-process', 'PPG Repair Process', 'Processus de reparation PPG', 'Proceso de reparacion PPG', 'Knowledge of the tri-coat and overall repair process.', 'Processus.', 'Proceso.', 'product-knowledge', 70, '🔄', true);
INSERT INTO public.quiz_questions (id, quiz_id, question_order, question_text_en, question_text_fr, question_text_es, question_type, explanation_en, explanation_fr, explanation_es) VALUES ('5ae410cc-ec5a-4c97-a7ef-90c5d3239930', '1019d937-ec12-4e76-92d3-c5948871cb15', 1, 'What is the first layer in a tri-coat repair?', 'Premiere couche tri-couche?', 'Primera capa tricapa?', 'multiple-choice', 'Gray shade undercoat (G-shade sealer).', 'Sous-couche gris (scellant G).', 'Subcapa gris (sellador G).');
INSERT INTO public.quiz_answers (question_id, answer_order, answer_text_en, answer_text_fr, answer_text_es, is_correct) VALUES ('5ae410cc-ec5a-4c97-a7ef-90c5d3239930', 1, 'Gray shade undercoat', 'Sous-couche gris', 'Subcapa gris', true);
INSERT INTO public.quiz_answers (question_id, answer_order, answer_text_en, answer_text_fr, answer_text_es, is_correct) VALUES ('5ae410cc-ec5a-4c97-a7ef-90c5d3239930', 2, 'Groundcoat color', 'Couleur de fond', 'Color base', false);
INSERT INTO public.quiz_answers (question_id, answer_order, answer_text_en, answer_text_fr, answer_text_es, is_correct) VALUES ('5ae410cc-ec5a-4c97-a7ef-90c5d3239930', 3, 'Mid-coat', 'Couche intermediaire', 'Capa intermedia', false);
INSERT INTO public.quiz_answers (question_id, answer_order, answer_text_en, answer_text_fr, answer_text_es, is_correct) VALUES ('5ae410cc-ec5a-4c97-a7ef-90c5d3239930', 4, 'Clearcoat', 'Vernis', 'Barniz', false);
INSERT INTO public.quiz_questions (id, quiz_id, question_order, question_text_en, question_text_fr, question_text_es, question_type, explanation_en, explanation_fr, explanation_es) VALUES ('017d7cca-342a-431b-add2-39c35b26d3ea', '1019d937-ec12-4e76-92d3-c5948871cb15', 2, 'How is a tri-coat transition color created?', 'Creation couleur transition?', 'Creacion color transicion?', 'multiple-choice', '1 part RTS groundcoat + 1 part RTS mid-coat color.', '1 part fond + 1 part intermediaire.', '1 parte base + 1 parte intermedia.');
INSERT INTO public.quiz_answers (question_id, answer_order, answer_text_en, answer_text_fr, answer_text_es, is_correct) VALUES ('017d7cca-342a-431b-add2-39c35b26d3ea', 1, '1 part groundcoat + 1 part mid-coat RTS', '1 fond + 1 intermediaire', '1 base + 1 intermedia', true);
INSERT INTO public.quiz_answers (question_id, answer_order, answer_text_en, answer_text_fr, answer_text_es, is_correct) VALUES ('017d7cca-342a-431b-add2-39c35b26d3ea', 2, 'Pure mid-coat only', 'Intermediaire pur', 'Intermedia pura', false);
INSERT INTO public.quiz_answers (question_id, answer_order, answer_text_en, answer_text_fr, answer_text_es, is_correct) VALUES ('017d7cca-342a-431b-add2-39c35b26d3ea', 3, '3:1 groundcoat to mid-coat', '3:1', '3:1', false);
INSERT INTO public.quiz_answers (question_id, answer_order, answer_text_en, answer_text_fr, answer_text_es, is_correct) VALUES ('017d7cca-342a-431b-add2-39c35b26d3ea', 4, 'Use separate blend color', 'Couleur fondu separee', 'Color difuminado separado', false);
INSERT INTO public.quiz_questions (id, quiz_id, question_order, question_text_en, question_text_fr, question_text_es, question_type, explanation_en, explanation_fr, explanation_es) VALUES ('008793d6-74e8-4fd3-806d-cec3aa97197e', '1019d937-ec12-4e76-92d3-c5948871cb15', 3, 'What must you do before proceeding to mid-coat after transition?', 'Avant couche intermediaire?', 'Antes de capa intermedia?', 'multiple-choice', 'Tack off blend areas BEFORE proceeding.', 'Depoussier les zones de fondu.', 'Limpiar zonas de difuminado.');
INSERT INTO public.quiz_answers (question_id, answer_order, answer_text_en, answer_text_fr, answer_text_es, is_correct) VALUES ('008793d6-74e8-4fd3-806d-cec3aa97197e', 1, 'Tack off blend areas', 'Depoussier zones fondu', 'Limpiar zonas difuminado', true);
INSERT INTO public.quiz_answers (question_id, answer_order, answer_text_en, answer_text_fr, answer_text_es, is_correct) VALUES ('008793d6-74e8-4fd3-806d-cec3aa97197e', 2, 'Apply clearcoat first', 'Vernis d''''abord', 'Barniz primero', false);
INSERT INTO public.quiz_answers (question_id, answer_order, answer_text_en, answer_text_fr, answer_text_es, is_correct) VALUES ('008793d6-74e8-4fd3-806d-cec3aa97197e', 3, 'Sand the transition', 'Poncer la transition', 'Lijar la transicion', false);
INSERT INTO public.quiz_answers (question_id, answer_order, answer_text_en, answer_text_fr, answer_text_es, is_correct) VALUES ('008793d6-74e8-4fd3-806d-cec3aa97197e', 4, 'Wait 24 hours', 'Attendre 24h', 'Esperar 24h', false);
INSERT INTO public.quiz_questions (id, quiz_id, question_order, question_text_en, question_text_fr, question_text_es, question_type, explanation_en, explanation_fr, explanation_es) VALUES ('e7251c02-f7dc-4962-bdca-1c3764bbe331', '1019d937-ec12-4e76-92d3-c5948871cb15', 4, 'What is a coverage coat in tri-coat terminology?', 'Couche de couverture?', 'Capa de cobertura?', 'multiple-choice', 'Applied at 8 inches with 75% overlap, medium light coats.', '8 pouces, 75% chevauchement.', '8 pulgadas, 75% solapamiento.');
INSERT INTO public.quiz_answers (question_id, answer_order, answer_text_en, answer_text_fr, answer_text_es, is_correct) VALUES ('e7251c02-f7dc-4962-bdca-1c3764bbe331', 1, '75% overlap, medium light, 6-8 inches away', '75%, 6-8 pouces', '75%, 6-8 pulgadas', true);
INSERT INTO public.quiz_answers (question_id, answer_order, answer_text_en, answer_text_fr, answer_text_es, is_correct) VALUES ('e7251c02-f7dc-4962-bdca-1c3764bbe331', 2, '100% overlap heavy coat', '100% epaisse', '100% gruesa', false);
INSERT INTO public.quiz_answers (question_id, answer_order, answer_text_en, answer_text_fr, answer_text_es, is_correct) VALUES ('e7251c02-f7dc-4962-bdca-1c3764bbe331', 3, '50% overlap light mist', '50% legere', '50% ligera', false);
INSERT INTO public.quiz_answers (question_id, answer_order, answer_text_en, answer_text_fr, answer_text_es, is_correct) VALUES ('e7251c02-f7dc-4962-bdca-1c3764bbe331', 4, 'Single pass full wet', 'Un passage humide', 'Una pasada humeda', false);
INSERT INTO public.quiz_questions (id, quiz_id, question_order, question_text_en, question_text_fr, question_text_es, question_type, explanation_en, explanation_fr, explanation_es) VALUES ('9fb5f124-9987-41f5-8b5b-92cf2cde890d', '1019d937-ec12-4e76-92d3-c5948871cb15', 5, 'What is the last layer in a tri-coat system?', 'Derniere couche tri-couche?', 'Ultima capa tricapa?', 'multiple-choice', 'Clearcoat.', 'Vernis.', 'Barniz.');
INSERT INTO public.quiz_answers (question_id, answer_order, answer_text_en, answer_text_fr, answer_text_es, is_correct) VALUES ('9fb5f124-9987-41f5-8b5b-92cf2cde890d', 1, 'Clearcoat', 'Vernis', 'Barniz', true);
INSERT INTO public.quiz_answers (question_id, answer_order, answer_text_en, answer_text_fr, answer_text_es, is_correct) VALUES ('9fb5f124-9987-41f5-8b5b-92cf2cde890d', 2, 'Mid-coat', 'Intermediaire', 'Intermedia', false);
INSERT INTO public.quiz_answers (question_id, answer_order, answer_text_en, answer_text_fr, answer_text_es, is_correct) VALUES ('9fb5f124-9987-41f5-8b5b-92cf2cde890d', 3, 'Transition layer', 'Transition', 'Transicion', false);
INSERT INTO public.quiz_answers (question_id, answer_order, answer_text_en, answer_text_fr, answer_text_es, is_correct) VALUES ('9fb5f124-9987-41f5-8b5b-92cf2cde890d', 4, 'Groundcoat', 'Fond', 'Base', false);
INSERT INTO public.quiz_questions (id, quiz_id, question_order, question_text_en, question_text_fr, question_text_es, question_type, explanation_en, explanation_fr, explanation_es) VALUES ('cf65669a-6f03-4ed9-9021-722537835ec3', '1019d937-ec12-4e76-92d3-c5948871cb15', 6, 'What is a control coat?', 'Couche de controle?', 'Capa de control?', 'multiple-choice', 'Applied with lowered pressure, increased distance, and higher overlap to control metallic lay.', 'Pression reduite, distance accrue.', 'Presion reducida, distancia aumentada.');
INSERT INTO public.quiz_answers (question_id, answer_order, answer_text_en, answer_text_fr, answer_text_es, is_correct) VALUES ('cf65669a-6f03-4ed9-9021-722537835ec3', 1, 'Lowered pressure, increased distance for metallic control', 'Pression reduite, distance accrue', 'Presion reducida, distancia', true);
INSERT INTO public.quiz_answers (question_id, answer_order, answer_text_en, answer_text_fr, answer_text_es, is_correct) VALUES ('cf65669a-6f03-4ed9-9021-722537835ec3', 2, 'Heavy coverage coat', 'Couche epaisse', 'Capa gruesa', false);
INSERT INTO public.quiz_answers (question_id, answer_order, answer_text_en, answer_text_fr, answer_text_es, is_correct) VALUES ('cf65669a-6f03-4ed9-9021-722537835ec3', 3, 'Final clearcoat mist', 'Brouillard vernis', 'Niebla barniz', false);
INSERT INTO public.quiz_answers (question_id, answer_order, answer_text_en, answer_text_fr, answer_text_es, is_correct) VALUES ('cf65669a-6f03-4ed9-9021-722537835ec3', 4, 'Primer application', 'Application appret', 'Aplicacion imprimador', false);
INSERT INTO public.quiz_questions (id, quiz_id, question_order, question_text_en, question_text_fr, question_text_es, question_type, explanation_en, explanation_fr, explanation_es) VALUES ('9ba3303d-d022-433c-8063-670b094161de', '1019d937-ec12-4e76-92d3-c5948871cb15', 7, 'Can a second transition layer be applied if needed?', 'Deuxieme couche de transition?', 'Segunda capa de transicion?', 'multiple-choice', 'Yes - mix 1 part transition + 1 part mid-coat for a 2nd blend step.', 'Oui - 1 part transition + 1 part intermediaire.', 'Si - 1 parte transicion + 1 parte intermedia.');
INSERT INTO public.quiz_answers (question_id, answer_order, answer_text_en, answer_text_fr, answer_text_es, is_correct) VALUES ('9ba3303d-d022-433c-8063-670b094161de', 1, 'Yes, 1 part transition + 1 part mid-coat', 'Oui, 1+1', 'Si, 1+1', true);
INSERT INTO public.quiz_answers (question_id, answer_order, answer_text_en, answer_text_fr, answer_text_es, is_correct) VALUES ('9ba3303d-d022-433c-8063-670b094161de', 2, 'No, only one transition layer allowed', 'Non, une seule', 'No, solo una', false);
INSERT INTO public.quiz_answers (question_id, answer_order, answer_text_en, answer_text_fr, answer_text_es, is_correct) VALUES ('9ba3303d-d022-433c-8063-670b094161de', 3, 'Yes, use pure groundcoat', 'Oui, fond pur', 'Si, base pura', false);
INSERT INTO public.quiz_answers (question_id, answer_order, answer_text_en, answer_text_fr, answer_text_es, is_correct) VALUES ('9ba3303d-d022-433c-8063-670b094161de', 4, 'Only with supervisor approval', 'Avec approbation', 'Con aprobacion', false);
INSERT INTO public.quiz_questions (id, quiz_id, question_order, question_text_en, question_text_fr, question_text_es, question_type, explanation_en, explanation_fr, explanation_es) VALUES ('2f748b83-c1ed-45c7-b832-6af5e1f121cf', '1019d937-ec12-4e76-92d3-c5948871cb15', 8, 'What is the correct order of layers in a full tri-coat repair?', 'Ordre correct des couches?', 'Orden correcto de capas?', 'multiple-choice', 'Sealer, groundcoat, transition, mid-coat, clearcoat.', 'Scellant, fond, transition, intermediaire, vernis.', 'Sellador, base, transicion, intermedia, barniz.');
INSERT INTO public.quiz_answers (question_id, answer_order, answer_text_en, answer_text_fr, answer_text_es, is_correct) VALUES ('2f748b83-c1ed-45c7-b832-6af5e1f121cf', 1, 'Sealer > Groundcoat > Transition > Mid-coat > Clearcoat', 'Scellant>Fond>Transition>Inter>Vernis', 'Sellador>Base>Transicion>Inter>Barniz', true);
INSERT INTO public.quiz_answers (question_id, answer_order, answer_text_en, answer_text_fr, answer_text_es, is_correct) VALUES ('2f748b83-c1ed-45c7-b832-6af5e1f121cf', 2, 'Clearcoat > Mid-coat > Groundcoat > Sealer', 'Vernis>Inter>Fond>Scellant', 'Barniz>Inter>Base>Sellador', false);
INSERT INTO public.quiz_answers (question_id, answer_order, answer_text_en, answer_text_fr, answer_text_es, is_correct) VALUES ('2f748b83-c1ed-45c7-b832-6af5e1f121cf', 3, 'Primer > Color > Clear', 'Appret>Couleur>Vernis', 'Imprimador>Color>Barniz', false);
INSERT INTO public.quiz_answers (question_id, answer_order, answer_text_en, answer_text_fr, answer_text_es, is_correct) VALUES ('2f748b83-c1ed-45c7-b832-6af5e1f121cf', 4, 'Sealer > Mid-coat > Groundcoat > Clear', 'Scellant>Inter>Fond>Vernis', 'Sellador>Inter>Base>Barniz', false);

INSERT INTO public.quizzes (id, slug, title_en, title_fr, title_es, description_en, description_fr, description_es, quiz_type, passing_score, icon, is_active) VALUES ('8f987022-e574-4e3e-aec5-33c5d630cdbe', 'ppg-finished-paint', 'Finished Paint Procedures', 'Procedures de finition', 'Procedimientos de acabado', 'Knowledge of defect removal and final detailing.', 'Finition.', 'Acabado.', 'skill-check', 70, '✅', true);
INSERT INTO public.quiz_questions (id, quiz_id, question_order, question_text_en, question_text_fr, question_text_es, question_type, explanation_en, explanation_fr, explanation_es) VALUES ('8575806a-d252-4df9-a0b3-f0fca351a483', '8f987022-e574-4e3e-aec5-33c5d630cdbe', 1, 'What grit for sanding large dust nibs?', 'Grain pour grosses poussieres?', 'Grano para particulas grandes?', 'multiple-choice', 'P1000.', 'P1000.', 'P1000.');
INSERT INTO public.quiz_answers (question_id, answer_order, answer_text_en, answer_text_fr, answer_text_es, is_correct) VALUES ('8575806a-d252-4df9-a0b3-f0fca351a483', 1, 'P1000', 'P1000', 'P1000', true);
INSERT INTO public.quiz_answers (question_id, answer_order, answer_text_en, answer_text_fr, answer_text_es, is_correct) VALUES ('8575806a-d252-4df9-a0b3-f0fca351a483', 2, 'P400', 'P400', 'P400', false);
INSERT INTO public.quiz_answers (question_id, answer_order, answer_text_en, answer_text_fr, answer_text_es, is_correct) VALUES ('8575806a-d252-4df9-a0b3-f0fca351a483', 3, 'P2000', 'P2000', 'P2000', false);
INSERT INTO public.quiz_answers (question_id, answer_order, answer_text_en, answer_text_fr, answer_text_es, is_correct) VALUES ('8575806a-d252-4df9-a0b3-f0fca351a483', 4, 'P3000', 'P3000', 'P3000', false);
INSERT INTO public.quiz_questions (id, quiz_id, question_order, question_text_en, question_text_fr, question_text_es, question_type, explanation_en, explanation_fr, explanation_es) VALUES ('11c1b554-633e-43a4-aef6-05af50247223', '8f987022-e574-4e3e-aec5-33c5d630cdbe', 2, 'What grit for small dust nibs on DA sander?', 'Grain DA petites poussieres?', 'Grano DA particulas pequenas?', 'multiple-choice', 'P1500-P2000 with interface backup pad.', 'P1500-P2000 avec patin.', 'P1500-P2000 con interfaz.');
INSERT INTO public.quiz_answers (question_id, answer_order, answer_text_en, answer_text_fr, answer_text_es, is_correct) VALUES ('11c1b554-633e-43a4-aef6-05af50247223', 1, 'P1500-P2000', 'P1500-P2000', 'P1500-P2000', true);
INSERT INTO public.quiz_answers (question_id, answer_order, answer_text_en, answer_text_fr, answer_text_es, is_correct) VALUES ('11c1b554-633e-43a4-aef6-05af50247223', 2, 'P400-P600', 'P400-P600', 'P400-P600', false);
INSERT INTO public.quiz_answers (question_id, answer_order, answer_text_en, answer_text_fr, answer_text_es, is_correct) VALUES ('11c1b554-633e-43a4-aef6-05af50247223', 3, 'P80-P120', 'P80-P120', 'P80-P120', false);
INSERT INTO public.quiz_answers (question_id, answer_order, answer_text_en, answer_text_fr, answer_text_es, is_correct) VALUES ('11c1b554-633e-43a4-aef6-05af50247223', 4, 'P3000-P5000', 'P3000-P5000', 'P3000-P5000', false);
INSERT INTO public.quiz_questions (id, quiz_id, question_order, question_text_en, question_text_fr, question_text_es, question_type, explanation_en, explanation_fr, explanation_es) VALUES ('e90b8491-e816-4cd7-8c8d-8bdb09350c19', '8f987022-e574-4e3e-aec5-33c5d630cdbe', 3, 'What is the refining step after sanding nibs?', 'Etape de raffinage?', 'Paso de refinamiento?', 'multiple-choice', 'P3000 damp on DA with backup pad, then compound.', 'P3000 humide sur DA, puis polissage.', 'P3000 humedo en DA, luego pulido.');
INSERT INTO public.quiz_answers (question_id, answer_order, answer_text_en, answer_text_fr, answer_text_es, is_correct) VALUES ('e90b8491-e816-4cd7-8c8d-8bdb09350c19', 1, 'P3000 damp on DA, then compound', 'P3000 DA puis polissage', 'P3000 DA luego pulido', true);
INSERT INTO public.quiz_answers (question_id, answer_order, answer_text_en, answer_text_fr, answer_text_es, is_correct) VALUES ('e90b8491-e816-4cd7-8c8d-8bdb09350c19', 2, 'P1000 wet', 'P1000 humide', 'P1000 humedo', false);
INSERT INTO public.quiz_answers (question_id, answer_order, answer_text_en, answer_text_fr, answer_text_es, is_correct) VALUES ('e90b8491-e816-4cd7-8c8d-8bdb09350c19', 3, 'Skip to compound', 'Directement polissage', 'Directo pulido', false);
INSERT INTO public.quiz_answers (question_id, answer_order, answer_text_en, answer_text_fr, answer_text_es, is_correct) VALUES ('e90b8491-e816-4cd7-8c8d-8bdb09350c19', 4, 'P5000 by hand', 'P5000 a la main', 'P5000 a mano', false);
INSERT INTO public.quiz_questions (id, quiz_id, question_order, question_text_en, question_text_fr, question_text_es, question_type, explanation_en, explanation_fr, explanation_es) VALUES ('2994dd11-b4ca-40ab-a02a-95a12b6dfad0', '8f987022-e574-4e3e-aec5-33c5d630cdbe', 4, 'First step for removing runs/sags?', 'Premiere etape pour coulures?', 'Primer paso para escurrimientos?', 'multiple-choice', 'Remove with razor blade as much as possible.', 'Lame de rasoir.', 'Navaja de afeitar.');
INSERT INTO public.quiz_answers (question_id, answer_order, answer_text_en, answer_text_fr, answer_text_es, is_correct) VALUES ('2994dd11-b4ca-40ab-a02a-95a12b6dfad0', 1, 'Razor blade removal', 'Lame de rasoir', 'Navaja de afeitar', true);
INSERT INTO public.quiz_answers (question_id, answer_order, answer_text_en, answer_text_fr, answer_text_es, is_correct) VALUES ('2994dd11-b4ca-40ab-a02a-95a12b6dfad0', 2, 'Sand with P80', 'Poncer P80', 'Lijar P80', false);
INSERT INTO public.quiz_answers (question_id, answer_order, answer_text_en, answer_text_fr, answer_text_es, is_correct) VALUES ('2994dd11-b4ca-40ab-a02a-95a12b6dfad0', 3, 'Compound directly', 'Polir directement', 'Pulir directamente', false);
INSERT INTO public.quiz_answers (question_id, answer_order, answer_text_en, answer_text_fr, answer_text_es, is_correct) VALUES ('2994dd11-b4ca-40ab-a02a-95a12b6dfad0', 4, 'Respray the area', 'Repeindre', 'Repintar', false);
INSERT INTO public.quiz_questions (id, quiz_id, question_order, question_text_en, question_text_fr, question_text_es, question_type, explanation_en, explanation_fr, explanation_es) VALUES ('511fb0f6-5c20-48e7-b26e-339531093ec9', '8f987022-e574-4e3e-aec5-33c5d630cdbe', 5, 'After razor blade on runs, what sanding sequence?', 'Sequence apres lame?', 'Secuencia despues de navaja?', 'multiple-choice', 'P1000 wet, P1500-P2000 DA, P3000 DA, then compound.', 'P1000, P1500-P2000, P3000, polissage.', 'P1000, P1500-P2000, P3000, pulido.');
INSERT INTO public.quiz_answers (question_id, answer_order, answer_text_en, answer_text_fr, answer_text_es, is_correct) VALUES ('511fb0f6-5c20-48e7-b26e-339531093ec9', 1, 'P1000 > P1500-P2000 > P3000 > compound', 'P1000>P1500-P2000>P3000>polissage', 'P1000>P1500-P2000>P3000>pulido', true);
INSERT INTO public.quiz_answers (question_id, answer_order, answer_text_en, answer_text_fr, answer_text_es, is_correct) VALUES ('511fb0f6-5c20-48e7-b26e-339531093ec9', 2, 'P80 > P320 > compound', 'P80>P320>polissage', 'P80>P320>pulido', false);
INSERT INTO public.quiz_answers (question_id, answer_order, answer_text_en, answer_text_fr, answer_text_es, is_correct) VALUES ('511fb0f6-5c20-48e7-b26e-339531093ec9', 3, 'P400 > P800 > compound', 'P400>P800>polissage', 'P400>P800>pulido', false);
INSERT INTO public.quiz_answers (question_id, answer_order, answer_text_en, answer_text_fr, answer_text_es, is_correct) VALUES ('511fb0f6-5c20-48e7-b26e-339531093ec9', 4, 'No sanding, just compound', 'Polissage direct', 'Pulido directo', false);
INSERT INTO public.quiz_questions (id, quiz_id, question_order, question_text_en, question_text_fr, question_text_es, question_type, explanation_en, explanation_fr, explanation_es) VALUES ('5e7e170c-edc0-46e3-8d0b-aa2dad40ddcf', '8f987022-e574-4e3e-aec5-33c5d630cdbe', 6, 'What type of pad for compounding?', 'Type de tampon pour polissage?', 'Tipo de pad para pulido?', 'multiple-choice', 'White foam or wool compounding pad.', 'Mousse blanche ou laine.', 'Espuma blanca o lana.');
INSERT INTO public.quiz_answers (question_id, answer_order, answer_text_en, answer_text_fr, answer_text_es, is_correct) VALUES ('5e7e170c-edc0-46e3-8d0b-aa2dad40ddcf', 1, 'White foam or wool', 'Mousse blanche ou laine', 'Espuma blanca o lana', true);
INSERT INTO public.quiz_answers (question_id, answer_order, answer_text_en, answer_text_fr, answer_text_es, is_correct) VALUES ('5e7e170c-edc0-46e3-8d0b-aa2dad40ddcf', 2, 'Black finishing pad', 'Tampon finition noir', 'Pad acabado negro', false);
INSERT INTO public.quiz_answers (question_id, answer_order, answer_text_en, answer_text_fr, answer_text_es, is_correct) VALUES ('5e7e170c-edc0-46e3-8d0b-aa2dad40ddcf', 3, 'Red cutting pad', 'Tampon rouge', 'Pad rojo', false);
INSERT INTO public.quiz_answers (question_id, answer_order, answer_text_en, answer_text_fr, answer_text_es, is_correct) VALUES ('5e7e170c-edc0-46e3-8d0b-aa2dad40ddcf', 4, 'Any pad', 'N''''importe quel tampon', 'Cualquier pad', false);
INSERT INTO public.quiz_questions (id, quiz_id, question_order, question_text_en, question_text_fr, question_text_es, question_type, explanation_en, explanation_fr, explanation_es) VALUES ('3313a6e4-49f3-4a13-95e8-b45504acf1b3', '8f987022-e574-4e3e-aec5-33c5d630cdbe', 7, 'What area size should you compound at a time?', 'Surface de polissage?', 'Area de pulido?', 'multiple-choice', '2 x 2 foot area, bringing to scratch-free shine.', '2 x 2 pieds.', '2 x 2 pies.');
INSERT INTO public.quiz_answers (question_id, answer_order, answer_text_en, answer_text_fr, answer_text_es, is_correct) VALUES ('3313a6e4-49f3-4a13-95e8-b45504acf1b3', 1, '2 x 2 feet', '2 x 2 pieds', '2 x 2 pies', true);
INSERT INTO public.quiz_answers (question_id, answer_order, answer_text_en, answer_text_fr, answer_text_es, is_correct) VALUES ('3313a6e4-49f3-4a13-95e8-b45504acf1b3', 2, 'Full panel at once', 'Panneau entier', 'Panel completo', false);
INSERT INTO public.quiz_answers (question_id, answer_order, answer_text_en, answer_text_fr, answer_text_es, is_correct) VALUES ('3313a6e4-49f3-4a13-95e8-b45504acf1b3', 3, '6 x 6 inches', '6 x 6 pouces', '6 x 6 pulgadas', false);
INSERT INTO public.quiz_answers (question_id, answer_order, answer_text_en, answer_text_fr, answer_text_es, is_correct) VALUES ('3313a6e4-49f3-4a13-95e8-b45504acf1b3', 4, '1 x 1 foot', '1 x 1 pied', '1 x 1 pie', false);
INSERT INTO public.quiz_questions (id, quiz_id, question_order, question_text_en, question_text_fr, question_text_es, question_type, explanation_en, explanation_fr, explanation_es) VALUES ('f35b865a-3281-4dfe-9ce4-c4776901e9f7', '8f987022-e574-4e3e-aec5-33c5d630cdbe', 8, 'What should you check before compounding?', 'Verifier avant polissage?', 'Verificar antes de pulir?', 'multiple-choice', 'Wash and dry, ensure surface is completely flat sanded.', 'Laver, secher, verifier le poncage.', 'Lavar, secar, verificar el lijado.');
INSERT INTO public.quiz_answers (question_id, answer_order, answer_text_en, answer_text_fr, answer_text_es, is_correct) VALUES ('f35b865a-3281-4dfe-9ce4-c4776901e9f7', 1, 'Surface is washed, dried, and completely flat sanded', 'Lave, seche, ponce plat', 'Lavada, seca, lijada plana', true);
INSERT INTO public.quiz_answers (question_id, answer_order, answer_text_en, answer_text_fr, answer_text_es, is_correct) VALUES ('f35b865a-3281-4dfe-9ce4-c4776901e9f7', 2, 'Temperature is above 70F', 'Temperature > 70F', 'Temperatura > 70F', false);
INSERT INTO public.quiz_answers (question_id, answer_order, answer_text_en, answer_text_fr, answer_text_es, is_correct) VALUES ('f35b865a-3281-4dfe-9ce4-c4776901e9f7', 3, 'Paint is fully cured 48hrs', 'Seche 48h', 'Seco 48h', false);
INSERT INTO public.quiz_answers (question_id, answer_order, answer_text_en, answer_text_fr, answer_text_es, is_correct) VALUES ('f35b865a-3281-4dfe-9ce4-c4776901e9f7', 4, 'Nothing specific', 'Rien', 'Nada', false);

INSERT INTO public.quizzes (id, slug, title_en, title_fr, title_es, description_en, description_fr, description_es, quiz_type, passing_score, icon, is_active) VALUES ('a3461c98-6854-44ac-8c4e-a327c306369d', 'ppg-skill-clearcoat-application', 'Clearcoat Application Skills', 'Competences application vernis', 'Habilidades aplicacion barniz', 'Test your clearcoat application procedure knowledge.', 'Application vernis.', 'Aplicacion barniz.', 'skill-check', 70, '💫', true);
INSERT INTO public.quiz_questions (id, quiz_id, question_order, question_text_en, question_text_fr, question_text_es, question_type, explanation_en, explanation_fr, explanation_es) VALUES ('9633843c-de39-49ae-89cf-f58b117d840e', 'a3461c98-6854-44ac-8c4e-a327c306369d', 1, 'How long should basecoat flash before clearcoat?', 'Temps sechage base avant vernis?', 'Tiempo secado base antes de barniz?', 'multiple-choice', '15 minutes at 70F.', '15 minutes a 70F.', '15 minutos a 70F.');
INSERT INTO public.quiz_answers (question_id, answer_order, answer_text_en, answer_text_fr, answer_text_es, is_correct) VALUES ('9633843c-de39-49ae-89cf-f58b117d840e', 1, '15 minutes at 70F', '15 minutes a 70F', '15 minutos a 70F', true);
INSERT INTO public.quiz_answers (question_id, answer_order, answer_text_en, answer_text_fr, answer_text_es, is_correct) VALUES ('9633843c-de39-49ae-89cf-f58b117d840e', 2, '5 minutes', '5 minutes', '5 minutos', false);
INSERT INTO public.quiz_answers (question_id, answer_order, answer_text_en, answer_text_fr, answer_text_es, is_correct) VALUES ('9633843c-de39-49ae-89cf-f58b117d840e', 3, '30 minutes', '30 minutes', '30 minutos', false);
INSERT INTO public.quiz_answers (question_id, answer_order, answer_text_en, answer_text_fr, answer_text_es, is_correct) VALUES ('9633843c-de39-49ae-89cf-f58b117d840e', 4, '1 hour', '1 heure', '1 hora', false);
INSERT INTO public.quiz_questions (id, quiz_id, question_order, question_text_en, question_text_fr, question_text_es, question_type, explanation_en, explanation_fr, explanation_es) VALUES ('cc41d3ae-48f7-4ebc-8be1-91e6136a959c', 'a3461c98-6854-44ac-8c4e-a327c306369d', 2, 'Clearcoat must extend to where for warranty?', 'Extension du vernis pour garantie?', 'Extension del barniz para garantia?', 'multiple-choice', 'To the nearest panel edge.', 'Au bord de panneau le plus proche.', 'Al borde de panel mas cercano.');
INSERT INTO public.quiz_answers (question_id, answer_order, answer_text_en, answer_text_fr, answer_text_es, is_correct) VALUES ('cc41d3ae-48f7-4ebc-8be1-91e6136a959c', 1, 'Nearest panel edge', 'Bord de panneau', 'Borde de panel', true);
INSERT INTO public.quiz_answers (question_id, answer_order, answer_text_en, answer_text_fr, answer_text_es, is_correct) VALUES ('cc41d3ae-48f7-4ebc-8be1-91e6136a959c', 2, '6 inches beyond color', '6 pouces au-dela', '6 pulgadas mas alla', false);
INSERT INTO public.quiz_answers (question_id, answer_order, answer_text_en, answer_text_fr, answer_text_es, is_correct) VALUES ('cc41d3ae-48f7-4ebc-8be1-91e6136a959c', 3, 'Just over the color', 'Juste sur la couleur', 'Solo sobre el color', false);
INSERT INTO public.quiz_answers (question_id, answer_order, answer_text_en, answer_text_fr, answer_text_es, is_correct) VALUES ('cc41d3ae-48f7-4ebc-8be1-91e6136a959c', 4, 'Entire panel always', 'Tout le panneau', 'Todo el panel', false);
INSERT INTO public.quiz_questions (id, quiz_id, question_order, question_text_en, question_text_fr, question_text_es, question_type, explanation_en, explanation_fr, explanation_es) VALUES ('cd72a99d-94f7-47fd-9d95-0012a3326f24', 'a3461c98-6854-44ac-8c4e-a327c306369d', 3, 'Minimum clearcoat thickness over basecoat?', 'Epaisseur minimale sur base?', 'Espesor minimo sobre base?', 'multiple-choice', '2.0 mils minimum.', '2,0 mils minimum.', '2,0 mils minimo.');
INSERT INTO public.quiz_answers (question_id, answer_order, answer_text_en, answer_text_fr, answer_text_es, is_correct) VALUES ('cd72a99d-94f7-47fd-9d95-0012a3326f24', 1, '2.0 mils', '2,0 mils', '2,0 mils', true);
INSERT INTO public.quiz_answers (question_id, answer_order, answer_text_en, answer_text_fr, answer_text_es, is_correct) VALUES ('cd72a99d-94f7-47fd-9d95-0012a3326f24', 2, '1.0 mils', '1,0 mils', '1,0 mils', false);
INSERT INTO public.quiz_answers (question_id, answer_order, answer_text_en, answer_text_fr, answer_text_es, is_correct) VALUES ('cd72a99d-94f7-47fd-9d95-0012a3326f24', 3, '3.5 mils', '3,5 mils', '3,5 mils', false);
INSERT INTO public.quiz_answers (question_id, answer_order, answer_text_en, answer_text_fr, answer_text_es, is_correct) VALUES ('cd72a99d-94f7-47fd-9d95-0012a3326f24', 4, '0.5 mils', '0,5 mils', '0,5 mils', false);
INSERT INTO public.quiz_questions (id, quiz_id, question_order, question_text_en, question_text_fr, question_text_es, question_type, explanation_en, explanation_fr, explanation_es) VALUES ('7f5e22f0-7468-4646-9998-838a8d1c8e17', 'a3461c98-6854-44ac-8c4e-a327c306369d', 4, 'What to do with spray gun after final clearcoat coat?', 'Pistolet apres derniere couche?', 'Pistola despues de ultima capa?', 'multiple-choice', 'Clean immediately.', 'Nettoyer immediatement.', 'Limpiar inmediatamente.');
INSERT INTO public.quiz_answers (question_id, answer_order, answer_text_en, answer_text_fr, answer_text_es, is_correct) VALUES ('7f5e22f0-7468-4646-9998-838a8d1c8e17', 1, 'Clean immediately', 'Immediatement', 'Inmediatamente', true);
INSERT INTO public.quiz_answers (question_id, answer_order, answer_text_en, answer_text_fr, answer_text_es, is_correct) VALUES ('7f5e22f0-7468-4646-9998-838a8d1c8e17', 2, 'Wait until end of shift', 'Fin de quart', 'Fin de turno', false);
INSERT INTO public.quiz_answers (question_id, answer_order, answer_text_en, answer_text_fr, answer_text_es, is_correct) VALUES ('7f5e22f0-7468-4646-9998-838a8d1c8e17', 3, 'Soak in thinner overnight', 'Tremper dans diluant', 'Remojar en diluyente', false);
INSERT INTO public.quiz_answers (question_id, answer_order, answer_text_en, answer_text_fr, answer_text_es, is_correct) VALUES ('7f5e22f0-7468-4646-9998-838a8d1c8e17', 4, 'No cleaning needed', 'Pas de nettoyage', 'Sin limpieza', false);
INSERT INTO public.quiz_questions (id, quiz_id, question_order, question_text_en, question_text_fr, question_text_es, question_type, explanation_en, explanation_fr, explanation_es) VALUES ('514c9074-1f4d-4b33-96b3-9de0b870a0a8', 'a3461c98-6854-44ac-8c4e-a327c306369d', 5, 'What should you reference for masking before clearcoat?', 'Reference masquage avant vernis?', 'Referencia enmascarado antes barniz?', 'multiple-choice', 'PD-0300 Vehicle Masking.', 'PD-0300.', 'PD-0300.');
INSERT INTO public.quiz_answers (question_id, answer_order, answer_text_en, answer_text_fr, answer_text_es, is_correct) VALUES ('514c9074-1f4d-4b33-96b3-9de0b870a0a8', 1, 'PD-0300', 'PD-0300', 'PD-0300', true);
INSERT INTO public.quiz_answers (question_id, answer_order, answer_text_en, answer_text_fr, answer_text_es, is_correct) VALUES ('514c9074-1f4d-4b33-96b3-9de0b870a0a8', 2, 'PD-0100', 'PD-0100', 'PD-0100', false);
INSERT INTO public.quiz_answers (question_id, answer_order, answer_text_en, answer_text_fr, answer_text_es, is_correct) VALUES ('514c9074-1f4d-4b33-96b3-9de0b870a0a8', 3, 'PD-0810', 'PD-0810', 'PD-0810', false);
INSERT INTO public.quiz_answers (question_id, answer_order, answer_text_en, answer_text_fr, answer_text_es, is_correct) VALUES ('514c9074-1f4d-4b33-96b3-9de0b870a0a8', 4, 'PD-0500', 'PD-0500', 'PD-0500', false);
INSERT INTO public.quiz_questions (id, quiz_id, question_order, question_text_en, question_text_fr, question_text_es, question_type, explanation_en, explanation_fr, explanation_es) VALUES ('c45f2000-3ce1-4e9e-a4f8-e94287568c54', 'a3461c98-6854-44ac-8c4e-a327c306369d', 6, 'What is the maximum HVLP pressure at the cap for EC520?', 'Pression HVLP maximale EC520?', 'Presion HVLP maxima EC520?', 'multiple-choice', '10 PSI maximum.', '10 PSI maximum.', '10 PSI maximo.');
INSERT INTO public.quiz_answers (question_id, answer_order, answer_text_en, answer_text_fr, answer_text_es, is_correct) VALUES ('c45f2000-3ce1-4e9e-a4f8-e94287568c54', 1, '10 PSI max', '10 PSI max', '10 PSI max', true);
INSERT INTO public.quiz_answers (question_id, answer_order, answer_text_en, answer_text_fr, answer_text_es, is_correct) VALUES ('c45f2000-3ce1-4e9e-a4f8-e94287568c54', 2, '15 PSI', '15 PSI', '15 PSI', false);
INSERT INTO public.quiz_answers (question_id, answer_order, answer_text_en, answer_text_fr, answer_text_es, is_correct) VALUES ('c45f2000-3ce1-4e9e-a4f8-e94287568c54', 3, '20 PSI', '20 PSI', '20 PSI', false);
INSERT INTO public.quiz_answers (question_id, answer_order, answer_text_en, answer_text_fr, answer_text_es, is_correct) VALUES ('c45f2000-3ce1-4e9e-a4f8-e94287568c54', 4, '25 PSI', '25 PSI', '25 PSI', false);
INSERT INTO public.quiz_questions (id, quiz_id, question_order, question_text_en, question_text_fr, question_text_es, question_type, explanation_en, explanation_fr, explanation_es) VALUES ('011d767c-f589-4b86-9780-7e402fc36252', 'a3461c98-6854-44ac-8c4e-a327c306369d', 7, 'What compliant gun pressure range for EC520?', 'Pression pistolet conforme EC520?', 'Presion pistola conforme EC520?', 'multiple-choice', '29-40 PSI at the gun.', '29-40 PSI.', '29-40 PSI.');
INSERT INTO public.quiz_answers (question_id, answer_order, answer_text_en, answer_text_fr, answer_text_es, is_correct) VALUES ('011d767c-f589-4b86-9780-7e402fc36252', 1, '29-40 PSI', '29-40 PSI', '29-40 PSI', true);
INSERT INTO public.quiz_answers (question_id, answer_order, answer_text_en, answer_text_fr, answer_text_es, is_correct) VALUES ('011d767c-f589-4b86-9780-7e402fc36252', 2, '10-15 PSI', '10-15 PSI', '10-15 PSI', false);
INSERT INTO public.quiz_answers (question_id, answer_order, answer_text_en, answer_text_fr, answer_text_es, is_correct) VALUES ('011d767c-f589-4b86-9780-7e402fc36252', 3, '45-55 PSI', '45-55 PSI', '45-55 PSI', false);
INSERT INTO public.quiz_answers (question_id, answer_order, answer_text_en, answer_text_fr, answer_text_es, is_correct) VALUES ('011d767c-f589-4b86-9780-7e402fc36252', 4, '20-25 PSI', '20-25 PSI', '20-25 PSI', false);
INSERT INTO public.quiz_questions (id, quiz_id, question_order, question_text_en, question_text_fr, question_text_es, question_type, explanation_en, explanation_fr, explanation_es) VALUES ('ec83ac97-664a-4a11-a1de-0f6f52d44e2f', 'a3461c98-6854-44ac-8c4e-a327c306369d', 8, 'What happens if you use IR heat on clearcoat?', 'Utilisation IR sur vernis?', 'Uso de IR en barniz?', 'multiple-choice', 'If IR will be used on clearcoat, IR dry the basecoat FIRST before applying clear.', 'Secher base IR d''''abord.', 'Secar base IR primero.');
INSERT INTO public.quiz_answers (question_id, answer_order, answer_text_en, answer_text_fr, answer_text_es, is_correct) VALUES ('ec83ac97-664a-4a11-a1de-0f6f52d44e2f', 1, 'Must IR dry basecoat FIRST before clearcoat', 'IR base d''''abord', 'IR base primero', true);
INSERT INTO public.quiz_answers (question_id, answer_order, answer_text_en, answer_text_fr, answer_text_es, is_correct) VALUES ('ec83ac97-664a-4a11-a1de-0f6f52d44e2f', 2, 'Apply IR during clearcoat application', 'IR pendant application', 'IR durante aplicacion', false);
INSERT INTO public.quiz_answers (question_id, answer_order, answer_text_en, answer_text_fr, answer_text_es, is_correct) VALUES ('ec83ac97-664a-4a11-a1de-0f6f52d44e2f', 3, 'Never use IR with clearcoat', 'Jamais IR', 'Nunca IR', false);
INSERT INTO public.quiz_answers (question_id, answer_order, answer_text_en, answer_text_fr, answer_text_es, is_correct) VALUES ('ec83ac97-664a-4a11-a1de-0f6f52d44e2f', 4, 'IR only after clearcoat cures', 'IR apres sechage', 'IR despues de secado', false);

INSERT INTO public.quizzes (id, slug, title_en, title_fr, title_es, description_en, description_fr, description_es, quiz_type, passing_score, icon, is_active) VALUES ('f8a0cd2a-1809-462a-873d-699e30f39585', 'ppg-skill-waterborne-viscosity', 'Waterborne Viscosity Measurement', 'Mesure de viscosite', 'Medicion de viscosidad', 'Test your viscosity measurement procedure.', 'Viscosite.', 'Viscosidad.', 'skill-check', 70, '📏', true);
INSERT INTO public.quiz_questions (id, quiz_id, question_order, question_text_en, question_text_fr, question_text_es, question_type, explanation_en, explanation_fr, explanation_es) VALUES ('08c54f59-64fc-4851-aab2-732a3d36a23f', 'f8a0cd2a-1809-462a-873d-699e30f39585', 1, 'What items are needed to measure waterborne viscosity?', 'Materiel necessaire?', 'Material necesario?', 'multiple-choice', 'DIN4 cup (DEX640), stopwatch, reduced waterborne basecoat.', 'DIN4, chronometre, base reduite.', 'DIN4, cronometro, base reducida.');
INSERT INTO public.quiz_answers (question_id, answer_order, answer_text_en, answer_text_fr, answer_text_es, is_correct) VALUES ('08c54f59-64fc-4851-aab2-732a3d36a23f', 1, 'DIN4 cup, stopwatch, reduced basecoat', 'DIN4, chronometre, base', 'DIN4, cronometro, base', true);
INSERT INTO public.quiz_answers (question_id, answer_order, answer_text_en, answer_text_fr, answer_text_es, is_correct) VALUES ('08c54f59-64fc-4851-aab2-732a3d36a23f', 2, 'Zahn cup and thermometer', 'Zahn et thermometre', 'Zahn y termometro', false);
INSERT INTO public.quiz_answers (question_id, answer_order, answer_text_en, answer_text_fr, answer_text_es, is_correct) VALUES ('08c54f59-64fc-4851-aab2-732a3d36a23f', 3, 'Graduated cylinder only', 'Cylindre grade', 'Cilindro graduado', false);
INSERT INTO public.quiz_answers (question_id, answer_order, answer_text_en, answer_text_fr, answer_text_es, is_correct) VALUES ('08c54f59-64fc-4851-aab2-732a3d36a23f', 4, 'Scale and measuring cup', 'Balance et tasse', 'Balanza y taza', false);
INSERT INTO public.quiz_questions (id, quiz_id, question_order, question_text_en, question_text_fr, question_text_es, question_type, explanation_en, explanation_fr, explanation_es) VALUES ('e645270f-5c4e-472b-9a18-b59a0436b938', 'f8a0cd2a-1809-462a-873d-699e30f39585', 2, 'How should you start the viscosity measurement?', 'Comment commencer la mesure?', 'Como comenzar la medicion?', 'multiple-choice', 'Submerge DIN4 cup completely, lift and start stopwatch simultaneously.', 'Immerger, lever et demarrer.', 'Sumergir, levantar e iniciar.');
INSERT INTO public.quiz_answers (question_id, answer_order, answer_text_en, answer_text_fr, answer_text_es, is_correct) VALUES ('e645270f-5c4e-472b-9a18-b59a0436b938', 1, 'Submerge fully, lift and start stopwatch together', 'Immerger, lever, demarrer', 'Sumergir, levantar, iniciar', true);
INSERT INTO public.quiz_answers (question_id, answer_order, answer_text_en, answer_text_fr, answer_text_es, is_correct) VALUES ('e645270f-5c4e-472b-9a18-b59a0436b938', 2, 'Dip half the cup', 'Tremper a moitie', 'Sumergir mitad', false);
INSERT INTO public.quiz_answers (question_id, answer_order, answer_text_en, answer_text_fr, answer_text_es, is_correct) VALUES ('e645270f-5c4e-472b-9a18-b59a0436b938', 3, 'Pour paint into cup', 'Verser dans la coupe', 'Verter en copa', false);
INSERT INTO public.quiz_answers (question_id, answer_order, answer_text_en, answer_text_fr, answer_text_es, is_correct) VALUES ('e645270f-5c4e-472b-9a18-b59a0436b938', 4, 'Fill cup and flip', 'Remplir et retourner', 'Llenar y voltear', false);
INSERT INTO public.quiz_questions (id, quiz_id, question_order, question_text_en, question_text_fr, question_text_es, question_type, explanation_en, explanation_fr, explanation_es) VALUES ('17ead400-447f-478b-92cc-19ab775196ad', 'f8a0cd2a-1809-462a-873d-699e30f39585', 3, 'Target waterborne basecoat viscosity?', 'Viscosite cible?', 'Viscosidad objetivo?', 'multiple-choice', '23-28 seconds DIN4.', '23-28 secondes.', '23-28 segundos.');
INSERT INTO public.quiz_answers (question_id, answer_order, answer_text_en, answer_text_fr, answer_text_es, is_correct) VALUES ('17ead400-447f-478b-92cc-19ab775196ad', 1, '23-28 seconds', '23-28 secondes', '23-28 segundos', true);
INSERT INTO public.quiz_answers (question_id, answer_order, answer_text_en, answer_text_fr, answer_text_es, is_correct) VALUES ('17ead400-447f-478b-92cc-19ab775196ad', 2, '15-20 seconds', '15-20 secondes', '15-20 segundos', false);
INSERT INTO public.quiz_answers (question_id, answer_order, answer_text_en, answer_text_fr, answer_text_es, is_correct) VALUES ('17ead400-447f-478b-92cc-19ab775196ad', 3, '30-40 seconds', '30-40 secondes', '30-40 segundos', false);
INSERT INTO public.quiz_answers (question_id, answer_order, answer_text_en, answer_text_fr, answer_text_es, is_correct) VALUES ('17ead400-447f-478b-92cc-19ab775196ad', 4, '10-15 seconds', '10-15 secondes', '10-15 segundos', false);
INSERT INTO public.quiz_questions (id, quiz_id, question_order, question_text_en, question_text_fr, question_text_es, question_type, explanation_en, explanation_fr, explanation_es) VALUES ('e802e1ca-d605-4dd5-a9d7-0ff67e914d37', 'f8a0cd2a-1809-462a-873d-699e30f39585', 4, 'If viscosity is over 28 seconds (too thick)?', 'Si > 28 secondes (trop epais)?', 'Si > 28 segundos (muy espeso)?', 'multiple-choice', 'Add thinner, stir well, recheck.', 'Ajouter diluant, remuer, reverifier.', 'Agregar diluyente, revolver, verificar.');
INSERT INTO public.quiz_answers (question_id, answer_order, answer_text_en, answer_text_fr, answer_text_es, is_correct) VALUES ('e802e1ca-d605-4dd5-a9d7-0ff67e914d37', 1, 'Add thinner, stir, recheck', 'Diluant, remuer, verifier', 'Diluyente, revolver, verificar', true);
INSERT INTO public.quiz_answers (question_id, answer_order, answer_text_en, answer_text_fr, answer_text_es, is_correct) VALUES ('e802e1ca-d605-4dd5-a9d7-0ff67e914d37', 2, 'Add unreduced basecoat', 'Ajouter base', 'Agregar base', false);
INSERT INTO public.quiz_answers (question_id, answer_order, answer_text_en, answer_text_fr, answer_text_es, is_correct) VALUES ('e802e1ca-d605-4dd5-a9d7-0ff67e914d37', 3, 'Use as is', 'Utiliser tel quel', 'Usar asi', false);
INSERT INTO public.quiz_answers (question_id, answer_order, answer_text_en, answer_text_fr, answer_text_es, is_correct) VALUES ('e802e1ca-d605-4dd5-a9d7-0ff67e914d37', 4, 'Discard', 'Jeter', 'Desechar', false);
INSERT INTO public.quiz_questions (id, quiz_id, question_order, question_text_en, question_text_fr, question_text_es, question_type, explanation_en, explanation_fr, explanation_es) VALUES ('976984f8-fd40-4f8c-a9fe-6685dadc4d85', 'f8a0cd2a-1809-462a-873d-699e30f39585', 5, 'If viscosity is under 23 seconds (too thin)?', 'Si < 23 secondes (trop liquide)?', 'Si < 23 segundos (muy delgado)?', 'multiple-choice', 'Add unreduced waterborne basecoat, stir, recheck.', 'Ajouter base non reduite.', 'Agregar base sin reducir.');
INSERT INTO public.quiz_answers (question_id, answer_order, answer_text_en, answer_text_fr, answer_text_es, is_correct) VALUES ('976984f8-fd40-4f8c-a9fe-6685dadc4d85', 1, 'Add unreduced basecoat, stir, recheck', 'Base non reduite, remuer', 'Base sin reducir, revolver', true);
INSERT INTO public.quiz_answers (question_id, answer_order, answer_text_en, answer_text_fr, answer_text_es, is_correct) VALUES ('976984f8-fd40-4f8c-a9fe-6685dadc4d85', 2, 'Add thinner', 'Diluant', 'Diluyente', false);
INSERT INTO public.quiz_answers (question_id, answer_order, answer_text_en, answer_text_fr, answer_text_es, is_correct) VALUES ('976984f8-fd40-4f8c-a9fe-6685dadc4d85', 3, 'Use as is', 'Tel quel', 'Asi', false);
INSERT INTO public.quiz_answers (question_id, answer_order, answer_text_en, answer_text_fr, answer_text_es, is_correct) VALUES ('976984f8-fd40-4f8c-a9fe-6685dadc4d85', 4, 'Heat to thicken', 'Chauffer', 'Calentar', false);
INSERT INTO public.quiz_questions (id, quiz_id, question_order, question_text_en, question_text_fr, question_text_es, question_type, explanation_en, explanation_fr, explanation_es) VALUES ('489fff54-18c4-4886-a5a5-40da609ea43e', 'f8a0cd2a-1809-462a-873d-699e30f39585', 6, 'When do you stop the stopwatch?', 'Quand arreter le chrono?', 'Cuando detener el cronometro?', 'multiple-choice', 'When the paint stream breaks.', 'Quand le filet se rompt.', 'Cuando el chorro se rompe.');
INSERT INTO public.quiz_answers (question_id, answer_order, answer_text_en, answer_text_fr, answer_text_es, is_correct) VALUES ('489fff54-18c4-4886-a5a5-40da609ea43e', 1, 'When paint stream breaks', 'Filet se rompt', 'Chorro se rompe', true);
INSERT INTO public.quiz_answers (question_id, answer_order, answer_text_en, answer_text_fr, answer_text_es, is_correct) VALUES ('489fff54-18c4-4886-a5a5-40da609ea43e', 2, 'After exactly 30 seconds', 'Apres 30 secondes', 'Despues de 30 segundos', false);
INSERT INTO public.quiz_answers (question_id, answer_order, answer_text_en, answer_text_fr, answer_text_es, is_correct) VALUES ('489fff54-18c4-4886-a5a5-40da609ea43e', 3, 'When cup is empty', 'Coupe vide', 'Copa vacia', false);
INSERT INTO public.quiz_answers (question_id, answer_order, answer_text_en, answer_text_fr, answer_text_es, is_correct) VALUES ('489fff54-18c4-4886-a5a5-40da609ea43e', 4, 'When dripping starts', 'Gouttes commencent', 'Gotas comienzan', false);
INSERT INTO public.quiz_questions (id, quiz_id, question_order, question_text_en, question_text_fr, question_text_es, question_type, explanation_en, explanation_fr, explanation_es) VALUES ('af3df0d2-f056-4305-8f9e-b9a5ae627591', 'f8a0cd2a-1809-462a-873d-699e30f39585', 7, 'What DIN4 cup model number does PPG specify?', 'Numero de coupe DIN4?', 'Numero de copa DIN4?', 'multiple-choice', 'DEX640.', 'DEX640.', 'DEX640.');
INSERT INTO public.quiz_answers (question_id, answer_order, answer_text_en, answer_text_fr, answer_text_es, is_correct) VALUES ('af3df0d2-f056-4305-8f9e-b9a5ae627591', 1, 'DEX640', 'DEX640', 'DEX640', true);
INSERT INTO public.quiz_answers (question_id, answer_order, answer_text_en, answer_text_fr, answer_text_es, is_correct) VALUES ('af3df0d2-f056-4305-8f9e-b9a5ae627591', 2, 'DEX320', 'DEX320', 'DEX320', false);
INSERT INTO public.quiz_answers (question_id, answer_order, answer_text_en, answer_text_fr, answer_text_es, is_correct) VALUES ('af3df0d2-f056-4305-8f9e-b9a5ae627591', 3, 'DIN2400', 'DIN2400', 'DIN2400', false);
INSERT INTO public.quiz_answers (question_id, answer_order, answer_text_en, answer_text_fr, answer_text_es, is_correct) VALUES ('af3df0d2-f056-4305-8f9e-b9a5ae627591', 4, 'ZC2000', 'ZC2000', 'ZC2000', false);
INSERT INTO public.quiz_questions (id, quiz_id, question_order, question_text_en, question_text_fr, question_text_es, question_type, explanation_en, explanation_fr, explanation_es) VALUES ('3ee4aee8-9841-489a-9928-06c19f3e49cf', 'f8a0cd2a-1809-462a-873d-699e30f39585', 8, 'Should the basecoat be reduced before measuring viscosity?', 'Base reduite avant mesure?', 'Base reducida antes de medir?', 'multiple-choice', 'Yes, use reduced (ready to spray) waterborne basecoat.', 'Oui, base reduite prete a pulveriser.', 'Si, base reducida lista para pulverizar.');
INSERT INTO public.quiz_answers (question_id, answer_order, answer_text_en, answer_text_fr, answer_text_es, is_correct) VALUES ('3ee4aee8-9841-489a-9928-06c19f3e49cf', 1, 'Yes, use reduced/ready to spray basecoat', 'Oui, base reduite', 'Si, base reducida', true);
INSERT INTO public.quiz_answers (question_id, answer_order, answer_text_en, answer_text_fr, answer_text_es, is_correct) VALUES ('3ee4aee8-9841-489a-9928-06c19f3e49cf', 2, 'No, measure unreduced', 'Non, non reduite', 'No, sin reducir', false);
INSERT INTO public.quiz_answers (question_id, answer_order, answer_text_en, answer_text_fr, answer_text_es, is_correct) VALUES ('3ee4aee8-9841-489a-9928-06c19f3e49cf', 3, 'Doesn''''t matter', 'Peu importe', 'No importa', false);
INSERT INTO public.quiz_answers (question_id, answer_order, answer_text_en, answer_text_fr, answer_text_es, is_correct) VALUES ('3ee4aee8-9841-489a-9928-06c19f3e49cf', 4, 'Only add 10% reducer', '10% diluant', '10% reductor', false);

INSERT INTO public.quizzes (id, slug, title_en, title_fr, title_es, description_en, description_fr, description_es, quiz_type, passing_score, icon, is_active) VALUES ('081fc7ab-57f8-4db5-b534-1800511cbce1', 'ppg-skill-defect-repair', 'Paint Defect Repair Skills', 'Reparation de defauts', 'Reparacion de defectos', 'Defect repair procedures.', 'Defauts.', 'Defectos.', 'skill-check', 70, '🔍', true);
INSERT INTO public.quiz_questions (id, quiz_id, question_order, question_text_en, question_text_fr, question_text_es, question_type, explanation_en, explanation_fr, explanation_es) VALUES ('68b9fdb2-97f7-4f3e-a412-74e3475d7cea', '081fc7ab-57f8-4db5-b534-1800511cbce1', 1, 'What grit for large dust nibs?', 'Grain grosses poussieres?', 'Grano particulas grandes?', 'multiple-choice', 'P1000 for large defects.', 'P1000.', 'P1000.');
INSERT INTO public.quiz_answers (question_id, answer_order, answer_text_en, answer_text_fr, answer_text_es, is_correct) VALUES ('68b9fdb2-97f7-4f3e-a412-74e3475d7cea', 1, 'P1000', 'P1000', 'P1000', true);
INSERT INTO public.quiz_answers (question_id, answer_order, answer_text_en, answer_text_fr, answer_text_es, is_correct) VALUES ('68b9fdb2-97f7-4f3e-a412-74e3475d7cea', 2, 'P400', 'P400', 'P400', false);
INSERT INTO public.quiz_answers (question_id, answer_order, answer_text_en, answer_text_fr, answer_text_es, is_correct) VALUES ('68b9fdb2-97f7-4f3e-a412-74e3475d7cea', 3, 'P80', 'P80', 'P80', false);
INSERT INTO public.quiz_answers (question_id, answer_order, answer_text_en, answer_text_fr, answer_text_es, is_correct) VALUES ('68b9fdb2-97f7-4f3e-a412-74e3475d7cea', 4, 'P3000', 'P3000', 'P3000', false);
INSERT INTO public.quiz_questions (id, quiz_id, question_order, question_text_en, question_text_fr, question_text_es, question_type, explanation_en, explanation_fr, explanation_es) VALUES ('1f666e1f-1874-4796-96d4-bb491b586bc1', '081fc7ab-57f8-4db5-b534-1800511cbce1', 2, 'Refining grit after nib removal?', 'Grain de raffinage?', 'Grano de refinamiento?', 'multiple-choice', 'P3000 damp on DA.', 'P3000 humide DA.', 'P3000 humedo DA.');
INSERT INTO public.quiz_answers (question_id, answer_order, answer_text_en, answer_text_fr, answer_text_es, is_correct) VALUES ('1f666e1f-1874-4796-96d4-bb491b586bc1', 1, 'P3000 damp on DA', 'P3000 humide DA', 'P3000 humedo DA', true);
INSERT INTO public.quiz_answers (question_id, answer_order, answer_text_en, answer_text_fr, answer_text_es, is_correct) VALUES ('1f666e1f-1874-4796-96d4-bb491b586bc1', 2, 'P800', 'P800', 'P800', false);
INSERT INTO public.quiz_answers (question_id, answer_order, answer_text_en, answer_text_fr, answer_text_es, is_correct) VALUES ('1f666e1f-1874-4796-96d4-bb491b586bc1', 3, 'P400', 'P400', 'P400', false);
INSERT INTO public.quiz_answers (question_id, answer_order, answer_text_en, answer_text_fr, answer_text_es, is_correct) VALUES ('1f666e1f-1874-4796-96d4-bb491b586bc1', 4, 'P5000', 'P5000', 'P5000', false);
INSERT INTO public.quiz_questions (id, quiz_id, question_order, question_text_en, question_text_fr, question_text_es, question_type, explanation_en, explanation_fr, explanation_es) VALUES ('570da3fc-8e23-402a-869a-54dc8a6762ac', '081fc7ab-57f8-4db5-b534-1800511cbce1', 3, 'First step for runs/sags?', 'Premiere etape coulures?', 'Primer paso escurrimientos?', 'multiple-choice', 'Razor blade removal.', 'Lame de rasoir.', 'Navaja.');
INSERT INTO public.quiz_answers (question_id, answer_order, answer_text_en, answer_text_fr, answer_text_es, is_correct) VALUES ('570da3fc-8e23-402a-869a-54dc8a6762ac', 1, 'Razor blade', 'Lame de rasoir', 'Navaja', true);
INSERT INTO public.quiz_answers (question_id, answer_order, answer_text_en, answer_text_fr, answer_text_es, is_correct) VALUES ('570da3fc-8e23-402a-869a-54dc8a6762ac', 2, 'Sand P80', 'Poncer P80', 'Lijar P80', false);
INSERT INTO public.quiz_answers (question_id, answer_order, answer_text_en, answer_text_fr, answer_text_es, is_correct) VALUES ('570da3fc-8e23-402a-869a-54dc8a6762ac', 3, 'Compound', 'Polir', 'Pulir', false);
INSERT INTO public.quiz_answers (question_id, answer_order, answer_text_en, answer_text_fr, answer_text_es, is_correct) VALUES ('570da3fc-8e23-402a-869a-54dc8a6762ac', 4, 'Respray', 'Repeindre', 'Repintar', false);
INSERT INTO public.quiz_questions (id, quiz_id, question_order, question_text_en, question_text_fr, question_text_es, question_type, explanation_en, explanation_fr, explanation_es) VALUES ('bc702239-bb7e-4fdc-99ef-f1f1d8830dae', '081fc7ab-57f8-4db5-b534-1800511cbce1', 4, 'Sanding sequence after razor on runs?', 'Sequence poncage?', 'Secuencia lijado?', 'multiple-choice', 'P1000, P1500-P2000, P3000, compound.', 'P1000>P1500>P3000>polissage.', 'P1000>P1500>P3000>pulido.');
INSERT INTO public.quiz_answers (question_id, answer_order, answer_text_en, answer_text_fr, answer_text_es, is_correct) VALUES ('bc702239-bb7e-4fdc-99ef-f1f1d8830dae', 1, 'P1000>P1500-P2000>P3000>compound', 'P1000>P1500>P3000>polissage', 'P1000>P1500>P3000>pulido', true);
INSERT INTO public.quiz_answers (question_id, answer_order, answer_text_en, answer_text_fr, answer_text_es, is_correct) VALUES ('bc702239-bb7e-4fdc-99ef-f1f1d8830dae', 2, 'P400>P800>compound', 'P400>P800', 'P400>P800', false);
INSERT INTO public.quiz_answers (question_id, answer_order, answer_text_en, answer_text_fr, answer_text_es, is_correct) VALUES ('bc702239-bb7e-4fdc-99ef-f1f1d8830dae', 3, 'P80>P320>compound', 'P80>P320', 'P80>P320', false);
INSERT INTO public.quiz_answers (question_id, answer_order, answer_text_en, answer_text_fr, answer_text_es, is_correct) VALUES ('bc702239-bb7e-4fdc-99ef-f1f1d8830dae', 4, 'Compound only', 'Polissage', 'Pulido', false);
INSERT INTO public.quiz_questions (id, quiz_id, question_order, question_text_en, question_text_fr, question_text_es, question_type, explanation_en, explanation_fr, explanation_es) VALUES ('2741d2cf-bf3a-4ce7-aad9-a4dd83763b92', '081fc7ab-57f8-4db5-b534-1800511cbce1', 5, 'Compounding pad type?', 'Type de tampon?', 'Tipo de pad?', 'multiple-choice', 'White foam or wool.', 'Mousse blanche ou laine.', 'Espuma blanca o lana.');
INSERT INTO public.quiz_answers (question_id, answer_order, answer_text_en, answer_text_fr, answer_text_es, is_correct) VALUES ('2741d2cf-bf3a-4ce7-aad9-a4dd83763b92', 1, 'White foam or wool', 'Mousse/laine', 'Espuma/lana', true);
INSERT INTO public.quiz_answers (question_id, answer_order, answer_text_en, answer_text_fr, answer_text_es, is_correct) VALUES ('2741d2cf-bf3a-4ce7-aad9-a4dd83763b92', 2, 'Black pad', 'Noir', 'Negro', false);
INSERT INTO public.quiz_answers (question_id, answer_order, answer_text_en, answer_text_fr, answer_text_es, is_correct) VALUES ('2741d2cf-bf3a-4ce7-aad9-a4dd83763b92', 3, 'Red pad', 'Rouge', 'Rojo', false);
INSERT INTO public.quiz_answers (question_id, answer_order, answer_text_en, answer_text_fr, answer_text_es, is_correct) VALUES ('2741d2cf-bf3a-4ce7-aad9-a4dd83763b92', 4, 'Any', 'N''''importe', 'Cualquier', false);
INSERT INTO public.quiz_questions (id, quiz_id, question_order, question_text_en, question_text_fr, question_text_es, question_type, explanation_en, explanation_fr, explanation_es) VALUES ('a1cc108b-4ec8-4207-819b-1dd5f8e6e253', '081fc7ab-57f8-4db5-b534-1800511cbce1', 6, 'Compound area size?', 'Surface de polissage?', 'Area de pulido?', 'multiple-choice', '2x2 feet.', '2x2 pieds.', '2x2 pies.');
INSERT INTO public.quiz_answers (question_id, answer_order, answer_text_en, answer_text_fr, answer_text_es, is_correct) VALUES ('a1cc108b-4ec8-4207-819b-1dd5f8e6e253', 1, '2x2 feet', '2x2 pieds', '2x2 pies', true);
INSERT INTO public.quiz_answers (question_id, answer_order, answer_text_en, answer_text_fr, answer_text_es, is_correct) VALUES ('a1cc108b-4ec8-4207-819b-1dd5f8e6e253', 2, 'Full panel', 'Panneau', 'Panel', false);
INSERT INTO public.quiz_answers (question_id, answer_order, answer_text_en, answer_text_fr, answer_text_es, is_correct) VALUES ('a1cc108b-4ec8-4207-819b-1dd5f8e6e253', 3, '6x6 inches', '6x6 pouces', '6x6 pulgadas', false);
INSERT INTO public.quiz_answers (question_id, answer_order, answer_text_en, answer_text_fr, answer_text_es, is_correct) VALUES ('a1cc108b-4ec8-4207-819b-1dd5f8e6e253', 4, '1x1 foot', '1x1 pied', '1x1 pie', false);
INSERT INTO public.quiz_questions (id, quiz_id, question_order, question_text_en, question_text_fr, question_text_es, question_type, explanation_en, explanation_fr, explanation_es) VALUES ('b66d4090-8637-4d72-b7fd-2d7b81941fef', '081fc7ab-57f8-4db5-b534-1800511cbce1', 7, 'DA grit for small nibs?', 'Grain DA petites poussieres?', 'Grano DA particulas pequenas?', 'multiple-choice', 'P1500-P2000 with interface pad.', 'P1500-P2000.', 'P1500-P2000.');
INSERT INTO public.quiz_answers (question_id, answer_order, answer_text_en, answer_text_fr, answer_text_es, is_correct) VALUES ('b66d4090-8637-4d72-b7fd-2d7b81941fef', 1, 'P1500-P2000', 'P1500-P2000', 'P1500-P2000', true);
INSERT INTO public.quiz_answers (question_id, answer_order, answer_text_en, answer_text_fr, answer_text_es, is_correct) VALUES ('b66d4090-8637-4d72-b7fd-2d7b81941fef', 2, 'P400', 'P400', 'P400', false);
INSERT INTO public.quiz_answers (question_id, answer_order, answer_text_en, answer_text_fr, answer_text_es, is_correct) VALUES ('b66d4090-8637-4d72-b7fd-2d7b81941fef', 3, 'P80', 'P80', 'P80', false);
INSERT INTO public.quiz_answers (question_id, answer_order, answer_text_en, answer_text_fr, answer_text_es, is_correct) VALUES ('b66d4090-8637-4d72-b7fd-2d7b81941fef', 4, 'P3000', 'P3000', 'P3000', false);
INSERT INTO public.quiz_questions (id, quiz_id, question_order, question_text_en, question_text_fr, question_text_es, question_type, explanation_en, explanation_fr, explanation_es) VALUES ('4c56e5bf-ea0d-47e0-9107-8754046f15ed', '081fc7ab-57f8-4db5-b534-1800511cbce1', 8, 'What to verify before compounding?', 'Verifier avant polissage?', 'Verificar antes de pulir?', 'multiple-choice', 'Surface is washed, dried, and completely flat sanded.', 'Lave, seche, ponce plat.', 'Lavada, seca, lijada plana.');
INSERT INTO public.quiz_answers (question_id, answer_order, answer_text_en, answer_text_fr, answer_text_es, is_correct) VALUES ('4c56e5bf-ea0d-47e0-9107-8754046f15ed', 1, 'Washed, dried, flat sanded', 'Lave, seche, plat', 'Lavada, seca, plana', true);
INSERT INTO public.quiz_answers (question_id, answer_order, answer_text_en, answer_text_fr, answer_text_es, is_correct) VALUES ('4c56e5bf-ea0d-47e0-9107-8754046f15ed', 2, 'Temperature check', 'Temperature', 'Temperatura', false);
INSERT INTO public.quiz_answers (question_id, answer_order, answer_text_en, answer_text_fr, answer_text_es, is_correct) VALUES ('4c56e5bf-ea0d-47e0-9107-8754046f15ed', 3, '48hr cure time', '48h sechage', '48h secado', false);
INSERT INTO public.quiz_answers (question_id, answer_order, answer_text_en, answer_text_fr, answer_text_es, is_correct) VALUES ('4c56e5bf-ea0d-47e0-9107-8754046f15ed', 4, 'Nothing', 'Rien', 'Nada', false);

INSERT INTO public.quizzes (id, slug, title_en, title_fr, title_es, description_en, description_fr, description_es, quiz_type, passing_score, icon, is_active) VALUES ('ffe99ef3-eacb-44dc-a416-7d2a6255763d', 'ppg-skill-basecoat-application', 'Basecoat Application Skills', 'Application de base', 'Aplicacion de base', 'Basecoat application procedures.', 'Base.', 'Base.', 'skill-check', 70, '🖌️', true);
INSERT INTO public.quiz_questions (id, quiz_id, question_order, question_text_en, question_text_fr, question_text_es, question_type, explanation_en, explanation_fr, explanation_es) VALUES ('5731e7e1-8ac6-4379-ad43-73d8d9f08f91', 'ffe99ef3-eacb-44dc-a416-7d2a6255763d', 1, 'What is the recommended cleaning method before any PPG application?', 'Methode de nettoyage recommandee?', 'Metodo de limpieza recomendado?', 'multiple-choice', 'Wash with soap and water, then apply appropriate PPG cleaner.', 'Laver puis nettoyant PPG.', 'Lavar luego limpiador PPG.');
INSERT INTO public.quiz_answers (question_id, answer_order, answer_text_en, answer_text_fr, answer_text_es, is_correct) VALUES ('5731e7e1-8ac6-4379-ad43-73d8d9f08f91', 1, 'Wash then PPG cleaner', 'Laver puis nettoyant', 'Lavar luego limpiador', true);
INSERT INTO public.quiz_answers (question_id, answer_order, answer_text_en, answer_text_fr, answer_text_es, is_correct) VALUES ('5731e7e1-8ac6-4379-ad43-73d8d9f08f91', 2, 'Acetone wipe only', 'Acetone', 'Acetona', false);
INSERT INTO public.quiz_answers (question_id, answer_order, answer_text_en, answer_text_fr, answer_text_es, is_correct) VALUES ('5731e7e1-8ac6-4379-ad43-73d8d9f08f91', 3, 'Water rinse only', 'Eau seulement', 'Solo agua', false);
INSERT INTO public.quiz_answers (question_id, answer_order, answer_text_en, answer_text_fr, answer_text_es, is_correct) VALUES ('5731e7e1-8ac6-4379-ad43-73d8d9f08f91', 4, 'No cleaning needed', 'Pas de nettoyage', 'Sin limpieza', false);
INSERT INTO public.quiz_questions (id, quiz_id, question_order, question_text_en, question_text_fr, question_text_es, question_type, explanation_en, explanation_fr, explanation_es) VALUES ('c6d25598-7785-409e-9946-881b9ab01bac', 'ffe99ef3-eacb-44dc-a416-7d2a6255763d', 2, 'What must always be worn during spraying operations?', 'Toujours porter lors de la pulverisation?', 'Siempre usar durante pulverizacion?', 'multiple-choice', 'Full-face air-supply respirator or air-fed half-mask with goggles.', 'Masque respiratoire.', 'Respirador.');
INSERT INTO public.quiz_answers (question_id, answer_order, answer_text_en, answer_text_fr, answer_text_es, is_correct) VALUES ('c6d25598-7785-409e-9946-881b9ab01bac', 1, 'Air-supply respirator', 'Masque air', 'Respirador aire', true);
INSERT INTO public.quiz_answers (question_id, answer_order, answer_text_en, answer_text_fr, answer_text_es, is_correct) VALUES ('c6d25598-7785-409e-9946-881b9ab01bac', 2, 'Paper mask', 'Masque papier', 'Mascarilla papel', false);
INSERT INTO public.quiz_answers (question_id, answer_order, answer_text_en, answer_text_fr, answer_text_es, is_correct) VALUES ('c6d25598-7785-409e-9946-881b9ab01bac', 3, 'Nothing in ventilated booth', 'Rien en cabine', 'Nada en cabina', false);
INSERT INTO public.quiz_answers (question_id, answer_order, answer_text_en, answer_text_fr, answer_text_es, is_correct) VALUES ('c6d25598-7785-409e-9946-881b9ab01bac', 4, 'Safety glasses only', 'Lunettes', 'Gafas', false);
INSERT INTO public.quiz_questions (id, quiz_id, question_order, question_text_en, question_text_fr, question_text_es, question_type, explanation_en, explanation_fr, explanation_es) VALUES ('31bc595c-3601-4d51-a677-8214c6a57c2e', 'ffe99ef3-eacb-44dc-a416-7d2a6255763d', 3, 'What is the flash time between basecoat coats for waterborne?', 'Temps entre couches de base?', 'Tiempo entre capas de base?', 'multiple-choice', 'Dehydrate until uniformly dull.', 'Secher jusqu''''a mat uniforme.', 'Secar hasta mate uniforme.');
INSERT INTO public.quiz_answers (question_id, answer_order, answer_text_en, answer_text_fr, answer_text_es, is_correct) VALUES ('31bc595c-3601-4d51-a677-8214c6a57c2e', 1, 'Until uniformly dull', 'Mat uniforme', 'Mate uniforme', true);
INSERT INTO public.quiz_answers (question_id, answer_order, answer_text_en, answer_text_fr, answer_text_es, is_correct) VALUES ('31bc595c-3601-4d51-a677-8214c6a57c2e', 2, '5 minutes exactly', '5 minutes', '5 minutos', false);
INSERT INTO public.quiz_answers (question_id, answer_order, answer_text_en, answer_text_fr, answer_text_es, is_correct) VALUES ('31bc595c-3601-4d51-a677-8214c6a57c2e', 3, '15 minutes', '15 minutes', '15 minutos', false);
INSERT INTO public.quiz_answers (question_id, answer_order, answer_text_en, answer_text_fr, answer_text_es, is_correct) VALUES ('31bc595c-3601-4d51-a677-8214c6a57c2e', 4, 'No flash needed', 'Pas de sechage', 'Sin secado', false);
INSERT INTO public.quiz_questions (id, quiz_id, question_order, question_text_en, question_text_fr, question_text_es, question_type, explanation_en, explanation_fr, explanation_es) VALUES ('929dd8c1-853e-402f-84a9-f8abacbe8750', 'ffe99ef3-eacb-44dc-a416-7d2a6255763d', 4, 'What PPG product system is used for waterborne basecoat?', 'Systeme de base PPG?', 'Sistema base PPG?', 'multiple-choice', 'Envirobase High Performance.', 'Envirobase HP.', 'Envirobase HP.');
INSERT INTO public.quiz_answers (question_id, answer_order, answer_text_en, answer_text_fr, answer_text_es, is_correct) VALUES ('929dd8c1-853e-402f-84a9-f8abacbe8750', 1, 'Envirobase High Performance', 'Envirobase HP', 'Envirobase HP', true);
INSERT INTO public.quiz_answers (question_id, answer_order, answer_text_en, answer_text_fr, answer_text_es, is_correct) VALUES ('929dd8c1-853e-402f-84a9-f8abacbe8750', 2, 'Deltron', 'Deltron', 'Deltron', false);
INSERT INTO public.quiz_answers (question_id, answer_order, answer_text_en, answer_text_fr, answer_text_es, is_correct) VALUES ('929dd8c1-853e-402f-84a9-f8abacbe8750', 3, 'Global Refinish', 'Global', 'Global', false);
INSERT INTO public.quiz_answers (question_id, answer_order, answer_text_en, answer_text_fr, answer_text_es, is_correct) VALUES ('929dd8c1-853e-402f-84a9-f8abacbe8750', 4, 'OneChoice', 'OneChoice', 'OneChoice', false);
INSERT INTO public.quiz_questions (id, quiz_id, question_order, question_text_en, question_text_fr, question_text_es, question_type, explanation_en, explanation_fr, explanation_es) VALUES ('7a962269-2bdd-43e7-9cb1-414c0e82a659', 'ffe99ef3-eacb-44dc-a416-7d2a6255763d', 5, 'What temperature range is considered standard conditions?', 'Plage de temperature standard?', 'Rango de temperatura estandar?', 'multiple-choice', '68-90F (20-32C).', '68-90F.', '68-90F.');
INSERT INTO public.quiz_answers (question_id, answer_order, answer_text_en, answer_text_fr, answer_text_es, is_correct) VALUES ('7a962269-2bdd-43e7-9cb1-414c0e82a659', 1, '68-90F (20-32C)', '68-90F', '68-90F', true);
INSERT INTO public.quiz_answers (question_id, answer_order, answer_text_en, answer_text_fr, answer_text_es, is_correct) VALUES ('7a962269-2bdd-43e7-9cb1-414c0e82a659', 2, '50-65F', '50-65F', '50-65F', false);
INSERT INTO public.quiz_answers (question_id, answer_order, answer_text_en, answer_text_fr, answer_text_es, is_correct) VALUES ('7a962269-2bdd-43e7-9cb1-414c0e82a659', 3, '90-110F', '90-110F', '90-110F', false);
INSERT INTO public.quiz_answers (question_id, answer_order, answer_text_en, answer_text_fr, answer_text_es, is_correct) VALUES ('7a962269-2bdd-43e7-9cb1-414c0e82a659', 4, '32-50F', '32-50F', '32-50F', false);
INSERT INTO public.quiz_questions (id, quiz_id, question_order, question_text_en, question_text_fr, question_text_es, question_type, explanation_en, explanation_fr, explanation_es) VALUES ('9f726763-71ac-479d-a2d4-737d92102166', 'ffe99ef3-eacb-44dc-a416-7d2a6255763d', 6, 'What tack rag does PPG recommend?', 'Chiffon PPG recommande?', 'Trapo PPG recomendado?', 'multiple-choice', 'SX1070 OneChoice tack rag.', 'SX1070.', 'SX1070.');
INSERT INTO public.quiz_answers (question_id, answer_order, answer_text_en, answer_text_fr, answer_text_es, is_correct) VALUES ('9f726763-71ac-479d-a2d4-737d92102166', 1, 'SX1070 OneChoice', 'SX1070', 'SX1070', true);
INSERT INTO public.quiz_answers (question_id, answer_order, answer_text_en, answer_text_fr, answer_text_es, is_correct) VALUES ('9f726763-71ac-479d-a2d4-737d92102166', 2, 'Any tack rag', 'N''''importe quel', 'Cualquier', false);
INSERT INTO public.quiz_answers (question_id, answer_order, answer_text_en, answer_text_fr, answer_text_es, is_correct) VALUES ('9f726763-71ac-479d-a2d4-737d92102166', 3, 'Microfiber cloth', 'Microfibre', 'Microfibra', false);
INSERT INTO public.quiz_answers (question_id, answer_order, answer_text_en, answer_text_fr, answer_text_es, is_correct) VALUES ('9f726763-71ac-479d-a2d4-737d92102166', 4, 'Paper towel', 'Essuie-tout', 'Papel', false);
INSERT INTO public.quiz_questions (id, quiz_id, question_order, question_text_en, question_text_fr, question_text_es, question_type, explanation_en, explanation_fr, explanation_es) VALUES ('d5cd3a12-b1b4-4403-8047-e14baf07f97a', 'ffe99ef3-eacb-44dc-a416-7d2a6255763d', 7, 'Maximum HVLP pressure at the cap for clearcoat?', 'Pression HVLP max vernis?', 'Presion HVLP max barniz?', 'multiple-choice', '10 PSI maximum.', '10 PSI max.', '10 PSI max.');
INSERT INTO public.quiz_answers (question_id, answer_order, answer_text_en, answer_text_fr, answer_text_es, is_correct) VALUES ('d5cd3a12-b1b4-4403-8047-e14baf07f97a', 1, '10 PSI', '10 PSI', '10 PSI', true);
INSERT INTO public.quiz_answers (question_id, answer_order, answer_text_en, answer_text_fr, answer_text_es, is_correct) VALUES ('d5cd3a12-b1b4-4403-8047-e14baf07f97a', 2, '15 PSI', '15 PSI', '15 PSI', false);
INSERT INTO public.quiz_answers (question_id, answer_order, answer_text_en, answer_text_fr, answer_text_es, is_correct) VALUES ('d5cd3a12-b1b4-4403-8047-e14baf07f97a', 3, '20 PSI', '20 PSI', '20 PSI', false);
INSERT INTO public.quiz_answers (question_id, answer_order, answer_text_en, answer_text_fr, answer_text_es, is_correct) VALUES ('d5cd3a12-b1b4-4403-8047-e14baf07f97a', 4, '25 PSI', '25 PSI', '25 PSI', false);
INSERT INTO public.quiz_questions (id, quiz_id, question_order, question_text_en, question_text_fr, question_text_es, question_type, explanation_en, explanation_fr, explanation_es) VALUES ('2a72872f-6c5d-42fb-af7d-ff123d1a8544', 'ffe99ef3-eacb-44dc-a416-7d2a6255763d', 8, 'What happens if wax and grease remover evaporates on the surface?', 'Si le degraissant evapore?', 'Si el desengrasante evapora?', 'multiple-choice', 'Paint failure can result.', 'Defaillance de peinture.', 'Falla de pintura.');
INSERT INTO public.quiz_answers (question_id, answer_order, answer_text_en, answer_text_fr, answer_text_es, is_correct) VALUES ('2a72872f-6c5d-42fb-af7d-ff123d1a8544', 1, 'Paint failure', 'Defaillance peinture', 'Falla pintura', true);
INSERT INTO public.quiz_answers (question_id, answer_order, answer_text_en, answer_text_fr, answer_text_es, is_correct) VALUES ('2a72872f-6c5d-42fb-af7d-ff123d1a8544', 2, 'Nothing', 'Rien', 'Nada', false);
INSERT INTO public.quiz_answers (question_id, answer_order, answer_text_en, answer_text_fr, answer_text_es, is_correct) VALUES ('2a72872f-6c5d-42fb-af7d-ff123d1a8544', 3, 'Better adhesion', 'Meilleure adherence', 'Mejor adhesion', false);
INSERT INTO public.quiz_answers (question_id, answer_order, answer_text_en, answer_text_fr, answer_text_es, is_correct) VALUES ('2a72872f-6c5d-42fb-af7d-ff123d1a8544', 4, 'Surface smoothing', 'Lissage', 'Alisado', false);

INSERT INTO public.quizzes (id, slug, title_en, title_fr, title_es, description_en, description_fr, description_es, quiz_type, passing_score, icon, is_active) VALUES ('9b0327ba-5fbc-4a2e-b86b-9d31d14a1502', 'ppg-skill-etch-priming', 'Etch Priming Skills', 'Appret d''''accrochage', 'Imprimador de adherencia', 'Etch priming procedures.', 'Accrochage.', 'Adherencia.', 'skill-check', 70, '⚡', true);
INSERT INTO public.quiz_questions (id, quiz_id, question_order, question_text_en, question_text_fr, question_text_es, question_type, explanation_en, explanation_fr, explanation_es) VALUES ('d136bd40-218f-4e6f-95d9-2087e3dbe0ab', '9b0327ba-5fbc-4a2e-b86b-9d31d14a1502', 1, 'What is the recommended cleaning method before any PPG application?', 'Methode de nettoyage recommandee?', 'Metodo de limpieza recomendado?', 'multiple-choice', 'Wash with soap and water, then apply appropriate PPG cleaner.', 'Laver puis nettoyant PPG.', 'Lavar luego limpiador PPG.');
INSERT INTO public.quiz_answers (question_id, answer_order, answer_text_en, answer_text_fr, answer_text_es, is_correct) VALUES ('d136bd40-218f-4e6f-95d9-2087e3dbe0ab', 1, 'Wash then PPG cleaner', 'Laver puis nettoyant', 'Lavar luego limpiador', true);
INSERT INTO public.quiz_answers (question_id, answer_order, answer_text_en, answer_text_fr, answer_text_es, is_correct) VALUES ('d136bd40-218f-4e6f-95d9-2087e3dbe0ab', 2, 'Acetone wipe only', 'Acetone', 'Acetona', false);
INSERT INTO public.quiz_answers (question_id, answer_order, answer_text_en, answer_text_fr, answer_text_es, is_correct) VALUES ('d136bd40-218f-4e6f-95d9-2087e3dbe0ab', 3, 'Water rinse only', 'Eau seulement', 'Solo agua', false);
INSERT INTO public.quiz_answers (question_id, answer_order, answer_text_en, answer_text_fr, answer_text_es, is_correct) VALUES ('d136bd40-218f-4e6f-95d9-2087e3dbe0ab', 4, 'No cleaning needed', 'Pas de nettoyage', 'Sin limpieza', false);
INSERT INTO public.quiz_questions (id, quiz_id, question_order, question_text_en, question_text_fr, question_text_es, question_type, explanation_en, explanation_fr, explanation_es) VALUES ('b32ea96f-e54b-4ec5-992e-b89bd2345043', '9b0327ba-5fbc-4a2e-b86b-9d31d14a1502', 2, 'What must always be worn during spraying operations?', 'Toujours porter lors de la pulverisation?', 'Siempre usar durante pulverizacion?', 'multiple-choice', 'Full-face air-supply respirator or air-fed half-mask with goggles.', 'Masque respiratoire.', 'Respirador.');
INSERT INTO public.quiz_answers (question_id, answer_order, answer_text_en, answer_text_fr, answer_text_es, is_correct) VALUES ('b32ea96f-e54b-4ec5-992e-b89bd2345043', 1, 'Air-supply respirator', 'Masque air', 'Respirador aire', true);
INSERT INTO public.quiz_answers (question_id, answer_order, answer_text_en, answer_text_fr, answer_text_es, is_correct) VALUES ('b32ea96f-e54b-4ec5-992e-b89bd2345043', 2, 'Paper mask', 'Masque papier', 'Mascarilla papel', false);
INSERT INTO public.quiz_answers (question_id, answer_order, answer_text_en, answer_text_fr, answer_text_es, is_correct) VALUES ('b32ea96f-e54b-4ec5-992e-b89bd2345043', 3, 'Nothing in ventilated booth', 'Rien en cabine', 'Nada en cabina', false);
INSERT INTO public.quiz_answers (question_id, answer_order, answer_text_en, answer_text_fr, answer_text_es, is_correct) VALUES ('b32ea96f-e54b-4ec5-992e-b89bd2345043', 4, 'Safety glasses only', 'Lunettes', 'Gafas', false);
INSERT INTO public.quiz_questions (id, quiz_id, question_order, question_text_en, question_text_fr, question_text_es, question_type, explanation_en, explanation_fr, explanation_es) VALUES ('ee6d1ed7-8c21-4431-ab46-eaecc0a36e00', '9b0327ba-5fbc-4a2e-b86b-9d31d14a1502', 3, 'What is the flash time between basecoat coats for waterborne?', 'Temps entre couches de base?', 'Tiempo entre capas de base?', 'multiple-choice', 'Dehydrate until uniformly dull.', 'Secher jusqu''''a mat uniforme.', 'Secar hasta mate uniforme.');
INSERT INTO public.quiz_answers (question_id, answer_order, answer_text_en, answer_text_fr, answer_text_es, is_correct) VALUES ('ee6d1ed7-8c21-4431-ab46-eaecc0a36e00', 1, 'Until uniformly dull', 'Mat uniforme', 'Mate uniforme', true);
INSERT INTO public.quiz_answers (question_id, answer_order, answer_text_en, answer_text_fr, answer_text_es, is_correct) VALUES ('ee6d1ed7-8c21-4431-ab46-eaecc0a36e00', 2, '5 minutes exactly', '5 minutes', '5 minutos', false);
INSERT INTO public.quiz_answers (question_id, answer_order, answer_text_en, answer_text_fr, answer_text_es, is_correct) VALUES ('ee6d1ed7-8c21-4431-ab46-eaecc0a36e00', 3, '15 minutes', '15 minutes', '15 minutos', false);
INSERT INTO public.quiz_answers (question_id, answer_order, answer_text_en, answer_text_fr, answer_text_es, is_correct) VALUES ('ee6d1ed7-8c21-4431-ab46-eaecc0a36e00', 4, 'No flash needed', 'Pas de sechage', 'Sin secado', false);
INSERT INTO public.quiz_questions (id, quiz_id, question_order, question_text_en, question_text_fr, question_text_es, question_type, explanation_en, explanation_fr, explanation_es) VALUES ('fdce07aa-a35d-4871-86f8-8a81a95bf57a', '9b0327ba-5fbc-4a2e-b86b-9d31d14a1502', 4, 'What PPG product system is used for waterborne basecoat?', 'Systeme de base PPG?', 'Sistema base PPG?', 'multiple-choice', 'Envirobase High Performance.', 'Envirobase HP.', 'Envirobase HP.');
INSERT INTO public.quiz_answers (question_id, answer_order, answer_text_en, answer_text_fr, answer_text_es, is_correct) VALUES ('fdce07aa-a35d-4871-86f8-8a81a95bf57a', 1, 'Envirobase High Performance', 'Envirobase HP', 'Envirobase HP', true);
INSERT INTO public.quiz_answers (question_id, answer_order, answer_text_en, answer_text_fr, answer_text_es, is_correct) VALUES ('fdce07aa-a35d-4871-86f8-8a81a95bf57a', 2, 'Deltron', 'Deltron', 'Deltron', false);
INSERT INTO public.quiz_answers (question_id, answer_order, answer_text_en, answer_text_fr, answer_text_es, is_correct) VALUES ('fdce07aa-a35d-4871-86f8-8a81a95bf57a', 3, 'Global Refinish', 'Global', 'Global', false);
INSERT INTO public.quiz_answers (question_id, answer_order, answer_text_en, answer_text_fr, answer_text_es, is_correct) VALUES ('fdce07aa-a35d-4871-86f8-8a81a95bf57a', 4, 'OneChoice', 'OneChoice', 'OneChoice', false);
INSERT INTO public.quiz_questions (id, quiz_id, question_order, question_text_en, question_text_fr, question_text_es, question_type, explanation_en, explanation_fr, explanation_es) VALUES ('d83a58b9-6511-460e-a772-20175aad71a9', '9b0327ba-5fbc-4a2e-b86b-9d31d14a1502', 5, 'What temperature range is considered standard conditions?', 'Plage de temperature standard?', 'Rango de temperatura estandar?', 'multiple-choice', '68-90F (20-32C).', '68-90F.', '68-90F.');
INSERT INTO public.quiz_answers (question_id, answer_order, answer_text_en, answer_text_fr, answer_text_es, is_correct) VALUES ('d83a58b9-6511-460e-a772-20175aad71a9', 1, '68-90F (20-32C)', '68-90F', '68-90F', true);
INSERT INTO public.quiz_answers (question_id, answer_order, answer_text_en, answer_text_fr, answer_text_es, is_correct) VALUES ('d83a58b9-6511-460e-a772-20175aad71a9', 2, '50-65F', '50-65F', '50-65F', false);
INSERT INTO public.quiz_answers (question_id, answer_order, answer_text_en, answer_text_fr, answer_text_es, is_correct) VALUES ('d83a58b9-6511-460e-a772-20175aad71a9', 3, '90-110F', '90-110F', '90-110F', false);
INSERT INTO public.quiz_answers (question_id, answer_order, answer_text_en, answer_text_fr, answer_text_es, is_correct) VALUES ('d83a58b9-6511-460e-a772-20175aad71a9', 4, '32-50F', '32-50F', '32-50F', false);
INSERT INTO public.quiz_questions (id, quiz_id, question_order, question_text_en, question_text_fr, question_text_es, question_type, explanation_en, explanation_fr, explanation_es) VALUES ('b2aebf00-d2d0-4a86-b92b-255f74c9db18', '9b0327ba-5fbc-4a2e-b86b-9d31d14a1502', 6, 'What tack rag does PPG recommend?', 'Chiffon PPG recommande?', 'Trapo PPG recomendado?', 'multiple-choice', 'SX1070 OneChoice tack rag.', 'SX1070.', 'SX1070.');
INSERT INTO public.quiz_answers (question_id, answer_order, answer_text_en, answer_text_fr, answer_text_es, is_correct) VALUES ('b2aebf00-d2d0-4a86-b92b-255f74c9db18', 1, 'SX1070 OneChoice', 'SX1070', 'SX1070', true);
INSERT INTO public.quiz_answers (question_id, answer_order, answer_text_en, answer_text_fr, answer_text_es, is_correct) VALUES ('b2aebf00-d2d0-4a86-b92b-255f74c9db18', 2, 'Any tack rag', 'N''''importe quel', 'Cualquier', false);
INSERT INTO public.quiz_answers (question_id, answer_order, answer_text_en, answer_text_fr, answer_text_es, is_correct) VALUES ('b2aebf00-d2d0-4a86-b92b-255f74c9db18', 3, 'Microfiber cloth', 'Microfibre', 'Microfibra', false);
INSERT INTO public.quiz_answers (question_id, answer_order, answer_text_en, answer_text_fr, answer_text_es, is_correct) VALUES ('b2aebf00-d2d0-4a86-b92b-255f74c9db18', 4, 'Paper towel', 'Essuie-tout', 'Papel', false);
INSERT INTO public.quiz_questions (id, quiz_id, question_order, question_text_en, question_text_fr, question_text_es, question_type, explanation_en, explanation_fr, explanation_es) VALUES ('5c63c291-3a56-4c6b-92f3-b22302c82185', '9b0327ba-5fbc-4a2e-b86b-9d31d14a1502', 7, 'Maximum HVLP pressure at the cap for clearcoat?', 'Pression HVLP max vernis?', 'Presion HVLP max barniz?', 'multiple-choice', '10 PSI maximum.', '10 PSI max.', '10 PSI max.');
INSERT INTO public.quiz_answers (question_id, answer_order, answer_text_en, answer_text_fr, answer_text_es, is_correct) VALUES ('5c63c291-3a56-4c6b-92f3-b22302c82185', 1, '10 PSI', '10 PSI', '10 PSI', true);
INSERT INTO public.quiz_answers (question_id, answer_order, answer_text_en, answer_text_fr, answer_text_es, is_correct) VALUES ('5c63c291-3a56-4c6b-92f3-b22302c82185', 2, '15 PSI', '15 PSI', '15 PSI', false);
INSERT INTO public.quiz_answers (question_id, answer_order, answer_text_en, answer_text_fr, answer_text_es, is_correct) VALUES ('5c63c291-3a56-4c6b-92f3-b22302c82185', 3, '20 PSI', '20 PSI', '20 PSI', false);
INSERT INTO public.quiz_answers (question_id, answer_order, answer_text_en, answer_text_fr, answer_text_es, is_correct) VALUES ('5c63c291-3a56-4c6b-92f3-b22302c82185', 4, '25 PSI', '25 PSI', '25 PSI', false);
INSERT INTO public.quiz_questions (id, quiz_id, question_order, question_text_en, question_text_fr, question_text_es, question_type, explanation_en, explanation_fr, explanation_es) VALUES ('6db563a1-36e6-46af-be27-e1f0b5730aee', '9b0327ba-5fbc-4a2e-b86b-9d31d14a1502', 8, 'What happens if wax and grease remover evaporates on the surface?', 'Si le degraissant evapore?', 'Si el desengrasante evapora?', 'multiple-choice', 'Paint failure can result.', 'Defaillance de peinture.', 'Falla de pintura.');
INSERT INTO public.quiz_answers (question_id, answer_order, answer_text_en, answer_text_fr, answer_text_es, is_correct) VALUES ('6db563a1-36e6-46af-be27-e1f0b5730aee', 1, 'Paint failure', 'Defaillance peinture', 'Falla pintura', true);
INSERT INTO public.quiz_answers (question_id, answer_order, answer_text_en, answer_text_fr, answer_text_es, is_correct) VALUES ('6db563a1-36e6-46af-be27-e1f0b5730aee', 2, 'Nothing', 'Rien', 'Nada', false);
INSERT INTO public.quiz_answers (question_id, answer_order, answer_text_en, answer_text_fr, answer_text_es, is_correct) VALUES ('6db563a1-36e6-46af-be27-e1f0b5730aee', 3, 'Better adhesion', 'Meilleure adherence', 'Mejor adhesion', false);
INSERT INTO public.quiz_answers (question_id, answer_order, answer_text_en, answer_text_fr, answer_text_es, is_correct) VALUES ('6db563a1-36e6-46af-be27-e1f0b5730aee', 4, 'Surface smoothing', 'Lissage', 'Alisado', false);

INSERT INTO public.quizzes (id, slug, title_en, title_fr, title_es, description_en, description_fr, description_es, quiz_type, passing_score, icon, is_active) VALUES ('876fffb2-30f2-4212-8bf0-7b1c4fcf49a4', 'ppg-skill-epoxy-priming', 'Epoxy Priming Skills', 'Appret epoxy', 'Imprimador epoxico', 'Epoxy priming procedures.', 'Epoxy.', 'Epoxico.', 'skill-check', 70, '🔒', true);
INSERT INTO public.quiz_questions (id, quiz_id, question_order, question_text_en, question_text_fr, question_text_es, question_type, explanation_en, explanation_fr, explanation_es) VALUES ('b3e8eb67-26d7-41a0-a1c6-d68f727cda29', '876fffb2-30f2-4212-8bf0-7b1c4fcf49a4', 1, 'What is the recommended cleaning method before any PPG application?', 'Methode de nettoyage recommandee?', 'Metodo de limpieza recomendado?', 'multiple-choice', 'Wash with soap and water, then apply appropriate PPG cleaner.', 'Laver puis nettoyant PPG.', 'Lavar luego limpiador PPG.');
INSERT INTO public.quiz_answers (question_id, answer_order, answer_text_en, answer_text_fr, answer_text_es, is_correct) VALUES ('b3e8eb67-26d7-41a0-a1c6-d68f727cda29', 1, 'Wash then PPG cleaner', 'Laver puis nettoyant', 'Lavar luego limpiador', true);
INSERT INTO public.quiz_answers (question_id, answer_order, answer_text_en, answer_text_fr, answer_text_es, is_correct) VALUES ('b3e8eb67-26d7-41a0-a1c6-d68f727cda29', 2, 'Acetone wipe only', 'Acetone', 'Acetona', false);
INSERT INTO public.quiz_answers (question_id, answer_order, answer_text_en, answer_text_fr, answer_text_es, is_correct) VALUES ('b3e8eb67-26d7-41a0-a1c6-d68f727cda29', 3, 'Water rinse only', 'Eau seulement', 'Solo agua', false);
INSERT INTO public.quiz_answers (question_id, answer_order, answer_text_en, answer_text_fr, answer_text_es, is_correct) VALUES ('b3e8eb67-26d7-41a0-a1c6-d68f727cda29', 4, 'No cleaning needed', 'Pas de nettoyage', 'Sin limpieza', false);
INSERT INTO public.quiz_questions (id, quiz_id, question_order, question_text_en, question_text_fr, question_text_es, question_type, explanation_en, explanation_fr, explanation_es) VALUES ('f49503bf-382a-4d0a-9110-9405be3f00c1', '876fffb2-30f2-4212-8bf0-7b1c4fcf49a4', 2, 'What must always be worn during spraying operations?', 'Toujours porter lors de la pulverisation?', 'Siempre usar durante pulverizacion?', 'multiple-choice', 'Full-face air-supply respirator or air-fed half-mask with goggles.', 'Masque respiratoire.', 'Respirador.');
INSERT INTO public.quiz_answers (question_id, answer_order, answer_text_en, answer_text_fr, answer_text_es, is_correct) VALUES ('f49503bf-382a-4d0a-9110-9405be3f00c1', 1, 'Air-supply respirator', 'Masque air', 'Respirador aire', true);
INSERT INTO public.quiz_answers (question_id, answer_order, answer_text_en, answer_text_fr, answer_text_es, is_correct) VALUES ('f49503bf-382a-4d0a-9110-9405be3f00c1', 2, 'Paper mask', 'Masque papier', 'Mascarilla papel', false);
INSERT INTO public.quiz_answers (question_id, answer_order, answer_text_en, answer_text_fr, answer_text_es, is_correct) VALUES ('f49503bf-382a-4d0a-9110-9405be3f00c1', 3, 'Nothing in ventilated booth', 'Rien en cabine', 'Nada en cabina', false);
INSERT INTO public.quiz_answers (question_id, answer_order, answer_text_en, answer_text_fr, answer_text_es, is_correct) VALUES ('f49503bf-382a-4d0a-9110-9405be3f00c1', 4, 'Safety glasses only', 'Lunettes', 'Gafas', false);
INSERT INTO public.quiz_questions (id, quiz_id, question_order, question_text_en, question_text_fr, question_text_es, question_type, explanation_en, explanation_fr, explanation_es) VALUES ('185a0da7-71cc-42e1-a0dd-1ba16de2e277', '876fffb2-30f2-4212-8bf0-7b1c4fcf49a4', 3, 'What is the flash time between basecoat coats for waterborne?', 'Temps entre couches de base?', 'Tiempo entre capas de base?', 'multiple-choice', 'Dehydrate until uniformly dull.', 'Secher jusqu''''a mat uniforme.', 'Secar hasta mate uniforme.');
INSERT INTO public.quiz_answers (question_id, answer_order, answer_text_en, answer_text_fr, answer_text_es, is_correct) VALUES ('185a0da7-71cc-42e1-a0dd-1ba16de2e277', 1, 'Until uniformly dull', 'Mat uniforme', 'Mate uniforme', true);
INSERT INTO public.quiz_answers (question_id, answer_order, answer_text_en, answer_text_fr, answer_text_es, is_correct) VALUES ('185a0da7-71cc-42e1-a0dd-1ba16de2e277', 2, '5 minutes exactly', '5 minutes', '5 minutos', false);
INSERT INTO public.quiz_answers (question_id, answer_order, answer_text_en, answer_text_fr, answer_text_es, is_correct) VALUES ('185a0da7-71cc-42e1-a0dd-1ba16de2e277', 3, '15 minutes', '15 minutes', '15 minutos', false);
INSERT INTO public.quiz_answers (question_id, answer_order, answer_text_en, answer_text_fr, answer_text_es, is_correct) VALUES ('185a0da7-71cc-42e1-a0dd-1ba16de2e277', 4, 'No flash needed', 'Pas de sechage', 'Sin secado', false);
INSERT INTO public.quiz_questions (id, quiz_id, question_order, question_text_en, question_text_fr, question_text_es, question_type, explanation_en, explanation_fr, explanation_es) VALUES ('760aad53-cfb2-4a00-897a-c38a10c27787', '876fffb2-30f2-4212-8bf0-7b1c4fcf49a4', 4, 'What PPG product system is used for waterborne basecoat?', 'Systeme de base PPG?', 'Sistema base PPG?', 'multiple-choice', 'Envirobase High Performance.', 'Envirobase HP.', 'Envirobase HP.');
INSERT INTO public.quiz_answers (question_id, answer_order, answer_text_en, answer_text_fr, answer_text_es, is_correct) VALUES ('760aad53-cfb2-4a00-897a-c38a10c27787', 1, 'Envirobase High Performance', 'Envirobase HP', 'Envirobase HP', true);
INSERT INTO public.quiz_answers (question_id, answer_order, answer_text_en, answer_text_fr, answer_text_es, is_correct) VALUES ('760aad53-cfb2-4a00-897a-c38a10c27787', 2, 'Deltron', 'Deltron', 'Deltron', false);
INSERT INTO public.quiz_answers (question_id, answer_order, answer_text_en, answer_text_fr, answer_text_es, is_correct) VALUES ('760aad53-cfb2-4a00-897a-c38a10c27787', 3, 'Global Refinish', 'Global', 'Global', false);
INSERT INTO public.quiz_answers (question_id, answer_order, answer_text_en, answer_text_fr, answer_text_es, is_correct) VALUES ('760aad53-cfb2-4a00-897a-c38a10c27787', 4, 'OneChoice', 'OneChoice', 'OneChoice', false);
INSERT INTO public.quiz_questions (id, quiz_id, question_order, question_text_en, question_text_fr, question_text_es, question_type, explanation_en, explanation_fr, explanation_es) VALUES ('d82ef0b3-4037-4c02-a148-9872df10160a', '876fffb2-30f2-4212-8bf0-7b1c4fcf49a4', 5, 'What temperature range is considered standard conditions?', 'Plage de temperature standard?', 'Rango de temperatura estandar?', 'multiple-choice', '68-90F (20-32C).', '68-90F.', '68-90F.');
INSERT INTO public.quiz_answers (question_id, answer_order, answer_text_en, answer_text_fr, answer_text_es, is_correct) VALUES ('d82ef0b3-4037-4c02-a148-9872df10160a', 1, '68-90F (20-32C)', '68-90F', '68-90F', true);
INSERT INTO public.quiz_answers (question_id, answer_order, answer_text_en, answer_text_fr, answer_text_es, is_correct) VALUES ('d82ef0b3-4037-4c02-a148-9872df10160a', 2, '50-65F', '50-65F', '50-65F', false);
INSERT INTO public.quiz_answers (question_id, answer_order, answer_text_en, answer_text_fr, answer_text_es, is_correct) VALUES ('d82ef0b3-4037-4c02-a148-9872df10160a', 3, '90-110F', '90-110F', '90-110F', false);
INSERT INTO public.quiz_answers (question_id, answer_order, answer_text_en, answer_text_fr, answer_text_es, is_correct) VALUES ('d82ef0b3-4037-4c02-a148-9872df10160a', 4, '32-50F', '32-50F', '32-50F', false);
INSERT INTO public.quiz_questions (id, quiz_id, question_order, question_text_en, question_text_fr, question_text_es, question_type, explanation_en, explanation_fr, explanation_es) VALUES ('6ff7ac52-a386-44e6-ac2a-815b29292b4a', '876fffb2-30f2-4212-8bf0-7b1c4fcf49a4', 6, 'What tack rag does PPG recommend?', 'Chiffon PPG recommande?', 'Trapo PPG recomendado?', 'multiple-choice', 'SX1070 OneChoice tack rag.', 'SX1070.', 'SX1070.');
INSERT INTO public.quiz_answers (question_id, answer_order, answer_text_en, answer_text_fr, answer_text_es, is_correct) VALUES ('6ff7ac52-a386-44e6-ac2a-815b29292b4a', 1, 'SX1070 OneChoice', 'SX1070', 'SX1070', true);
INSERT INTO public.quiz_answers (question_id, answer_order, answer_text_en, answer_text_fr, answer_text_es, is_correct) VALUES ('6ff7ac52-a386-44e6-ac2a-815b29292b4a', 2, 'Any tack rag', 'N''''importe quel', 'Cualquier', false);
INSERT INTO public.quiz_answers (question_id, answer_order, answer_text_en, answer_text_fr, answer_text_es, is_correct) VALUES ('6ff7ac52-a386-44e6-ac2a-815b29292b4a', 3, 'Microfiber cloth', 'Microfibre', 'Microfibra', false);
INSERT INTO public.quiz_answers (question_id, answer_order, answer_text_en, answer_text_fr, answer_text_es, is_correct) VALUES ('6ff7ac52-a386-44e6-ac2a-815b29292b4a', 4, 'Paper towel', 'Essuie-tout', 'Papel', false);
INSERT INTO public.quiz_questions (id, quiz_id, question_order, question_text_en, question_text_fr, question_text_es, question_type, explanation_en, explanation_fr, explanation_es) VALUES ('d494062a-f554-46fd-ac68-490328f2d24c', '876fffb2-30f2-4212-8bf0-7b1c4fcf49a4', 7, 'Maximum HVLP pressure at the cap for clearcoat?', 'Pression HVLP max vernis?', 'Presion HVLP max barniz?', 'multiple-choice', '10 PSI maximum.', '10 PSI max.', '10 PSI max.');
INSERT INTO public.quiz_answers (question_id, answer_order, answer_text_en, answer_text_fr, answer_text_es, is_correct) VALUES ('d494062a-f554-46fd-ac68-490328f2d24c', 1, '10 PSI', '10 PSI', '10 PSI', true);
INSERT INTO public.quiz_answers (question_id, answer_order, answer_text_en, answer_text_fr, answer_text_es, is_correct) VALUES ('d494062a-f554-46fd-ac68-490328f2d24c', 2, '15 PSI', '15 PSI', '15 PSI', false);
INSERT INTO public.quiz_answers (question_id, answer_order, answer_text_en, answer_text_fr, answer_text_es, is_correct) VALUES ('d494062a-f554-46fd-ac68-490328f2d24c', 3, '20 PSI', '20 PSI', '20 PSI', false);
INSERT INTO public.quiz_answers (question_id, answer_order, answer_text_en, answer_text_fr, answer_text_es, is_correct) VALUES ('d494062a-f554-46fd-ac68-490328f2d24c', 4, '25 PSI', '25 PSI', '25 PSI', false);
INSERT INTO public.quiz_questions (id, quiz_id, question_order, question_text_en, question_text_fr, question_text_es, question_type, explanation_en, explanation_fr, explanation_es) VALUES ('2e1166ab-49ba-475d-b8aa-f9dd5caa3655', '876fffb2-30f2-4212-8bf0-7b1c4fcf49a4', 8, 'What happens if wax and grease remover evaporates on the surface?', 'Si le degraissant evapore?', 'Si el desengrasante evapora?', 'multiple-choice', 'Paint failure can result.', 'Defaillance de peinture.', 'Falla de pintura.');
INSERT INTO public.quiz_answers (question_id, answer_order, answer_text_en, answer_text_fr, answer_text_es, is_correct) VALUES ('2e1166ab-49ba-475d-b8aa-f9dd5caa3655', 1, 'Paint failure', 'Defaillance peinture', 'Falla pintura', true);
INSERT INTO public.quiz_answers (question_id, answer_order, answer_text_en, answer_text_fr, answer_text_es, is_correct) VALUES ('2e1166ab-49ba-475d-b8aa-f9dd5caa3655', 2, 'Nothing', 'Rien', 'Nada', false);
INSERT INTO public.quiz_answers (question_id, answer_order, answer_text_en, answer_text_fr, answer_text_es, is_correct) VALUES ('2e1166ab-49ba-475d-b8aa-f9dd5caa3655', 3, 'Better adhesion', 'Meilleure adherence', 'Mejor adhesion', false);
INSERT INTO public.quiz_answers (question_id, answer_order, answer_text_en, answer_text_fr, answer_text_es, is_correct) VALUES ('2e1166ab-49ba-475d-b8aa-f9dd5caa3655', 4, 'Surface smoothing', 'Lissage', 'Alisado', false);

INSERT INTO public.quizzes (id, slug, title_en, title_fr, title_es, description_en, description_fr, description_es, quiz_type, passing_score, icon, is_active) VALUES ('bae8291b-c3da-45ea-85b1-37b17c7524d0', 'ppg-skill-surfacer-application', 'Surfacer Application Skills', 'Application mastic', 'Aplicacion aparejo', 'Surfacer application procedures.', 'Mastic.', 'Aparejo.', 'skill-check', 70, '📐', true);
INSERT INTO public.quiz_questions (id, quiz_id, question_order, question_text_en, question_text_fr, question_text_es, question_type, explanation_en, explanation_fr, explanation_es) VALUES ('b0caa1a1-0dbc-46c2-8681-a07eb0cff780', 'bae8291b-c3da-45ea-85b1-37b17c7524d0', 1, 'What is the recommended cleaning method before any PPG application?', 'Methode de nettoyage recommandee?', 'Metodo de limpieza recomendado?', 'multiple-choice', 'Wash with soap and water, then apply appropriate PPG cleaner.', 'Laver puis nettoyant PPG.', 'Lavar luego limpiador PPG.');
INSERT INTO public.quiz_answers (question_id, answer_order, answer_text_en, answer_text_fr, answer_text_es, is_correct) VALUES ('b0caa1a1-0dbc-46c2-8681-a07eb0cff780', 1, 'Wash then PPG cleaner', 'Laver puis nettoyant', 'Lavar luego limpiador', true);
INSERT INTO public.quiz_answers (question_id, answer_order, answer_text_en, answer_text_fr, answer_text_es, is_correct) VALUES ('b0caa1a1-0dbc-46c2-8681-a07eb0cff780', 2, 'Acetone wipe only', 'Acetone', 'Acetona', false);
INSERT INTO public.quiz_answers (question_id, answer_order, answer_text_en, answer_text_fr, answer_text_es, is_correct) VALUES ('b0caa1a1-0dbc-46c2-8681-a07eb0cff780', 3, 'Water rinse only', 'Eau seulement', 'Solo agua', false);
INSERT INTO public.quiz_answers (question_id, answer_order, answer_text_en, answer_text_fr, answer_text_es, is_correct) VALUES ('b0caa1a1-0dbc-46c2-8681-a07eb0cff780', 4, 'No cleaning needed', 'Pas de nettoyage', 'Sin limpieza', false);
INSERT INTO public.quiz_questions (id, quiz_id, question_order, question_text_en, question_text_fr, question_text_es, question_type, explanation_en, explanation_fr, explanation_es) VALUES ('35c307c5-8163-4297-88e7-2aff9483e306', 'bae8291b-c3da-45ea-85b1-37b17c7524d0', 2, 'What must always be worn during spraying operations?', 'Toujours porter lors de la pulverisation?', 'Siempre usar durante pulverizacion?', 'multiple-choice', 'Full-face air-supply respirator or air-fed half-mask with goggles.', 'Masque respiratoire.', 'Respirador.');
INSERT INTO public.quiz_answers (question_id, answer_order, answer_text_en, answer_text_fr, answer_text_es, is_correct) VALUES ('35c307c5-8163-4297-88e7-2aff9483e306', 1, 'Air-supply respirator', 'Masque air', 'Respirador aire', true);
INSERT INTO public.quiz_answers (question_id, answer_order, answer_text_en, answer_text_fr, answer_text_es, is_correct) VALUES ('35c307c5-8163-4297-88e7-2aff9483e306', 2, 'Paper mask', 'Masque papier', 'Mascarilla papel', false);
INSERT INTO public.quiz_answers (question_id, answer_order, answer_text_en, answer_text_fr, answer_text_es, is_correct) VALUES ('35c307c5-8163-4297-88e7-2aff9483e306', 3, 'Nothing in ventilated booth', 'Rien en cabine', 'Nada en cabina', false);
INSERT INTO public.quiz_answers (question_id, answer_order, answer_text_en, answer_text_fr, answer_text_es, is_correct) VALUES ('35c307c5-8163-4297-88e7-2aff9483e306', 4, 'Safety glasses only', 'Lunettes', 'Gafas', false);
INSERT INTO public.quiz_questions (id, quiz_id, question_order, question_text_en, question_text_fr, question_text_es, question_type, explanation_en, explanation_fr, explanation_es) VALUES ('f6b95bb5-2e81-4149-8c9d-a9aba220b920', 'bae8291b-c3da-45ea-85b1-37b17c7524d0', 3, 'What is the flash time between basecoat coats for waterborne?', 'Temps entre couches de base?', 'Tiempo entre capas de base?', 'multiple-choice', 'Dehydrate until uniformly dull.', 'Secher jusqu''''a mat uniforme.', 'Secar hasta mate uniforme.');
INSERT INTO public.quiz_answers (question_id, answer_order, answer_text_en, answer_text_fr, answer_text_es, is_correct) VALUES ('f6b95bb5-2e81-4149-8c9d-a9aba220b920', 1, 'Until uniformly dull', 'Mat uniforme', 'Mate uniforme', true);
INSERT INTO public.quiz_answers (question_id, answer_order, answer_text_en, answer_text_fr, answer_text_es, is_correct) VALUES ('f6b95bb5-2e81-4149-8c9d-a9aba220b920', 2, '5 minutes exactly', '5 minutes', '5 minutos', false);
INSERT INTO public.quiz_answers (question_id, answer_order, answer_text_en, answer_text_fr, answer_text_es, is_correct) VALUES ('f6b95bb5-2e81-4149-8c9d-a9aba220b920', 3, '15 minutes', '15 minutes', '15 minutos', false);
INSERT INTO public.quiz_answers (question_id, answer_order, answer_text_en, answer_text_fr, answer_text_es, is_correct) VALUES ('f6b95bb5-2e81-4149-8c9d-a9aba220b920', 4, 'No flash needed', 'Pas de sechage', 'Sin secado', false);
INSERT INTO public.quiz_questions (id, quiz_id, question_order, question_text_en, question_text_fr, question_text_es, question_type, explanation_en, explanation_fr, explanation_es) VALUES ('506a829c-2583-41da-8096-39180abf85be', 'bae8291b-c3da-45ea-85b1-37b17c7524d0', 4, 'What PPG product system is used for waterborne basecoat?', 'Systeme de base PPG?', 'Sistema base PPG?', 'multiple-choice', 'Envirobase High Performance.', 'Envirobase HP.', 'Envirobase HP.');
INSERT INTO public.quiz_answers (question_id, answer_order, answer_text_en, answer_text_fr, answer_text_es, is_correct) VALUES ('506a829c-2583-41da-8096-39180abf85be', 1, 'Envirobase High Performance', 'Envirobase HP', 'Envirobase HP', true);
INSERT INTO public.quiz_answers (question_id, answer_order, answer_text_en, answer_text_fr, answer_text_es, is_correct) VALUES ('506a829c-2583-41da-8096-39180abf85be', 2, 'Deltron', 'Deltron', 'Deltron', false);
INSERT INTO public.quiz_answers (question_id, answer_order, answer_text_en, answer_text_fr, answer_text_es, is_correct) VALUES ('506a829c-2583-41da-8096-39180abf85be', 3, 'Global Refinish', 'Global', 'Global', false);
INSERT INTO public.quiz_answers (question_id, answer_order, answer_text_en, answer_text_fr, answer_text_es, is_correct) VALUES ('506a829c-2583-41da-8096-39180abf85be', 4, 'OneChoice', 'OneChoice', 'OneChoice', false);
INSERT INTO public.quiz_questions (id, quiz_id, question_order, question_text_en, question_text_fr, question_text_es, question_type, explanation_en, explanation_fr, explanation_es) VALUES ('d498f811-cfa6-4d26-8f71-2453cbcdc15e', 'bae8291b-c3da-45ea-85b1-37b17c7524d0', 5, 'What temperature range is considered standard conditions?', 'Plage de temperature standard?', 'Rango de temperatura estandar?', 'multiple-choice', '68-90F (20-32C).', '68-90F.', '68-90F.');
INSERT INTO public.quiz_answers (question_id, answer_order, answer_text_en, answer_text_fr, answer_text_es, is_correct) VALUES ('d498f811-cfa6-4d26-8f71-2453cbcdc15e', 1, '68-90F (20-32C)', '68-90F', '68-90F', true);
INSERT INTO public.quiz_answers (question_id, answer_order, answer_text_en, answer_text_fr, answer_text_es, is_correct) VALUES ('d498f811-cfa6-4d26-8f71-2453cbcdc15e', 2, '50-65F', '50-65F', '50-65F', false);
INSERT INTO public.quiz_answers (question_id, answer_order, answer_text_en, answer_text_fr, answer_text_es, is_correct) VALUES ('d498f811-cfa6-4d26-8f71-2453cbcdc15e', 3, '90-110F', '90-110F', '90-110F', false);
INSERT INTO public.quiz_answers (question_id, answer_order, answer_text_en, answer_text_fr, answer_text_es, is_correct) VALUES ('d498f811-cfa6-4d26-8f71-2453cbcdc15e', 4, '32-50F', '32-50F', '32-50F', false);
INSERT INTO public.quiz_questions (id, quiz_id, question_order, question_text_en, question_text_fr, question_text_es, question_type, explanation_en, explanation_fr, explanation_es) VALUES ('60c9f57e-a04d-41a8-ac8f-b405209d5bca', 'bae8291b-c3da-45ea-85b1-37b17c7524d0', 6, 'What tack rag does PPG recommend?', 'Chiffon PPG recommande?', 'Trapo PPG recomendado?', 'multiple-choice', 'SX1070 OneChoice tack rag.', 'SX1070.', 'SX1070.');
INSERT INTO public.quiz_answers (question_id, answer_order, answer_text_en, answer_text_fr, answer_text_es, is_correct) VALUES ('60c9f57e-a04d-41a8-ac8f-b405209d5bca', 1, 'SX1070 OneChoice', 'SX1070', 'SX1070', true);
INSERT INTO public.quiz_answers (question_id, answer_order, answer_text_en, answer_text_fr, answer_text_es, is_correct) VALUES ('60c9f57e-a04d-41a8-ac8f-b405209d5bca', 2, 'Any tack rag', 'N''''importe quel', 'Cualquier', false);
INSERT INTO public.quiz_answers (question_id, answer_order, answer_text_en, answer_text_fr, answer_text_es, is_correct) VALUES ('60c9f57e-a04d-41a8-ac8f-b405209d5bca', 3, 'Microfiber cloth', 'Microfibre', 'Microfibra', false);
INSERT INTO public.quiz_answers (question_id, answer_order, answer_text_en, answer_text_fr, answer_text_es, is_correct) VALUES ('60c9f57e-a04d-41a8-ac8f-b405209d5bca', 4, 'Paper towel', 'Essuie-tout', 'Papel', false);
INSERT INTO public.quiz_questions (id, quiz_id, question_order, question_text_en, question_text_fr, question_text_es, question_type, explanation_en, explanation_fr, explanation_es) VALUES ('8c79e827-0d8e-4388-a0ea-e99f93577018', 'bae8291b-c3da-45ea-85b1-37b17c7524d0', 7, 'Maximum HVLP pressure at the cap for clearcoat?', 'Pression HVLP max vernis?', 'Presion HVLP max barniz?', 'multiple-choice', '10 PSI maximum.', '10 PSI max.', '10 PSI max.');
INSERT INTO public.quiz_answers (question_id, answer_order, answer_text_en, answer_text_fr, answer_text_es, is_correct) VALUES ('8c79e827-0d8e-4388-a0ea-e99f93577018', 1, '10 PSI', '10 PSI', '10 PSI', true);
INSERT INTO public.quiz_answers (question_id, answer_order, answer_text_en, answer_text_fr, answer_text_es, is_correct) VALUES ('8c79e827-0d8e-4388-a0ea-e99f93577018', 2, '15 PSI', '15 PSI', '15 PSI', false);
INSERT INTO public.quiz_answers (question_id, answer_order, answer_text_en, answer_text_fr, answer_text_es, is_correct) VALUES ('8c79e827-0d8e-4388-a0ea-e99f93577018', 3, '20 PSI', '20 PSI', '20 PSI', false);
INSERT INTO public.quiz_answers (question_id, answer_order, answer_text_en, answer_text_fr, answer_text_es, is_correct) VALUES ('8c79e827-0d8e-4388-a0ea-e99f93577018', 4, '25 PSI', '25 PSI', '25 PSI', false);
INSERT INTO public.quiz_questions (id, quiz_id, question_order, question_text_en, question_text_fr, question_text_es, question_type, explanation_en, explanation_fr, explanation_es) VALUES ('4277f924-b37a-4042-8b26-649acb28ab58', 'bae8291b-c3da-45ea-85b1-37b17c7524d0', 8, 'What happens if wax and grease remover evaporates on the surface?', 'Si le degraissant evapore?', 'Si el desengrasante evapora?', 'multiple-choice', 'Paint failure can result.', 'Defaillance de peinture.', 'Falla de pintura.');
INSERT INTO public.quiz_answers (question_id, answer_order, answer_text_en, answer_text_fr, answer_text_es, is_correct) VALUES ('4277f924-b37a-4042-8b26-649acb28ab58', 1, 'Paint failure', 'Defaillance peinture', 'Falla pintura', true);
INSERT INTO public.quiz_answers (question_id, answer_order, answer_text_en, answer_text_fr, answer_text_es, is_correct) VALUES ('4277f924-b37a-4042-8b26-649acb28ab58', 2, 'Nothing', 'Rien', 'Nada', false);
INSERT INTO public.quiz_answers (question_id, answer_order, answer_text_en, answer_text_fr, answer_text_es, is_correct) VALUES ('4277f924-b37a-4042-8b26-649acb28ab58', 3, 'Better adhesion', 'Meilleure adherence', 'Mejor adhesion', false);
INSERT INTO public.quiz_answers (question_id, answer_order, answer_text_en, answer_text_fr, answer_text_es, is_correct) VALUES ('4277f924-b37a-4042-8b26-649acb28ab58', 4, 'Surface smoothing', 'Lissage', 'Alisado', false);

INSERT INTO public.quizzes (id, slug, title_en, title_fr, title_es, description_en, description_fr, description_es, quiz_type, passing_score, icon, is_active) VALUES ('781dba2b-7b0b-468b-aa38-41d2e25ea46b', 'ppg-skill-sealer-application', 'Sealer Application Skills', 'Application scellant', 'Aplicacion sellador', 'Sealer application and G-shade selection.', 'Scellant.', 'Sellador.', 'skill-check', 70, '🎨', true);
INSERT INTO public.quiz_questions (id, quiz_id, question_order, question_text_en, question_text_fr, question_text_es, question_type, explanation_en, explanation_fr, explanation_es) VALUES ('b9b62454-2b77-4e94-9d42-c312fe913a35', '781dba2b-7b0b-468b-aa38-41d2e25ea46b', 1, 'What is the recommended cleaning method before any PPG application?', 'Methode de nettoyage recommandee?', 'Metodo de limpieza recomendado?', 'multiple-choice', 'Wash with soap and water, then apply appropriate PPG cleaner.', 'Laver puis nettoyant PPG.', 'Lavar luego limpiador PPG.');
INSERT INTO public.quiz_answers (question_id, answer_order, answer_text_en, answer_text_fr, answer_text_es, is_correct) VALUES ('b9b62454-2b77-4e94-9d42-c312fe913a35', 1, 'Wash then PPG cleaner', 'Laver puis nettoyant', 'Lavar luego limpiador', true);
INSERT INTO public.quiz_answers (question_id, answer_order, answer_text_en, answer_text_fr, answer_text_es, is_correct) VALUES ('b9b62454-2b77-4e94-9d42-c312fe913a35', 2, 'Acetone wipe only', 'Acetone', 'Acetona', false);
INSERT INTO public.quiz_answers (question_id, answer_order, answer_text_en, answer_text_fr, answer_text_es, is_correct) VALUES ('b9b62454-2b77-4e94-9d42-c312fe913a35', 3, 'Water rinse only', 'Eau seulement', 'Solo agua', false);
INSERT INTO public.quiz_answers (question_id, answer_order, answer_text_en, answer_text_fr, answer_text_es, is_correct) VALUES ('b9b62454-2b77-4e94-9d42-c312fe913a35', 4, 'No cleaning needed', 'Pas de nettoyage', 'Sin limpieza', false);
INSERT INTO public.quiz_questions (id, quiz_id, question_order, question_text_en, question_text_fr, question_text_es, question_type, explanation_en, explanation_fr, explanation_es) VALUES ('8663f994-d06e-4d07-8a0c-066337a0d97c', '781dba2b-7b0b-468b-aa38-41d2e25ea46b', 2, 'What must always be worn during spraying operations?', 'Toujours porter lors de la pulverisation?', 'Siempre usar durante pulverizacion?', 'multiple-choice', 'Full-face air-supply respirator or air-fed half-mask with goggles.', 'Masque respiratoire.', 'Respirador.');
INSERT INTO public.quiz_answers (question_id, answer_order, answer_text_en, answer_text_fr, answer_text_es, is_correct) VALUES ('8663f994-d06e-4d07-8a0c-066337a0d97c', 1, 'Air-supply respirator', 'Masque air', 'Respirador aire', true);
INSERT INTO public.quiz_answers (question_id, answer_order, answer_text_en, answer_text_fr, answer_text_es, is_correct) VALUES ('8663f994-d06e-4d07-8a0c-066337a0d97c', 2, 'Paper mask', 'Masque papier', 'Mascarilla papel', false);
INSERT INTO public.quiz_answers (question_id, answer_order, answer_text_en, answer_text_fr, answer_text_es, is_correct) VALUES ('8663f994-d06e-4d07-8a0c-066337a0d97c', 3, 'Nothing in ventilated booth', 'Rien en cabine', 'Nada en cabina', false);
INSERT INTO public.quiz_answers (question_id, answer_order, answer_text_en, answer_text_fr, answer_text_es, is_correct) VALUES ('8663f994-d06e-4d07-8a0c-066337a0d97c', 4, 'Safety glasses only', 'Lunettes', 'Gafas', false);
INSERT INTO public.quiz_questions (id, quiz_id, question_order, question_text_en, question_text_fr, question_text_es, question_type, explanation_en, explanation_fr, explanation_es) VALUES ('ea69c219-36b7-4cbe-be6e-df5128bd8f5a', '781dba2b-7b0b-468b-aa38-41d2e25ea46b', 3, 'What is the flash time between basecoat coats for waterborne?', 'Temps entre couches de base?', 'Tiempo entre capas de base?', 'multiple-choice', 'Dehydrate until uniformly dull.', 'Secher jusqu''''a mat uniforme.', 'Secar hasta mate uniforme.');
INSERT INTO public.quiz_answers (question_id, answer_order, answer_text_en, answer_text_fr, answer_text_es, is_correct) VALUES ('ea69c219-36b7-4cbe-be6e-df5128bd8f5a', 1, 'Until uniformly dull', 'Mat uniforme', 'Mate uniforme', true);
INSERT INTO public.quiz_answers (question_id, answer_order, answer_text_en, answer_text_fr, answer_text_es, is_correct) VALUES ('ea69c219-36b7-4cbe-be6e-df5128bd8f5a', 2, '5 minutes exactly', '5 minutes', '5 minutos', false);
INSERT INTO public.quiz_answers (question_id, answer_order, answer_text_en, answer_text_fr, answer_text_es, is_correct) VALUES ('ea69c219-36b7-4cbe-be6e-df5128bd8f5a', 3, '15 minutes', '15 minutes', '15 minutos', false);
INSERT INTO public.quiz_answers (question_id, answer_order, answer_text_en, answer_text_fr, answer_text_es, is_correct) VALUES ('ea69c219-36b7-4cbe-be6e-df5128bd8f5a', 4, 'No flash needed', 'Pas de sechage', 'Sin secado', false);
INSERT INTO public.quiz_questions (id, quiz_id, question_order, question_text_en, question_text_fr, question_text_es, question_type, explanation_en, explanation_fr, explanation_es) VALUES ('d6f64183-486d-4dee-9798-ca14d14c6822', '781dba2b-7b0b-468b-aa38-41d2e25ea46b', 4, 'What PPG product system is used for waterborne basecoat?', 'Systeme de base PPG?', 'Sistema base PPG?', 'multiple-choice', 'Envirobase High Performance.', 'Envirobase HP.', 'Envirobase HP.');
INSERT INTO public.quiz_answers (question_id, answer_order, answer_text_en, answer_text_fr, answer_text_es, is_correct) VALUES ('d6f64183-486d-4dee-9798-ca14d14c6822', 1, 'Envirobase High Performance', 'Envirobase HP', 'Envirobase HP', true);
INSERT INTO public.quiz_answers (question_id, answer_order, answer_text_en, answer_text_fr, answer_text_es, is_correct) VALUES ('d6f64183-486d-4dee-9798-ca14d14c6822', 2, 'Deltron', 'Deltron', 'Deltron', false);
INSERT INTO public.quiz_answers (question_id, answer_order, answer_text_en, answer_text_fr, answer_text_es, is_correct) VALUES ('d6f64183-486d-4dee-9798-ca14d14c6822', 3, 'Global Refinish', 'Global', 'Global', false);
INSERT INTO public.quiz_answers (question_id, answer_order, answer_text_en, answer_text_fr, answer_text_es, is_correct) VALUES ('d6f64183-486d-4dee-9798-ca14d14c6822', 4, 'OneChoice', 'OneChoice', 'OneChoice', false);
INSERT INTO public.quiz_questions (id, quiz_id, question_order, question_text_en, question_text_fr, question_text_es, question_type, explanation_en, explanation_fr, explanation_es) VALUES ('5f1df398-043e-4a08-bd19-12855d4da9fe', '781dba2b-7b0b-468b-aa38-41d2e25ea46b', 5, 'What temperature range is considered standard conditions?', 'Plage de temperature standard?', 'Rango de temperatura estandar?', 'multiple-choice', '68-90F (20-32C).', '68-90F.', '68-90F.');
INSERT INTO public.quiz_answers (question_id, answer_order, answer_text_en, answer_text_fr, answer_text_es, is_correct) VALUES ('5f1df398-043e-4a08-bd19-12855d4da9fe', 1, '68-90F (20-32C)', '68-90F', '68-90F', true);
INSERT INTO public.quiz_answers (question_id, answer_order, answer_text_en, answer_text_fr, answer_text_es, is_correct) VALUES ('5f1df398-043e-4a08-bd19-12855d4da9fe', 2, '50-65F', '50-65F', '50-65F', false);
INSERT INTO public.quiz_answers (question_id, answer_order, answer_text_en, answer_text_fr, answer_text_es, is_correct) VALUES ('5f1df398-043e-4a08-bd19-12855d4da9fe', 3, '90-110F', '90-110F', '90-110F', false);
INSERT INTO public.quiz_answers (question_id, answer_order, answer_text_en, answer_text_fr, answer_text_es, is_correct) VALUES ('5f1df398-043e-4a08-bd19-12855d4da9fe', 4, '32-50F', '32-50F', '32-50F', false);
INSERT INTO public.quiz_questions (id, quiz_id, question_order, question_text_en, question_text_fr, question_text_es, question_type, explanation_en, explanation_fr, explanation_es) VALUES ('9d6197d1-4ec4-4108-8f10-19653de72029', '781dba2b-7b0b-468b-aa38-41d2e25ea46b', 6, 'What tack rag does PPG recommend?', 'Chiffon PPG recommande?', 'Trapo PPG recomendado?', 'multiple-choice', 'SX1070 OneChoice tack rag.', 'SX1070.', 'SX1070.');
INSERT INTO public.quiz_answers (question_id, answer_order, answer_text_en, answer_text_fr, answer_text_es, is_correct) VALUES ('9d6197d1-4ec4-4108-8f10-19653de72029', 1, 'SX1070 OneChoice', 'SX1070', 'SX1070', true);
INSERT INTO public.quiz_answers (question_id, answer_order, answer_text_en, answer_text_fr, answer_text_es, is_correct) VALUES ('9d6197d1-4ec4-4108-8f10-19653de72029', 2, 'Any tack rag', 'N''''importe quel', 'Cualquier', false);
INSERT INTO public.quiz_answers (question_id, answer_order, answer_text_en, answer_text_fr, answer_text_es, is_correct) VALUES ('9d6197d1-4ec4-4108-8f10-19653de72029', 3, 'Microfiber cloth', 'Microfibre', 'Microfibra', false);
INSERT INTO public.quiz_answers (question_id, answer_order, answer_text_en, answer_text_fr, answer_text_es, is_correct) VALUES ('9d6197d1-4ec4-4108-8f10-19653de72029', 4, 'Paper towel', 'Essuie-tout', 'Papel', false);
INSERT INTO public.quiz_questions (id, quiz_id, question_order, question_text_en, question_text_fr, question_text_es, question_type, explanation_en, explanation_fr, explanation_es) VALUES ('be73b9c6-dd41-444f-929f-5111fcaf51a7', '781dba2b-7b0b-468b-aa38-41d2e25ea46b', 7, 'Maximum HVLP pressure at the cap for clearcoat?', 'Pression HVLP max vernis?', 'Presion HVLP max barniz?', 'multiple-choice', '10 PSI maximum.', '10 PSI max.', '10 PSI max.');
INSERT INTO public.quiz_answers (question_id, answer_order, answer_text_en, answer_text_fr, answer_text_es, is_correct) VALUES ('be73b9c6-dd41-444f-929f-5111fcaf51a7', 1, '10 PSI', '10 PSI', '10 PSI', true);
INSERT INTO public.quiz_answers (question_id, answer_order, answer_text_en, answer_text_fr, answer_text_es, is_correct) VALUES ('be73b9c6-dd41-444f-929f-5111fcaf51a7', 2, '15 PSI', '15 PSI', '15 PSI', false);
INSERT INTO public.quiz_answers (question_id, answer_order, answer_text_en, answer_text_fr, answer_text_es, is_correct) VALUES ('be73b9c6-dd41-444f-929f-5111fcaf51a7', 3, '20 PSI', '20 PSI', '20 PSI', false);
INSERT INTO public.quiz_answers (question_id, answer_order, answer_text_en, answer_text_fr, answer_text_es, is_correct) VALUES ('be73b9c6-dd41-444f-929f-5111fcaf51a7', 4, '25 PSI', '25 PSI', '25 PSI', false);
INSERT INTO public.quiz_questions (id, quiz_id, question_order, question_text_en, question_text_fr, question_text_es, question_type, explanation_en, explanation_fr, explanation_es) VALUES ('35e29b51-8155-4cca-928a-cd132a730d57', '781dba2b-7b0b-468b-aa38-41d2e25ea46b', 8, 'What happens if wax and grease remover evaporates on the surface?', 'Si le degraissant evapore?', 'Si el desengrasante evapora?', 'multiple-choice', 'Paint failure can result.', 'Defaillance de peinture.', 'Falla de pintura.');
INSERT INTO public.quiz_answers (question_id, answer_order, answer_text_en, answer_text_fr, answer_text_es, is_correct) VALUES ('35e29b51-8155-4cca-928a-cd132a730d57', 1, 'Paint failure', 'Defaillance peinture', 'Falla pintura', true);
INSERT INTO public.quiz_answers (question_id, answer_order, answer_text_en, answer_text_fr, answer_text_es, is_correct) VALUES ('35e29b51-8155-4cca-928a-cd132a730d57', 2, 'Nothing', 'Rien', 'Nada', false);
INSERT INTO public.quiz_answers (question_id, answer_order, answer_text_en, answer_text_fr, answer_text_es, is_correct) VALUES ('35e29b51-8155-4cca-928a-cd132a730d57', 3, 'Better adhesion', 'Meilleure adherence', 'Mejor adhesion', false);
INSERT INTO public.quiz_answers (question_id, answer_order, answer_text_en, answer_text_fr, answer_text_es, is_correct) VALUES ('35e29b51-8155-4cca-928a-cd132a730d57', 4, 'Surface smoothing', 'Lissage', 'Alisado', false);

INSERT INTO public.quizzes (id, slug, title_en, title_fr, title_es, description_en, description_fr, description_es, quiz_type, passing_score, icon, is_active) VALUES ('952b2911-e25d-4c94-85f9-f42a3c560a9c', 'ppg-skill-plastic-prep', 'Plastic Prep Skills', 'Preparation plastique', 'Preparacion plastico', 'Plastic preparation procedures.', 'Plastique.', 'Plastico.', 'skill-check', 70, '🧫', true);
INSERT INTO public.quiz_questions (id, quiz_id, question_order, question_text_en, question_text_fr, question_text_es, question_type, explanation_en, explanation_fr, explanation_es) VALUES ('b4c276d9-8609-4516-94aa-786a9532bb24', '952b2911-e25d-4c94-85f9-f42a3c560a9c', 1, 'What is the recommended cleaning method before any PPG application?', 'Methode de nettoyage recommandee?', 'Metodo de limpieza recomendado?', 'multiple-choice', 'Wash with soap and water, then apply appropriate PPG cleaner.', 'Laver puis nettoyant PPG.', 'Lavar luego limpiador PPG.');
INSERT INTO public.quiz_answers (question_id, answer_order, answer_text_en, answer_text_fr, answer_text_es, is_correct) VALUES ('b4c276d9-8609-4516-94aa-786a9532bb24', 1, 'Wash then PPG cleaner', 'Laver puis nettoyant', 'Lavar luego limpiador', true);
INSERT INTO public.quiz_answers (question_id, answer_order, answer_text_en, answer_text_fr, answer_text_es, is_correct) VALUES ('b4c276d9-8609-4516-94aa-786a9532bb24', 2, 'Acetone wipe only', 'Acetone', 'Acetona', false);
INSERT INTO public.quiz_answers (question_id, answer_order, answer_text_en, answer_text_fr, answer_text_es, is_correct) VALUES ('b4c276d9-8609-4516-94aa-786a9532bb24', 3, 'Water rinse only', 'Eau seulement', 'Solo agua', false);
INSERT INTO public.quiz_answers (question_id, answer_order, answer_text_en, answer_text_fr, answer_text_es, is_correct) VALUES ('b4c276d9-8609-4516-94aa-786a9532bb24', 4, 'No cleaning needed', 'Pas de nettoyage', 'Sin limpieza', false);
INSERT INTO public.quiz_questions (id, quiz_id, question_order, question_text_en, question_text_fr, question_text_es, question_type, explanation_en, explanation_fr, explanation_es) VALUES ('81be3f1c-0464-4e23-b979-ee0022183de6', '952b2911-e25d-4c94-85f9-f42a3c560a9c', 2, 'What must always be worn during spraying operations?', 'Toujours porter lors de la pulverisation?', 'Siempre usar durante pulverizacion?', 'multiple-choice', 'Full-face air-supply respirator or air-fed half-mask with goggles.', 'Masque respiratoire.', 'Respirador.');
INSERT INTO public.quiz_answers (question_id, answer_order, answer_text_en, answer_text_fr, answer_text_es, is_correct) VALUES ('81be3f1c-0464-4e23-b979-ee0022183de6', 1, 'Air-supply respirator', 'Masque air', 'Respirador aire', true);
INSERT INTO public.quiz_answers (question_id, answer_order, answer_text_en, answer_text_fr, answer_text_es, is_correct) VALUES ('81be3f1c-0464-4e23-b979-ee0022183de6', 2, 'Paper mask', 'Masque papier', 'Mascarilla papel', false);
INSERT INTO public.quiz_answers (question_id, answer_order, answer_text_en, answer_text_fr, answer_text_es, is_correct) VALUES ('81be3f1c-0464-4e23-b979-ee0022183de6', 3, 'Nothing in ventilated booth', 'Rien en cabine', 'Nada en cabina', false);
INSERT INTO public.quiz_answers (question_id, answer_order, answer_text_en, answer_text_fr, answer_text_es, is_correct) VALUES ('81be3f1c-0464-4e23-b979-ee0022183de6', 4, 'Safety glasses only', 'Lunettes', 'Gafas', false);
INSERT INTO public.quiz_questions (id, quiz_id, question_order, question_text_en, question_text_fr, question_text_es, question_type, explanation_en, explanation_fr, explanation_es) VALUES ('1ae4b5bc-c75a-43aa-b1f1-6299ed438608', '952b2911-e25d-4c94-85f9-f42a3c560a9c', 3, 'What is the flash time between basecoat coats for waterborne?', 'Temps entre couches de base?', 'Tiempo entre capas de base?', 'multiple-choice', 'Dehydrate until uniformly dull.', 'Secher jusqu''''a mat uniforme.', 'Secar hasta mate uniforme.');
INSERT INTO public.quiz_answers (question_id, answer_order, answer_text_en, answer_text_fr, answer_text_es, is_correct) VALUES ('1ae4b5bc-c75a-43aa-b1f1-6299ed438608', 1, 'Until uniformly dull', 'Mat uniforme', 'Mate uniforme', true);
INSERT INTO public.quiz_answers (question_id, answer_order, answer_text_en, answer_text_fr, answer_text_es, is_correct) VALUES ('1ae4b5bc-c75a-43aa-b1f1-6299ed438608', 2, '5 minutes exactly', '5 minutes', '5 minutos', false);
INSERT INTO public.quiz_answers (question_id, answer_order, answer_text_en, answer_text_fr, answer_text_es, is_correct) VALUES ('1ae4b5bc-c75a-43aa-b1f1-6299ed438608', 3, '15 minutes', '15 minutes', '15 minutos', false);
INSERT INTO public.quiz_answers (question_id, answer_order, answer_text_en, answer_text_fr, answer_text_es, is_correct) VALUES ('1ae4b5bc-c75a-43aa-b1f1-6299ed438608', 4, 'No flash needed', 'Pas de sechage', 'Sin secado', false);
INSERT INTO public.quiz_questions (id, quiz_id, question_order, question_text_en, question_text_fr, question_text_es, question_type, explanation_en, explanation_fr, explanation_es) VALUES ('07e7b348-f4fe-42ae-bbaa-34819b0c0d33', '952b2911-e25d-4c94-85f9-f42a3c560a9c', 4, 'What PPG product system is used for waterborne basecoat?', 'Systeme de base PPG?', 'Sistema base PPG?', 'multiple-choice', 'Envirobase High Performance.', 'Envirobase HP.', 'Envirobase HP.');
INSERT INTO public.quiz_answers (question_id, answer_order, answer_text_en, answer_text_fr, answer_text_es, is_correct) VALUES ('07e7b348-f4fe-42ae-bbaa-34819b0c0d33', 1, 'Envirobase High Performance', 'Envirobase HP', 'Envirobase HP', true);
INSERT INTO public.quiz_answers (question_id, answer_order, answer_text_en, answer_text_fr, answer_text_es, is_correct) VALUES ('07e7b348-f4fe-42ae-bbaa-34819b0c0d33', 2, 'Deltron', 'Deltron', 'Deltron', false);
INSERT INTO public.quiz_answers (question_id, answer_order, answer_text_en, answer_text_fr, answer_text_es, is_correct) VALUES ('07e7b348-f4fe-42ae-bbaa-34819b0c0d33', 3, 'Global Refinish', 'Global', 'Global', false);
INSERT INTO public.quiz_answers (question_id, answer_order, answer_text_en, answer_text_fr, answer_text_es, is_correct) VALUES ('07e7b348-f4fe-42ae-bbaa-34819b0c0d33', 4, 'OneChoice', 'OneChoice', 'OneChoice', false);
INSERT INTO public.quiz_questions (id, quiz_id, question_order, question_text_en, question_text_fr, question_text_es, question_type, explanation_en, explanation_fr, explanation_es) VALUES ('26e66354-4152-4b21-be1c-978532d9a36f', '952b2911-e25d-4c94-85f9-f42a3c560a9c', 5, 'What temperature range is considered standard conditions?', 'Plage de temperature standard?', 'Rango de temperatura estandar?', 'multiple-choice', '68-90F (20-32C).', '68-90F.', '68-90F.');
INSERT INTO public.quiz_answers (question_id, answer_order, answer_text_en, answer_text_fr, answer_text_es, is_correct) VALUES ('26e66354-4152-4b21-be1c-978532d9a36f', 1, '68-90F (20-32C)', '68-90F', '68-90F', true);
INSERT INTO public.quiz_answers (question_id, answer_order, answer_text_en, answer_text_fr, answer_text_es, is_correct) VALUES ('26e66354-4152-4b21-be1c-978532d9a36f', 2, '50-65F', '50-65F', '50-65F', false);
INSERT INTO public.quiz_answers (question_id, answer_order, answer_text_en, answer_text_fr, answer_text_es, is_correct) VALUES ('26e66354-4152-4b21-be1c-978532d9a36f', 3, '90-110F', '90-110F', '90-110F', false);
INSERT INTO public.quiz_answers (question_id, answer_order, answer_text_en, answer_text_fr, answer_text_es, is_correct) VALUES ('26e66354-4152-4b21-be1c-978532d9a36f', 4, '32-50F', '32-50F', '32-50F', false);
INSERT INTO public.quiz_questions (id, quiz_id, question_order, question_text_en, question_text_fr, question_text_es, question_type, explanation_en, explanation_fr, explanation_es) VALUES ('238733df-31a3-4447-8e35-0482fad189bc', '952b2911-e25d-4c94-85f9-f42a3c560a9c', 6, 'What tack rag does PPG recommend?', 'Chiffon PPG recommande?', 'Trapo PPG recomendado?', 'multiple-choice', 'SX1070 OneChoice tack rag.', 'SX1070.', 'SX1070.');
INSERT INTO public.quiz_answers (question_id, answer_order, answer_text_en, answer_text_fr, answer_text_es, is_correct) VALUES ('238733df-31a3-4447-8e35-0482fad189bc', 1, 'SX1070 OneChoice', 'SX1070', 'SX1070', true);
INSERT INTO public.quiz_answers (question_id, answer_order, answer_text_en, answer_text_fr, answer_text_es, is_correct) VALUES ('238733df-31a3-4447-8e35-0482fad189bc', 2, 'Any tack rag', 'N''''importe quel', 'Cualquier', false);
INSERT INTO public.quiz_answers (question_id, answer_order, answer_text_en, answer_text_fr, answer_text_es, is_correct) VALUES ('238733df-31a3-4447-8e35-0482fad189bc', 3, 'Microfiber cloth', 'Microfibre', 'Microfibra', false);
INSERT INTO public.quiz_answers (question_id, answer_order, answer_text_en, answer_text_fr, answer_text_es, is_correct) VALUES ('238733df-31a3-4447-8e35-0482fad189bc', 4, 'Paper towel', 'Essuie-tout', 'Papel', false);
INSERT INTO public.quiz_questions (id, quiz_id, question_order, question_text_en, question_text_fr, question_text_es, question_type, explanation_en, explanation_fr, explanation_es) VALUES ('4d79986a-ac71-40f2-b35c-f8745e52ad8c', '952b2911-e25d-4c94-85f9-f42a3c560a9c', 7, 'Maximum HVLP pressure at the cap for clearcoat?', 'Pression HVLP max vernis?', 'Presion HVLP max barniz?', 'multiple-choice', '10 PSI maximum.', '10 PSI max.', '10 PSI max.');
INSERT INTO public.quiz_answers (question_id, answer_order, answer_text_en, answer_text_fr, answer_text_es, is_correct) VALUES ('4d79986a-ac71-40f2-b35c-f8745e52ad8c', 1, '10 PSI', '10 PSI', '10 PSI', true);
INSERT INTO public.quiz_answers (question_id, answer_order, answer_text_en, answer_text_fr, answer_text_es, is_correct) VALUES ('4d79986a-ac71-40f2-b35c-f8745e52ad8c', 2, '15 PSI', '15 PSI', '15 PSI', false);
INSERT INTO public.quiz_answers (question_id, answer_order, answer_text_en, answer_text_fr, answer_text_es, is_correct) VALUES ('4d79986a-ac71-40f2-b35c-f8745e52ad8c', 3, '20 PSI', '20 PSI', '20 PSI', false);
INSERT INTO public.quiz_answers (question_id, answer_order, answer_text_en, answer_text_fr, answer_text_es, is_correct) VALUES ('4d79986a-ac71-40f2-b35c-f8745e52ad8c', 4, '25 PSI', '25 PSI', '25 PSI', false);
INSERT INTO public.quiz_questions (id, quiz_id, question_order, question_text_en, question_text_fr, question_text_es, question_type, explanation_en, explanation_fr, explanation_es) VALUES ('c2bfe92a-aead-485d-9bd3-5cea9b204a8f', '952b2911-e25d-4c94-85f9-f42a3c560a9c', 8, 'What happens if wax and grease remover evaporates on the surface?', 'Si le degraissant evapore?', 'Si el desengrasante evapora?', 'multiple-choice', 'Paint failure can result.', 'Defaillance de peinture.', 'Falla de pintura.');
INSERT INTO public.quiz_answers (question_id, answer_order, answer_text_en, answer_text_fr, answer_text_es, is_correct) VALUES ('c2bfe92a-aead-485d-9bd3-5cea9b204a8f', 1, 'Paint failure', 'Defaillance peinture', 'Falla pintura', true);
INSERT INTO public.quiz_answers (question_id, answer_order, answer_text_en, answer_text_fr, answer_text_es, is_correct) VALUES ('c2bfe92a-aead-485d-9bd3-5cea9b204a8f', 2, 'Nothing', 'Rien', 'Nada', false);
INSERT INTO public.quiz_answers (question_id, answer_order, answer_text_en, answer_text_fr, answer_text_es, is_correct) VALUES ('c2bfe92a-aead-485d-9bd3-5cea9b204a8f', 3, 'Better adhesion', 'Meilleure adherence', 'Mejor adhesion', false);
INSERT INTO public.quiz_answers (question_id, answer_order, answer_text_en, answer_text_fr, answer_text_es, is_correct) VALUES ('c2bfe92a-aead-485d-9bd3-5cea9b204a8f', 4, 'Surface smoothing', 'Lissage', 'Alisado', false);

INSERT INTO public.quizzes (id, slug, title_en, title_fr, title_es, description_en, description_fr, description_es, quiz_type, passing_score, icon, is_active) VALUES ('55e47caa-288d-4d1a-83c0-8214d7fa2d3c', 'ppg-skill-tricoat-repair', 'Tri-Coat Repair Skills', 'Reparation tri-couche', 'Reparacion tricapa', 'Tri-coat repair procedures.', 'Tri-couche.', 'Tricapa.', 'skill-check', 70, '🌈', true);
INSERT INTO public.quiz_questions (id, quiz_id, question_order, question_text_en, question_text_fr, question_text_es, question_type, explanation_en, explanation_fr, explanation_es) VALUES ('2895340c-3ae2-45fd-b2aa-e93f138c56e1', '55e47caa-288d-4d1a-83c0-8214d7fa2d3c', 1, 'What is the recommended cleaning method before any PPG application?', 'Methode de nettoyage recommandee?', 'Metodo de limpieza recomendado?', 'multiple-choice', 'Wash with soap and water, then apply appropriate PPG cleaner.', 'Laver puis nettoyant PPG.', 'Lavar luego limpiador PPG.');
INSERT INTO public.quiz_answers (question_id, answer_order, answer_text_en, answer_text_fr, answer_text_es, is_correct) VALUES ('2895340c-3ae2-45fd-b2aa-e93f138c56e1', 1, 'Wash then PPG cleaner', 'Laver puis nettoyant', 'Lavar luego limpiador', true);
INSERT INTO public.quiz_answers (question_id, answer_order, answer_text_en, answer_text_fr, answer_text_es, is_correct) VALUES ('2895340c-3ae2-45fd-b2aa-e93f138c56e1', 2, 'Acetone wipe only', 'Acetone', 'Acetona', false);
INSERT INTO public.quiz_answers (question_id, answer_order, answer_text_en, answer_text_fr, answer_text_es, is_correct) VALUES ('2895340c-3ae2-45fd-b2aa-e93f138c56e1', 3, 'Water rinse only', 'Eau seulement', 'Solo agua', false);
INSERT INTO public.quiz_answers (question_id, answer_order, answer_text_en, answer_text_fr, answer_text_es, is_correct) VALUES ('2895340c-3ae2-45fd-b2aa-e93f138c56e1', 4, 'No cleaning needed', 'Pas de nettoyage', 'Sin limpieza', false);
INSERT INTO public.quiz_questions (id, quiz_id, question_order, question_text_en, question_text_fr, question_text_es, question_type, explanation_en, explanation_fr, explanation_es) VALUES ('2ca6fd04-4926-43f5-88f0-f313576cea76', '55e47caa-288d-4d1a-83c0-8214d7fa2d3c', 2, 'What must always be worn during spraying operations?', 'Toujours porter lors de la pulverisation?', 'Siempre usar durante pulverizacion?', 'multiple-choice', 'Full-face air-supply respirator or air-fed half-mask with goggles.', 'Masque respiratoire.', 'Respirador.');
INSERT INTO public.quiz_answers (question_id, answer_order, answer_text_en, answer_text_fr, answer_text_es, is_correct) VALUES ('2ca6fd04-4926-43f5-88f0-f313576cea76', 1, 'Air-supply respirator', 'Masque air', 'Respirador aire', true);
INSERT INTO public.quiz_answers (question_id, answer_order, answer_text_en, answer_text_fr, answer_text_es, is_correct) VALUES ('2ca6fd04-4926-43f5-88f0-f313576cea76', 2, 'Paper mask', 'Masque papier', 'Mascarilla papel', false);
INSERT INTO public.quiz_answers (question_id, answer_order, answer_text_en, answer_text_fr, answer_text_es, is_correct) VALUES ('2ca6fd04-4926-43f5-88f0-f313576cea76', 3, 'Nothing in ventilated booth', 'Rien en cabine', 'Nada en cabina', false);
INSERT INTO public.quiz_answers (question_id, answer_order, answer_text_en, answer_text_fr, answer_text_es, is_correct) VALUES ('2ca6fd04-4926-43f5-88f0-f313576cea76', 4, 'Safety glasses only', 'Lunettes', 'Gafas', false);
INSERT INTO public.quiz_questions (id, quiz_id, question_order, question_text_en, question_text_fr, question_text_es, question_type, explanation_en, explanation_fr, explanation_es) VALUES ('92feeccd-4402-4fc5-9359-b122ddd72954', '55e47caa-288d-4d1a-83c0-8214d7fa2d3c', 3, 'What is the flash time between basecoat coats for waterborne?', 'Temps entre couches de base?', 'Tiempo entre capas de base?', 'multiple-choice', 'Dehydrate until uniformly dull.', 'Secher jusqu''''a mat uniforme.', 'Secar hasta mate uniforme.');
INSERT INTO public.quiz_answers (question_id, answer_order, answer_text_en, answer_text_fr, answer_text_es, is_correct) VALUES ('92feeccd-4402-4fc5-9359-b122ddd72954', 1, 'Until uniformly dull', 'Mat uniforme', 'Mate uniforme', true);
INSERT INTO public.quiz_answers (question_id, answer_order, answer_text_en, answer_text_fr, answer_text_es, is_correct) VALUES ('92feeccd-4402-4fc5-9359-b122ddd72954', 2, '5 minutes exactly', '5 minutes', '5 minutos', false);
INSERT INTO public.quiz_answers (question_id, answer_order, answer_text_en, answer_text_fr, answer_text_es, is_correct) VALUES ('92feeccd-4402-4fc5-9359-b122ddd72954', 3, '15 minutes', '15 minutes', '15 minutos', false);
INSERT INTO public.quiz_answers (question_id, answer_order, answer_text_en, answer_text_fr, answer_text_es, is_correct) VALUES ('92feeccd-4402-4fc5-9359-b122ddd72954', 4, 'No flash needed', 'Pas de sechage', 'Sin secado', false);
INSERT INTO public.quiz_questions (id, quiz_id, question_order, question_text_en, question_text_fr, question_text_es, question_type, explanation_en, explanation_fr, explanation_es) VALUES ('60ccad4b-9055-4001-aeab-8750d4bde036', '55e47caa-288d-4d1a-83c0-8214d7fa2d3c', 4, 'What PPG product system is used for waterborne basecoat?', 'Systeme de base PPG?', 'Sistema base PPG?', 'multiple-choice', 'Envirobase High Performance.', 'Envirobase HP.', 'Envirobase HP.');
INSERT INTO public.quiz_answers (question_id, answer_order, answer_text_en, answer_text_fr, answer_text_es, is_correct) VALUES ('60ccad4b-9055-4001-aeab-8750d4bde036', 1, 'Envirobase High Performance', 'Envirobase HP', 'Envirobase HP', true);
INSERT INTO public.quiz_answers (question_id, answer_order, answer_text_en, answer_text_fr, answer_text_es, is_correct) VALUES ('60ccad4b-9055-4001-aeab-8750d4bde036', 2, 'Deltron', 'Deltron', 'Deltron', false);
INSERT INTO public.quiz_answers (question_id, answer_order, answer_text_en, answer_text_fr, answer_text_es, is_correct) VALUES ('60ccad4b-9055-4001-aeab-8750d4bde036', 3, 'Global Refinish', 'Global', 'Global', false);
INSERT INTO public.quiz_answers (question_id, answer_order, answer_text_en, answer_text_fr, answer_text_es, is_correct) VALUES ('60ccad4b-9055-4001-aeab-8750d4bde036', 4, 'OneChoice', 'OneChoice', 'OneChoice', false);
INSERT INTO public.quiz_questions (id, quiz_id, question_order, question_text_en, question_text_fr, question_text_es, question_type, explanation_en, explanation_fr, explanation_es) VALUES ('f92fb096-d86f-481a-a648-9cf24b9092d4', '55e47caa-288d-4d1a-83c0-8214d7fa2d3c', 5, 'What temperature range is considered standard conditions?', 'Plage de temperature standard?', 'Rango de temperatura estandar?', 'multiple-choice', '68-90F (20-32C).', '68-90F.', '68-90F.');
INSERT INTO public.quiz_answers (question_id, answer_order, answer_text_en, answer_text_fr, answer_text_es, is_correct) VALUES ('f92fb096-d86f-481a-a648-9cf24b9092d4', 1, '68-90F (20-32C)', '68-90F', '68-90F', true);
INSERT INTO public.quiz_answers (question_id, answer_order, answer_text_en, answer_text_fr, answer_text_es, is_correct) VALUES ('f92fb096-d86f-481a-a648-9cf24b9092d4', 2, '50-65F', '50-65F', '50-65F', false);
INSERT INTO public.quiz_answers (question_id, answer_order, answer_text_en, answer_text_fr, answer_text_es, is_correct) VALUES ('f92fb096-d86f-481a-a648-9cf24b9092d4', 3, '90-110F', '90-110F', '90-110F', false);
INSERT INTO public.quiz_answers (question_id, answer_order, answer_text_en, answer_text_fr, answer_text_es, is_correct) VALUES ('f92fb096-d86f-481a-a648-9cf24b9092d4', 4, '32-50F', '32-50F', '32-50F', false);
INSERT INTO public.quiz_questions (id, quiz_id, question_order, question_text_en, question_text_fr, question_text_es, question_type, explanation_en, explanation_fr, explanation_es) VALUES ('065e13d9-f72b-4d19-9be1-ae1b32a9e412', '55e47caa-288d-4d1a-83c0-8214d7fa2d3c', 6, 'What tack rag does PPG recommend?', 'Chiffon PPG recommande?', 'Trapo PPG recomendado?', 'multiple-choice', 'SX1070 OneChoice tack rag.', 'SX1070.', 'SX1070.');
INSERT INTO public.quiz_answers (question_id, answer_order, answer_text_en, answer_text_fr, answer_text_es, is_correct) VALUES ('065e13d9-f72b-4d19-9be1-ae1b32a9e412', 1, 'SX1070 OneChoice', 'SX1070', 'SX1070', true);
INSERT INTO public.quiz_answers (question_id, answer_order, answer_text_en, answer_text_fr, answer_text_es, is_correct) VALUES ('065e13d9-f72b-4d19-9be1-ae1b32a9e412', 2, 'Any tack rag', 'N''''importe quel', 'Cualquier', false);
INSERT INTO public.quiz_answers (question_id, answer_order, answer_text_en, answer_text_fr, answer_text_es, is_correct) VALUES ('065e13d9-f72b-4d19-9be1-ae1b32a9e412', 3, 'Microfiber cloth', 'Microfibre', 'Microfibra', false);
INSERT INTO public.quiz_answers (question_id, answer_order, answer_text_en, answer_text_fr, answer_text_es, is_correct) VALUES ('065e13d9-f72b-4d19-9be1-ae1b32a9e412', 4, 'Paper towel', 'Essuie-tout', 'Papel', false);
INSERT INTO public.quiz_questions (id, quiz_id, question_order, question_text_en, question_text_fr, question_text_es, question_type, explanation_en, explanation_fr, explanation_es) VALUES ('0b508ef2-904d-4307-a119-4b4f72caa3ff', '55e47caa-288d-4d1a-83c0-8214d7fa2d3c', 7, 'Maximum HVLP pressure at the cap for clearcoat?', 'Pression HVLP max vernis?', 'Presion HVLP max barniz?', 'multiple-choice', '10 PSI maximum.', '10 PSI max.', '10 PSI max.');
INSERT INTO public.quiz_answers (question_id, answer_order, answer_text_en, answer_text_fr, answer_text_es, is_correct) VALUES ('0b508ef2-904d-4307-a119-4b4f72caa3ff', 1, '10 PSI', '10 PSI', '10 PSI', true);
INSERT INTO public.quiz_answers (question_id, answer_order, answer_text_en, answer_text_fr, answer_text_es, is_correct) VALUES ('0b508ef2-904d-4307-a119-4b4f72caa3ff', 2, '15 PSI', '15 PSI', '15 PSI', false);
INSERT INTO public.quiz_answers (question_id, answer_order, answer_text_en, answer_text_fr, answer_text_es, is_correct) VALUES ('0b508ef2-904d-4307-a119-4b4f72caa3ff', 3, '20 PSI', '20 PSI', '20 PSI', false);
INSERT INTO public.quiz_answers (question_id, answer_order, answer_text_en, answer_text_fr, answer_text_es, is_correct) VALUES ('0b508ef2-904d-4307-a119-4b4f72caa3ff', 4, '25 PSI', '25 PSI', '25 PSI', false);
INSERT INTO public.quiz_questions (id, quiz_id, question_order, question_text_en, question_text_fr, question_text_es, question_type, explanation_en, explanation_fr, explanation_es) VALUES ('ecc4070c-8bb0-4109-a8b8-b22c0d2ea5b3', '55e47caa-288d-4d1a-83c0-8214d7fa2d3c', 8, 'What happens if wax and grease remover evaporates on the surface?', 'Si le degraissant evapore?', 'Si el desengrasante evapora?', 'multiple-choice', 'Paint failure can result.', 'Defaillance de peinture.', 'Falla de pintura.');
INSERT INTO public.quiz_answers (question_id, answer_order, answer_text_en, answer_text_fr, answer_text_es, is_correct) VALUES ('ecc4070c-8bb0-4109-a8b8-b22c0d2ea5b3', 1, 'Paint failure', 'Defaillance peinture', 'Falla pintura', true);
INSERT INTO public.quiz_answers (question_id, answer_order, answer_text_en, answer_text_fr, answer_text_es, is_correct) VALUES ('ecc4070c-8bb0-4109-a8b8-b22c0d2ea5b3', 2, 'Nothing', 'Rien', 'Nada', false);
INSERT INTO public.quiz_answers (question_id, answer_order, answer_text_en, answer_text_fr, answer_text_es, is_correct) VALUES ('ecc4070c-8bb0-4109-a8b8-b22c0d2ea5b3', 3, 'Better adhesion', 'Meilleure adherence', 'Mejor adhesion', false);
INSERT INTO public.quiz_answers (question_id, answer_order, answer_text_en, answer_text_fr, answer_text_es, is_correct) VALUES ('ecc4070c-8bb0-4109-a8b8-b22c0d2ea5b3', 4, 'Surface smoothing', 'Lissage', 'Alisado', false);

INSERT INTO public.quizzes (id, slug, title_en, title_fr, title_es, description_en, description_fr, description_es, quiz_type, passing_score, icon, is_active) VALUES ('1eb2c8f2-e49a-4e63-be20-7429261b48e5', 'ppg-safety-application-conditions', 'Application Conditions Safety', 'Conditions d''''application', 'Condiciones de aplicacion', 'Temperature and humidity considerations.', 'Conditions.', 'Condiciones.', 'safety-certification', 70, '🌡️', true);
INSERT INTO public.quiz_questions (id, quiz_id, question_order, question_text_en, question_text_fr, question_text_es, question_type, explanation_en, explanation_fr, explanation_es) VALUES ('127cc42f-caf1-4a93-a8bd-fa10c458dbb5', '1eb2c8f2-e49a-4e63-be20-7429261b48e5', 1, 'What is the recommended cleaning method before any PPG application?', 'Methode de nettoyage recommandee?', 'Metodo de limpieza recomendado?', 'multiple-choice', 'Wash with soap and water, then apply appropriate PPG cleaner.', 'Laver puis nettoyant PPG.', 'Lavar luego limpiador PPG.');
INSERT INTO public.quiz_answers (question_id, answer_order, answer_text_en, answer_text_fr, answer_text_es, is_correct) VALUES ('127cc42f-caf1-4a93-a8bd-fa10c458dbb5', 1, 'Wash then PPG cleaner', 'Laver puis nettoyant', 'Lavar luego limpiador', true);
INSERT INTO public.quiz_answers (question_id, answer_order, answer_text_en, answer_text_fr, answer_text_es, is_correct) VALUES ('127cc42f-caf1-4a93-a8bd-fa10c458dbb5', 2, 'Acetone wipe only', 'Acetone', 'Acetona', false);
INSERT INTO public.quiz_answers (question_id, answer_order, answer_text_en, answer_text_fr, answer_text_es, is_correct) VALUES ('127cc42f-caf1-4a93-a8bd-fa10c458dbb5', 3, 'Water rinse only', 'Eau seulement', 'Solo agua', false);
INSERT INTO public.quiz_answers (question_id, answer_order, answer_text_en, answer_text_fr, answer_text_es, is_correct) VALUES ('127cc42f-caf1-4a93-a8bd-fa10c458dbb5', 4, 'No cleaning needed', 'Pas de nettoyage', 'Sin limpieza', false);
INSERT INTO public.quiz_questions (id, quiz_id, question_order, question_text_en, question_text_fr, question_text_es, question_type, explanation_en, explanation_fr, explanation_es) VALUES ('63fdb43d-4cbc-4e6f-ad2d-2aeb4c3ed12f', '1eb2c8f2-e49a-4e63-be20-7429261b48e5', 2, 'What must always be worn during spraying operations?', 'Toujours porter lors de la pulverisation?', 'Siempre usar durante pulverizacion?', 'multiple-choice', 'Full-face air-supply respirator or air-fed half-mask with goggles.', 'Masque respiratoire.', 'Respirador.');
INSERT INTO public.quiz_answers (question_id, answer_order, answer_text_en, answer_text_fr, answer_text_es, is_correct) VALUES ('63fdb43d-4cbc-4e6f-ad2d-2aeb4c3ed12f', 1, 'Air-supply respirator', 'Masque air', 'Respirador aire', true);
INSERT INTO public.quiz_answers (question_id, answer_order, answer_text_en, answer_text_fr, answer_text_es, is_correct) VALUES ('63fdb43d-4cbc-4e6f-ad2d-2aeb4c3ed12f', 2, 'Paper mask', 'Masque papier', 'Mascarilla papel', false);
INSERT INTO public.quiz_answers (question_id, answer_order, answer_text_en, answer_text_fr, answer_text_es, is_correct) VALUES ('63fdb43d-4cbc-4e6f-ad2d-2aeb4c3ed12f', 3, 'Nothing in ventilated booth', 'Rien en cabine', 'Nada en cabina', false);
INSERT INTO public.quiz_answers (question_id, answer_order, answer_text_en, answer_text_fr, answer_text_es, is_correct) VALUES ('63fdb43d-4cbc-4e6f-ad2d-2aeb4c3ed12f', 4, 'Safety glasses only', 'Lunettes', 'Gafas', false);
INSERT INTO public.quiz_questions (id, quiz_id, question_order, question_text_en, question_text_fr, question_text_es, question_type, explanation_en, explanation_fr, explanation_es) VALUES ('467d4fd6-3718-4293-bdbf-50f91097207f', '1eb2c8f2-e49a-4e63-be20-7429261b48e5', 3, 'What is the flash time between basecoat coats for waterborne?', 'Temps entre couches de base?', 'Tiempo entre capas de base?', 'multiple-choice', 'Dehydrate until uniformly dull.', 'Secher jusqu''''a mat uniforme.', 'Secar hasta mate uniforme.');
INSERT INTO public.quiz_answers (question_id, answer_order, answer_text_en, answer_text_fr, answer_text_es, is_correct) VALUES ('467d4fd6-3718-4293-bdbf-50f91097207f', 1, 'Until uniformly dull', 'Mat uniforme', 'Mate uniforme', true);
INSERT INTO public.quiz_answers (question_id, answer_order, answer_text_en, answer_text_fr, answer_text_es, is_correct) VALUES ('467d4fd6-3718-4293-bdbf-50f91097207f', 2, '5 minutes exactly', '5 minutes', '5 minutos', false);
INSERT INTO public.quiz_answers (question_id, answer_order, answer_text_en, answer_text_fr, answer_text_es, is_correct) VALUES ('467d4fd6-3718-4293-bdbf-50f91097207f', 3, '15 minutes', '15 minutes', '15 minutos', false);
INSERT INTO public.quiz_answers (question_id, answer_order, answer_text_en, answer_text_fr, answer_text_es, is_correct) VALUES ('467d4fd6-3718-4293-bdbf-50f91097207f', 4, 'No flash needed', 'Pas de sechage', 'Sin secado', false);
INSERT INTO public.quiz_questions (id, quiz_id, question_order, question_text_en, question_text_fr, question_text_es, question_type, explanation_en, explanation_fr, explanation_es) VALUES ('a0c4221c-db55-4622-a795-4513da702e76', '1eb2c8f2-e49a-4e63-be20-7429261b48e5', 4, 'What PPG product system is used for waterborne basecoat?', 'Systeme de base PPG?', 'Sistema base PPG?', 'multiple-choice', 'Envirobase High Performance.', 'Envirobase HP.', 'Envirobase HP.');
INSERT INTO public.quiz_answers (question_id, answer_order, answer_text_en, answer_text_fr, answer_text_es, is_correct) VALUES ('a0c4221c-db55-4622-a795-4513da702e76', 1, 'Envirobase High Performance', 'Envirobase HP', 'Envirobase HP', true);
INSERT INTO public.quiz_answers (question_id, answer_order, answer_text_en, answer_text_fr, answer_text_es, is_correct) VALUES ('a0c4221c-db55-4622-a795-4513da702e76', 2, 'Deltron', 'Deltron', 'Deltron', false);
INSERT INTO public.quiz_answers (question_id, answer_order, answer_text_en, answer_text_fr, answer_text_es, is_correct) VALUES ('a0c4221c-db55-4622-a795-4513da702e76', 3, 'Global Refinish', 'Global', 'Global', false);
INSERT INTO public.quiz_answers (question_id, answer_order, answer_text_en, answer_text_fr, answer_text_es, is_correct) VALUES ('a0c4221c-db55-4622-a795-4513da702e76', 4, 'OneChoice', 'OneChoice', 'OneChoice', false);
INSERT INTO public.quiz_questions (id, quiz_id, question_order, question_text_en, question_text_fr, question_text_es, question_type, explanation_en, explanation_fr, explanation_es) VALUES ('434eae90-4692-4fe0-85fe-936d0887a7d6', '1eb2c8f2-e49a-4e63-be20-7429261b48e5', 5, 'What temperature range is considered standard conditions?', 'Plage de temperature standard?', 'Rango de temperatura estandar?', 'multiple-choice', '68-90F (20-32C).', '68-90F.', '68-90F.');
INSERT INTO public.quiz_answers (question_id, answer_order, answer_text_en, answer_text_fr, answer_text_es, is_correct) VALUES ('434eae90-4692-4fe0-85fe-936d0887a7d6', 1, '68-90F (20-32C)', '68-90F', '68-90F', true);
INSERT INTO public.quiz_answers (question_id, answer_order, answer_text_en, answer_text_fr, answer_text_es, is_correct) VALUES ('434eae90-4692-4fe0-85fe-936d0887a7d6', 2, '50-65F', '50-65F', '50-65F', false);
INSERT INTO public.quiz_answers (question_id, answer_order, answer_text_en, answer_text_fr, answer_text_es, is_correct) VALUES ('434eae90-4692-4fe0-85fe-936d0887a7d6', 3, '90-110F', '90-110F', '90-110F', false);
INSERT INTO public.quiz_answers (question_id, answer_order, answer_text_en, answer_text_fr, answer_text_es, is_correct) VALUES ('434eae90-4692-4fe0-85fe-936d0887a7d6', 4, '32-50F', '32-50F', '32-50F', false);
INSERT INTO public.quiz_questions (id, quiz_id, question_order, question_text_en, question_text_fr, question_text_es, question_type, explanation_en, explanation_fr, explanation_es) VALUES ('5e982b7f-5b1d-4a1c-8bb9-9899554f7a3b', '1eb2c8f2-e49a-4e63-be20-7429261b48e5', 6, 'What tack rag does PPG recommend?', 'Chiffon PPG recommande?', 'Trapo PPG recomendado?', 'multiple-choice', 'SX1070 OneChoice tack rag.', 'SX1070.', 'SX1070.');
INSERT INTO public.quiz_answers (question_id, answer_order, answer_text_en, answer_text_fr, answer_text_es, is_correct) VALUES ('5e982b7f-5b1d-4a1c-8bb9-9899554f7a3b', 1, 'SX1070 OneChoice', 'SX1070', 'SX1070', true);
INSERT INTO public.quiz_answers (question_id, answer_order, answer_text_en, answer_text_fr, answer_text_es, is_correct) VALUES ('5e982b7f-5b1d-4a1c-8bb9-9899554f7a3b', 2, 'Any tack rag', 'N''''importe quel', 'Cualquier', false);
INSERT INTO public.quiz_answers (question_id, answer_order, answer_text_en, answer_text_fr, answer_text_es, is_correct) VALUES ('5e982b7f-5b1d-4a1c-8bb9-9899554f7a3b', 3, 'Microfiber cloth', 'Microfibre', 'Microfibra', false);
INSERT INTO public.quiz_answers (question_id, answer_order, answer_text_en, answer_text_fr, answer_text_es, is_correct) VALUES ('5e982b7f-5b1d-4a1c-8bb9-9899554f7a3b', 4, 'Paper towel', 'Essuie-tout', 'Papel', false);
INSERT INTO public.quiz_questions (id, quiz_id, question_order, question_text_en, question_text_fr, question_text_es, question_type, explanation_en, explanation_fr, explanation_es) VALUES ('4cf0449b-d6f6-4f03-ac27-06de29ea0272', '1eb2c8f2-e49a-4e63-be20-7429261b48e5', 7, 'Maximum HVLP pressure at the cap for clearcoat?', 'Pression HVLP max vernis?', 'Presion HVLP max barniz?', 'multiple-choice', '10 PSI maximum.', '10 PSI max.', '10 PSI max.');
INSERT INTO public.quiz_answers (question_id, answer_order, answer_text_en, answer_text_fr, answer_text_es, is_correct) VALUES ('4cf0449b-d6f6-4f03-ac27-06de29ea0272', 1, '10 PSI', '10 PSI', '10 PSI', true);
INSERT INTO public.quiz_answers (question_id, answer_order, answer_text_en, answer_text_fr, answer_text_es, is_correct) VALUES ('4cf0449b-d6f6-4f03-ac27-06de29ea0272', 2, '15 PSI', '15 PSI', '15 PSI', false);
INSERT INTO public.quiz_answers (question_id, answer_order, answer_text_en, answer_text_fr, answer_text_es, is_correct) VALUES ('4cf0449b-d6f6-4f03-ac27-06de29ea0272', 3, '20 PSI', '20 PSI', '20 PSI', false);
INSERT INTO public.quiz_answers (question_id, answer_order, answer_text_en, answer_text_fr, answer_text_es, is_correct) VALUES ('4cf0449b-d6f6-4f03-ac27-06de29ea0272', 4, '25 PSI', '25 PSI', '25 PSI', false);
INSERT INTO public.quiz_questions (id, quiz_id, question_order, question_text_en, question_text_fr, question_text_es, question_type, explanation_en, explanation_fr, explanation_es) VALUES ('116def16-2966-468b-ae54-1df5e15ebd54', '1eb2c8f2-e49a-4e63-be20-7429261b48e5', 8, 'What happens if wax and grease remover evaporates on the surface?', 'Si le degraissant evapore?', 'Si el desengrasante evapora?', 'multiple-choice', 'Paint failure can result.', 'Defaillance de peinture.', 'Falla de pintura.');
INSERT INTO public.quiz_answers (question_id, answer_order, answer_text_en, answer_text_fr, answer_text_es, is_correct) VALUES ('116def16-2966-468b-ae54-1df5e15ebd54', 1, 'Paint failure', 'Defaillance peinture', 'Falla pintura', true);
INSERT INTO public.quiz_answers (question_id, answer_order, answer_text_en, answer_text_fr, answer_text_es, is_correct) VALUES ('116def16-2966-468b-ae54-1df5e15ebd54', 2, 'Nothing', 'Rien', 'Nada', false);
INSERT INTO public.quiz_answers (question_id, answer_order, answer_text_en, answer_text_fr, answer_text_es, is_correct) VALUES ('116def16-2966-468b-ae54-1df5e15ebd54', 3, 'Better adhesion', 'Meilleure adherence', 'Mejor adhesion', false);
INSERT INTO public.quiz_answers (question_id, answer_order, answer_text_en, answer_text_fr, answer_text_es, is_correct) VALUES ('116def16-2966-468b-ae54-1df5e15ebd54', 4, 'Surface smoothing', 'Lissage', 'Alisado', false);

INSERT INTO public.quizzes (id, slug, title_en, title_fr, title_es, description_en, description_fr, description_es, quiz_type, passing_score, icon, is_active) VALUES ('55ee605f-63c5-4cb6-bee4-4fe8a14480ff', 'ppg-safety-cleaning-chemicals', 'Chemical Safety', 'Securite chimique', 'Seguridad quimica', 'Safe handling of cleaning chemicals.', 'Chimique.', 'Quimica.', 'safety-certification', 70, '⚠️', true);
INSERT INTO public.quiz_questions (id, quiz_id, question_order, question_text_en, question_text_fr, question_text_es, question_type, explanation_en, explanation_fr, explanation_es) VALUES ('6ada2da6-106c-4cf2-9979-71d531941f9d', '55ee605f-63c5-4cb6-bee4-4fe8a14480ff', 1, 'What is the recommended cleaning method before any PPG application?', 'Methode de nettoyage recommandee?', 'Metodo de limpieza recomendado?', 'multiple-choice', 'Wash with soap and water, then apply appropriate PPG cleaner.', 'Laver puis nettoyant PPG.', 'Lavar luego limpiador PPG.');
INSERT INTO public.quiz_answers (question_id, answer_order, answer_text_en, answer_text_fr, answer_text_es, is_correct) VALUES ('6ada2da6-106c-4cf2-9979-71d531941f9d', 1, 'Wash then PPG cleaner', 'Laver puis nettoyant', 'Lavar luego limpiador', true);
INSERT INTO public.quiz_answers (question_id, answer_order, answer_text_en, answer_text_fr, answer_text_es, is_correct) VALUES ('6ada2da6-106c-4cf2-9979-71d531941f9d', 2, 'Acetone wipe only', 'Acetone', 'Acetona', false);
INSERT INTO public.quiz_answers (question_id, answer_order, answer_text_en, answer_text_fr, answer_text_es, is_correct) VALUES ('6ada2da6-106c-4cf2-9979-71d531941f9d', 3, 'Water rinse only', 'Eau seulement', 'Solo agua', false);
INSERT INTO public.quiz_answers (question_id, answer_order, answer_text_en, answer_text_fr, answer_text_es, is_correct) VALUES ('6ada2da6-106c-4cf2-9979-71d531941f9d', 4, 'No cleaning needed', 'Pas de nettoyage', 'Sin limpieza', false);
INSERT INTO public.quiz_questions (id, quiz_id, question_order, question_text_en, question_text_fr, question_text_es, question_type, explanation_en, explanation_fr, explanation_es) VALUES ('4da645f7-d582-49ab-9020-baf0b74f1c83', '55ee605f-63c5-4cb6-bee4-4fe8a14480ff', 2, 'What must always be worn during spraying operations?', 'Toujours porter lors de la pulverisation?', 'Siempre usar durante pulverizacion?', 'multiple-choice', 'Full-face air-supply respirator or air-fed half-mask with goggles.', 'Masque respiratoire.', 'Respirador.');
INSERT INTO public.quiz_answers (question_id, answer_order, answer_text_en, answer_text_fr, answer_text_es, is_correct) VALUES ('4da645f7-d582-49ab-9020-baf0b74f1c83', 1, 'Air-supply respirator', 'Masque air', 'Respirador aire', true);
INSERT INTO public.quiz_answers (question_id, answer_order, answer_text_en, answer_text_fr, answer_text_es, is_correct) VALUES ('4da645f7-d582-49ab-9020-baf0b74f1c83', 2, 'Paper mask', 'Masque papier', 'Mascarilla papel', false);
INSERT INTO public.quiz_answers (question_id, answer_order, answer_text_en, answer_text_fr, answer_text_es, is_correct) VALUES ('4da645f7-d582-49ab-9020-baf0b74f1c83', 3, 'Nothing in ventilated booth', 'Rien en cabine', 'Nada en cabina', false);
INSERT INTO public.quiz_answers (question_id, answer_order, answer_text_en, answer_text_fr, answer_text_es, is_correct) VALUES ('4da645f7-d582-49ab-9020-baf0b74f1c83', 4, 'Safety glasses only', 'Lunettes', 'Gafas', false);
INSERT INTO public.quiz_questions (id, quiz_id, question_order, question_text_en, question_text_fr, question_text_es, question_type, explanation_en, explanation_fr, explanation_es) VALUES ('56334d48-c113-49de-9a77-7a5a4044eb03', '55ee605f-63c5-4cb6-bee4-4fe8a14480ff', 3, 'What is the flash time between basecoat coats for waterborne?', 'Temps entre couches de base?', 'Tiempo entre capas de base?', 'multiple-choice', 'Dehydrate until uniformly dull.', 'Secher jusqu''''a mat uniforme.', 'Secar hasta mate uniforme.');
INSERT INTO public.quiz_answers (question_id, answer_order, answer_text_en, answer_text_fr, answer_text_es, is_correct) VALUES ('56334d48-c113-49de-9a77-7a5a4044eb03', 1, 'Until uniformly dull', 'Mat uniforme', 'Mate uniforme', true);
INSERT INTO public.quiz_answers (question_id, answer_order, answer_text_en, answer_text_fr, answer_text_es, is_correct) VALUES ('56334d48-c113-49de-9a77-7a5a4044eb03', 2, '5 minutes exactly', '5 minutes', '5 minutos', false);
INSERT INTO public.quiz_answers (question_id, answer_order, answer_text_en, answer_text_fr, answer_text_es, is_correct) VALUES ('56334d48-c113-49de-9a77-7a5a4044eb03', 3, '15 minutes', '15 minutes', '15 minutos', false);
INSERT INTO public.quiz_answers (question_id, answer_order, answer_text_en, answer_text_fr, answer_text_es, is_correct) VALUES ('56334d48-c113-49de-9a77-7a5a4044eb03', 4, 'No flash needed', 'Pas de sechage', 'Sin secado', false);
INSERT INTO public.quiz_questions (id, quiz_id, question_order, question_text_en, question_text_fr, question_text_es, question_type, explanation_en, explanation_fr, explanation_es) VALUES ('e9435a19-dc1e-4f6d-aa1a-00c6653e0e01', '55ee605f-63c5-4cb6-bee4-4fe8a14480ff', 4, 'What PPG product system is used for waterborne basecoat?', 'Systeme de base PPG?', 'Sistema base PPG?', 'multiple-choice', 'Envirobase High Performance.', 'Envirobase HP.', 'Envirobase HP.');
INSERT INTO public.quiz_answers (question_id, answer_order, answer_text_en, answer_text_fr, answer_text_es, is_correct) VALUES ('e9435a19-dc1e-4f6d-aa1a-00c6653e0e01', 1, 'Envirobase High Performance', 'Envirobase HP', 'Envirobase HP', true);
INSERT INTO public.quiz_answers (question_id, answer_order, answer_text_en, answer_text_fr, answer_text_es, is_correct) VALUES ('e9435a19-dc1e-4f6d-aa1a-00c6653e0e01', 2, 'Deltron', 'Deltron', 'Deltron', false);
INSERT INTO public.quiz_answers (question_id, answer_order, answer_text_en, answer_text_fr, answer_text_es, is_correct) VALUES ('e9435a19-dc1e-4f6d-aa1a-00c6653e0e01', 3, 'Global Refinish', 'Global', 'Global', false);
INSERT INTO public.quiz_answers (question_id, answer_order, answer_text_en, answer_text_fr, answer_text_es, is_correct) VALUES ('e9435a19-dc1e-4f6d-aa1a-00c6653e0e01', 4, 'OneChoice', 'OneChoice', 'OneChoice', false);
INSERT INTO public.quiz_questions (id, quiz_id, question_order, question_text_en, question_text_fr, question_text_es, question_type, explanation_en, explanation_fr, explanation_es) VALUES ('e212d06f-3be7-458e-91c8-2aac3ed04a0e', '55ee605f-63c5-4cb6-bee4-4fe8a14480ff', 5, 'What temperature range is considered standard conditions?', 'Plage de temperature standard?', 'Rango de temperatura estandar?', 'multiple-choice', '68-90F (20-32C).', '68-90F.', '68-90F.');
INSERT INTO public.quiz_answers (question_id, answer_order, answer_text_en, answer_text_fr, answer_text_es, is_correct) VALUES ('e212d06f-3be7-458e-91c8-2aac3ed04a0e', 1, '68-90F (20-32C)', '68-90F', '68-90F', true);
INSERT INTO public.quiz_answers (question_id, answer_order, answer_text_en, answer_text_fr, answer_text_es, is_correct) VALUES ('e212d06f-3be7-458e-91c8-2aac3ed04a0e', 2, '50-65F', '50-65F', '50-65F', false);
INSERT INTO public.quiz_answers (question_id, answer_order, answer_text_en, answer_text_fr, answer_text_es, is_correct) VALUES ('e212d06f-3be7-458e-91c8-2aac3ed04a0e', 3, '90-110F', '90-110F', '90-110F', false);
INSERT INTO public.quiz_answers (question_id, answer_order, answer_text_en, answer_text_fr, answer_text_es, is_correct) VALUES ('e212d06f-3be7-458e-91c8-2aac3ed04a0e', 4, '32-50F', '32-50F', '32-50F', false);
INSERT INTO public.quiz_questions (id, quiz_id, question_order, question_text_en, question_text_fr, question_text_es, question_type, explanation_en, explanation_fr, explanation_es) VALUES ('8b9882a3-c71a-4274-be68-be134b36a7d8', '55ee605f-63c5-4cb6-bee4-4fe8a14480ff', 6, 'What tack rag does PPG recommend?', 'Chiffon PPG recommande?', 'Trapo PPG recomendado?', 'multiple-choice', 'SX1070 OneChoice tack rag.', 'SX1070.', 'SX1070.');
INSERT INTO public.quiz_answers (question_id, answer_order, answer_text_en, answer_text_fr, answer_text_es, is_correct) VALUES ('8b9882a3-c71a-4274-be68-be134b36a7d8', 1, 'SX1070 OneChoice', 'SX1070', 'SX1070', true);
INSERT INTO public.quiz_answers (question_id, answer_order, answer_text_en, answer_text_fr, answer_text_es, is_correct) VALUES ('8b9882a3-c71a-4274-be68-be134b36a7d8', 2, 'Any tack rag', 'N''''importe quel', 'Cualquier', false);
INSERT INTO public.quiz_answers (question_id, answer_order, answer_text_en, answer_text_fr, answer_text_es, is_correct) VALUES ('8b9882a3-c71a-4274-be68-be134b36a7d8', 3, 'Microfiber cloth', 'Microfibre', 'Microfibra', false);
INSERT INTO public.quiz_answers (question_id, answer_order, answer_text_en, answer_text_fr, answer_text_es, is_correct) VALUES ('8b9882a3-c71a-4274-be68-be134b36a7d8', 4, 'Paper towel', 'Essuie-tout', 'Papel', false);
INSERT INTO public.quiz_questions (id, quiz_id, question_order, question_text_en, question_text_fr, question_text_es, question_type, explanation_en, explanation_fr, explanation_es) VALUES ('c760a8fc-2063-4956-a7d8-bcc0c61bd48a', '55ee605f-63c5-4cb6-bee4-4fe8a14480ff', 7, 'Maximum HVLP pressure at the cap for clearcoat?', 'Pression HVLP max vernis?', 'Presion HVLP max barniz?', 'multiple-choice', '10 PSI maximum.', '10 PSI max.', '10 PSI max.');
INSERT INTO public.quiz_answers (question_id, answer_order, answer_text_en, answer_text_fr, answer_text_es, is_correct) VALUES ('c760a8fc-2063-4956-a7d8-bcc0c61bd48a', 1, '10 PSI', '10 PSI', '10 PSI', true);
INSERT INTO public.quiz_answers (question_id, answer_order, answer_text_en, answer_text_fr, answer_text_es, is_correct) VALUES ('c760a8fc-2063-4956-a7d8-bcc0c61bd48a', 2, '15 PSI', '15 PSI', '15 PSI', false);
INSERT INTO public.quiz_answers (question_id, answer_order, answer_text_en, answer_text_fr, answer_text_es, is_correct) VALUES ('c760a8fc-2063-4956-a7d8-bcc0c61bd48a', 3, '20 PSI', '20 PSI', '20 PSI', false);
INSERT INTO public.quiz_answers (question_id, answer_order, answer_text_en, answer_text_fr, answer_text_es, is_correct) VALUES ('c760a8fc-2063-4956-a7d8-bcc0c61bd48a', 4, '25 PSI', '25 PSI', '25 PSI', false);
INSERT INTO public.quiz_questions (id, quiz_id, question_order, question_text_en, question_text_fr, question_text_es, question_type, explanation_en, explanation_fr, explanation_es) VALUES ('0cf17170-9ef4-4386-b2eb-3f68f61e97a2', '55ee605f-63c5-4cb6-bee4-4fe8a14480ff', 8, 'What happens if wax and grease remover evaporates on the surface?', 'Si le degraissant evapore?', 'Si el desengrasante evapora?', 'multiple-choice', 'Paint failure can result.', 'Defaillance de peinture.', 'Falla de pintura.');
INSERT INTO public.quiz_answers (question_id, answer_order, answer_text_en, answer_text_fr, answer_text_es, is_correct) VALUES ('0cf17170-9ef4-4386-b2eb-3f68f61e97a2', 1, 'Paint failure', 'Defaillance peinture', 'Falla pintura', true);
INSERT INTO public.quiz_answers (question_id, answer_order, answer_text_en, answer_text_fr, answer_text_es, is_correct) VALUES ('0cf17170-9ef4-4386-b2eb-3f68f61e97a2', 2, 'Nothing', 'Rien', 'Nada', false);
INSERT INTO public.quiz_answers (question_id, answer_order, answer_text_en, answer_text_fr, answer_text_es, is_correct) VALUES ('0cf17170-9ef4-4386-b2eb-3f68f61e97a2', 3, 'Better adhesion', 'Meilleure adherence', 'Mejor adhesion', false);
INSERT INTO public.quiz_answers (question_id, answer_order, answer_text_en, answer_text_fr, answer_text_es, is_correct) VALUES ('0cf17170-9ef4-4386-b2eb-3f68f61e97a2', 4, 'Surface smoothing', 'Lissage', 'Alisado', false);

INSERT INTO public.quizzes (id, slug, title_en, title_fr, title_es, description_en, description_fr, description_es, quiz_type, passing_score, icon, is_active) VALUES ('4407f71b-7903-4e9e-b012-94190f6a032c', 'ppg-cert-clearcoat-mastery', 'Clearcoat Mastery Certification', 'Certification vernis', 'Certificacion barniz', 'Comprehensive clearcoat certification exam.', 'Vernis.', 'Barniz.', 'safety-certification', 70, '🏆', true);
INSERT INTO public.quiz_questions (id, quiz_id, question_order, question_text_en, question_text_fr, question_text_es, question_type, explanation_en, explanation_fr, explanation_es) VALUES ('a1aa01ce-2143-4b7c-a0f5-daf6fe17eedd', '4407f71b-7903-4e9e-b012-94190f6a032c', 1, 'What is the recommended cleaning method before any PPG application?', 'Methode de nettoyage recommandee?', 'Metodo de limpieza recomendado?', 'multiple-choice', 'Wash with soap and water, then apply appropriate PPG cleaner.', 'Laver puis nettoyant PPG.', 'Lavar luego limpiador PPG.');
INSERT INTO public.quiz_answers (question_id, answer_order, answer_text_en, answer_text_fr, answer_text_es, is_correct) VALUES ('a1aa01ce-2143-4b7c-a0f5-daf6fe17eedd', 1, 'Wash then PPG cleaner', 'Laver puis nettoyant', 'Lavar luego limpiador', true);
INSERT INTO public.quiz_answers (question_id, answer_order, answer_text_en, answer_text_fr, answer_text_es, is_correct) VALUES ('a1aa01ce-2143-4b7c-a0f5-daf6fe17eedd', 2, 'Acetone wipe only', 'Acetone', 'Acetona', false);
INSERT INTO public.quiz_answers (question_id, answer_order, answer_text_en, answer_text_fr, answer_text_es, is_correct) VALUES ('a1aa01ce-2143-4b7c-a0f5-daf6fe17eedd', 3, 'Water rinse only', 'Eau seulement', 'Solo agua', false);
INSERT INTO public.quiz_answers (question_id, answer_order, answer_text_en, answer_text_fr, answer_text_es, is_correct) VALUES ('a1aa01ce-2143-4b7c-a0f5-daf6fe17eedd', 4, 'No cleaning needed', 'Pas de nettoyage', 'Sin limpieza', false);
INSERT INTO public.quiz_questions (id, quiz_id, question_order, question_text_en, question_text_fr, question_text_es, question_type, explanation_en, explanation_fr, explanation_es) VALUES ('86015547-88f0-4beb-b771-04e696dbe94e', '4407f71b-7903-4e9e-b012-94190f6a032c', 2, 'What must always be worn during spraying operations?', 'Toujours porter lors de la pulverisation?', 'Siempre usar durante pulverizacion?', 'multiple-choice', 'Full-face air-supply respirator or air-fed half-mask with goggles.', 'Masque respiratoire.', 'Respirador.');
INSERT INTO public.quiz_answers (question_id, answer_order, answer_text_en, answer_text_fr, answer_text_es, is_correct) VALUES ('86015547-88f0-4beb-b771-04e696dbe94e', 1, 'Air-supply respirator', 'Masque air', 'Respirador aire', true);
INSERT INTO public.quiz_answers (question_id, answer_order, answer_text_en, answer_text_fr, answer_text_es, is_correct) VALUES ('86015547-88f0-4beb-b771-04e696dbe94e', 2, 'Paper mask', 'Masque papier', 'Mascarilla papel', false);
INSERT INTO public.quiz_answers (question_id, answer_order, answer_text_en, answer_text_fr, answer_text_es, is_correct) VALUES ('86015547-88f0-4beb-b771-04e696dbe94e', 3, 'Nothing in ventilated booth', 'Rien en cabine', 'Nada en cabina', false);
INSERT INTO public.quiz_answers (question_id, answer_order, answer_text_en, answer_text_fr, answer_text_es, is_correct) VALUES ('86015547-88f0-4beb-b771-04e696dbe94e', 4, 'Safety glasses only', 'Lunettes', 'Gafas', false);
INSERT INTO public.quiz_questions (id, quiz_id, question_order, question_text_en, question_text_fr, question_text_es, question_type, explanation_en, explanation_fr, explanation_es) VALUES ('83348762-4ef6-4f5a-914f-77a99a08d73a', '4407f71b-7903-4e9e-b012-94190f6a032c', 3, 'What is the flash time between basecoat coats for waterborne?', 'Temps entre couches de base?', 'Tiempo entre capas de base?', 'multiple-choice', 'Dehydrate until uniformly dull.', 'Secher jusqu''''a mat uniforme.', 'Secar hasta mate uniforme.');
INSERT INTO public.quiz_answers (question_id, answer_order, answer_text_en, answer_text_fr, answer_text_es, is_correct) VALUES ('83348762-4ef6-4f5a-914f-77a99a08d73a', 1, 'Until uniformly dull', 'Mat uniforme', 'Mate uniforme', true);
INSERT INTO public.quiz_answers (question_id, answer_order, answer_text_en, answer_text_fr, answer_text_es, is_correct) VALUES ('83348762-4ef6-4f5a-914f-77a99a08d73a', 2, '5 minutes exactly', '5 minutes', '5 minutos', false);
INSERT INTO public.quiz_answers (question_id, answer_order, answer_text_en, answer_text_fr, answer_text_es, is_correct) VALUES ('83348762-4ef6-4f5a-914f-77a99a08d73a', 3, '15 minutes', '15 minutes', '15 minutos', false);
INSERT INTO public.quiz_answers (question_id, answer_order, answer_text_en, answer_text_fr, answer_text_es, is_correct) VALUES ('83348762-4ef6-4f5a-914f-77a99a08d73a', 4, 'No flash needed', 'Pas de sechage', 'Sin secado', false);
INSERT INTO public.quiz_questions (id, quiz_id, question_order, question_text_en, question_text_fr, question_text_es, question_type, explanation_en, explanation_fr, explanation_es) VALUES ('ff350850-9cb0-49f9-8e0e-0007b74e4d73', '4407f71b-7903-4e9e-b012-94190f6a032c', 4, 'What PPG product system is used for waterborne basecoat?', 'Systeme de base PPG?', 'Sistema base PPG?', 'multiple-choice', 'Envirobase High Performance.', 'Envirobase HP.', 'Envirobase HP.');
INSERT INTO public.quiz_answers (question_id, answer_order, answer_text_en, answer_text_fr, answer_text_es, is_correct) VALUES ('ff350850-9cb0-49f9-8e0e-0007b74e4d73', 1, 'Envirobase High Performance', 'Envirobase HP', 'Envirobase HP', true);
INSERT INTO public.quiz_answers (question_id, answer_order, answer_text_en, answer_text_fr, answer_text_es, is_correct) VALUES ('ff350850-9cb0-49f9-8e0e-0007b74e4d73', 2, 'Deltron', 'Deltron', 'Deltron', false);
INSERT INTO public.quiz_answers (question_id, answer_order, answer_text_en, answer_text_fr, answer_text_es, is_correct) VALUES ('ff350850-9cb0-49f9-8e0e-0007b74e4d73', 3, 'Global Refinish', 'Global', 'Global', false);
INSERT INTO public.quiz_answers (question_id, answer_order, answer_text_en, answer_text_fr, answer_text_es, is_correct) VALUES ('ff350850-9cb0-49f9-8e0e-0007b74e4d73', 4, 'OneChoice', 'OneChoice', 'OneChoice', false);
INSERT INTO public.quiz_questions (id, quiz_id, question_order, question_text_en, question_text_fr, question_text_es, question_type, explanation_en, explanation_fr, explanation_es) VALUES ('b0a5bebf-ed17-49f4-8467-33fcafa63339', '4407f71b-7903-4e9e-b012-94190f6a032c', 5, 'What temperature range is considered standard conditions?', 'Plage de temperature standard?', 'Rango de temperatura estandar?', 'multiple-choice', '68-90F (20-32C).', '68-90F.', '68-90F.');
INSERT INTO public.quiz_answers (question_id, answer_order, answer_text_en, answer_text_fr, answer_text_es, is_correct) VALUES ('b0a5bebf-ed17-49f4-8467-33fcafa63339', 1, '68-90F (20-32C)', '68-90F', '68-90F', true);
INSERT INTO public.quiz_answers (question_id, answer_order, answer_text_en, answer_text_fr, answer_text_es, is_correct) VALUES ('b0a5bebf-ed17-49f4-8467-33fcafa63339', 2, '50-65F', '50-65F', '50-65F', false);
INSERT INTO public.quiz_answers (question_id, answer_order, answer_text_en, answer_text_fr, answer_text_es, is_correct) VALUES ('b0a5bebf-ed17-49f4-8467-33fcafa63339', 3, '90-110F', '90-110F', '90-110F', false);
INSERT INTO public.quiz_answers (question_id, answer_order, answer_text_en, answer_text_fr, answer_text_es, is_correct) VALUES ('b0a5bebf-ed17-49f4-8467-33fcafa63339', 4, '32-50F', '32-50F', '32-50F', false);
INSERT INTO public.quiz_questions (id, quiz_id, question_order, question_text_en, question_text_fr, question_text_es, question_type, explanation_en, explanation_fr, explanation_es) VALUES ('575b6a60-1a12-4905-a1dd-33041a6c9d2c', '4407f71b-7903-4e9e-b012-94190f6a032c', 6, 'What tack rag does PPG recommend?', 'Chiffon PPG recommande?', 'Trapo PPG recomendado?', 'multiple-choice', 'SX1070 OneChoice tack rag.', 'SX1070.', 'SX1070.');
INSERT INTO public.quiz_answers (question_id, answer_order, answer_text_en, answer_text_fr, answer_text_es, is_correct) VALUES ('575b6a60-1a12-4905-a1dd-33041a6c9d2c', 1, 'SX1070 OneChoice', 'SX1070', 'SX1070', true);
INSERT INTO public.quiz_answers (question_id, answer_order, answer_text_en, answer_text_fr, answer_text_es, is_correct) VALUES ('575b6a60-1a12-4905-a1dd-33041a6c9d2c', 2, 'Any tack rag', 'N''''importe quel', 'Cualquier', false);
INSERT INTO public.quiz_answers (question_id, answer_order, answer_text_en, answer_text_fr, answer_text_es, is_correct) VALUES ('575b6a60-1a12-4905-a1dd-33041a6c9d2c', 3, 'Microfiber cloth', 'Microfibre', 'Microfibra', false);
INSERT INTO public.quiz_answers (question_id, answer_order, answer_text_en, answer_text_fr, answer_text_es, is_correct) VALUES ('575b6a60-1a12-4905-a1dd-33041a6c9d2c', 4, 'Paper towel', 'Essuie-tout', 'Papel', false);
INSERT INTO public.quiz_questions (id, quiz_id, question_order, question_text_en, question_text_fr, question_text_es, question_type, explanation_en, explanation_fr, explanation_es) VALUES ('e2625d91-91cc-439e-bbd0-e5e8f6c54208', '4407f71b-7903-4e9e-b012-94190f6a032c', 7, 'Maximum HVLP pressure at the cap for clearcoat?', 'Pression HVLP max vernis?', 'Presion HVLP max barniz?', 'multiple-choice', '10 PSI maximum.', '10 PSI max.', '10 PSI max.');
INSERT INTO public.quiz_answers (question_id, answer_order, answer_text_en, answer_text_fr, answer_text_es, is_correct) VALUES ('e2625d91-91cc-439e-bbd0-e5e8f6c54208', 1, '10 PSI', '10 PSI', '10 PSI', true);
INSERT INTO public.quiz_answers (question_id, answer_order, answer_text_en, answer_text_fr, answer_text_es, is_correct) VALUES ('e2625d91-91cc-439e-bbd0-e5e8f6c54208', 2, '15 PSI', '15 PSI', '15 PSI', false);
INSERT INTO public.quiz_answers (question_id, answer_order, answer_text_en, answer_text_fr, answer_text_es, is_correct) VALUES ('e2625d91-91cc-439e-bbd0-e5e8f6c54208', 3, '20 PSI', '20 PSI', '20 PSI', false);
INSERT INTO public.quiz_answers (question_id, answer_order, answer_text_en, answer_text_fr, answer_text_es, is_correct) VALUES ('e2625d91-91cc-439e-bbd0-e5e8f6c54208', 4, '25 PSI', '25 PSI', '25 PSI', false);
INSERT INTO public.quiz_questions (id, quiz_id, question_order, question_text_en, question_text_fr, question_text_es, question_type, explanation_en, explanation_fr, explanation_es) VALUES ('c2ee3812-6753-47d5-924e-0666d4476ca9', '4407f71b-7903-4e9e-b012-94190f6a032c', 8, 'What happens if wax and grease remover evaporates on the surface?', 'Si le degraissant evapore?', 'Si el desengrasante evapora?', 'multiple-choice', 'Paint failure can result.', 'Defaillance de peinture.', 'Falla de pintura.');
INSERT INTO public.quiz_answers (question_id, answer_order, answer_text_en, answer_text_fr, answer_text_es, is_correct) VALUES ('c2ee3812-6753-47d5-924e-0666d4476ca9', 1, 'Paint failure', 'Defaillance peinture', 'Falla pintura', true);
INSERT INTO public.quiz_answers (question_id, answer_order, answer_text_en, answer_text_fr, answer_text_es, is_correct) VALUES ('c2ee3812-6753-47d5-924e-0666d4476ca9', 2, 'Nothing', 'Rien', 'Nada', false);
INSERT INTO public.quiz_answers (question_id, answer_order, answer_text_en, answer_text_fr, answer_text_es, is_correct) VALUES ('c2ee3812-6753-47d5-924e-0666d4476ca9', 3, 'Better adhesion', 'Meilleure adherence', 'Mejor adhesion', false);
INSERT INTO public.quiz_answers (question_id, answer_order, answer_text_en, answer_text_fr, answer_text_es, is_correct) VALUES ('c2ee3812-6753-47d5-924e-0666d4476ca9', 4, 'Surface smoothing', 'Lissage', 'Alisado', false);

INSERT INTO public.quizzes (id, slug, title_en, title_fr, title_es, description_en, description_fr, description_es, quiz_type, passing_score, icon, is_active) VALUES ('03e277ff-2858-4eb0-80a5-c46199cc6c47', 'ppg-cert-undercoat-mastery', 'Undercoat Mastery Certification', 'Certification sous-couche', 'Certificacion subcapa', 'Comprehensive primer/sealer/surfacer exam.', 'Sous-couche.', 'Subcapa.', 'safety-certification', 70, '🏅', true);
INSERT INTO public.quiz_questions (id, quiz_id, question_order, question_text_en, question_text_fr, question_text_es, question_type, explanation_en, explanation_fr, explanation_es) VALUES ('dac68ea6-02c8-4f68-bef9-4a68168b637e', '03e277ff-2858-4eb0-80a5-c46199cc6c47', 1, 'What is the recommended cleaning method before any PPG application?', 'Methode de nettoyage recommandee?', 'Metodo de limpieza recomendado?', 'multiple-choice', 'Wash with soap and water, then apply appropriate PPG cleaner.', 'Laver puis nettoyant PPG.', 'Lavar luego limpiador PPG.');
INSERT INTO public.quiz_answers (question_id, answer_order, answer_text_en, answer_text_fr, answer_text_es, is_correct) VALUES ('dac68ea6-02c8-4f68-bef9-4a68168b637e', 1, 'Wash then PPG cleaner', 'Laver puis nettoyant', 'Lavar luego limpiador', true);
INSERT INTO public.quiz_answers (question_id, answer_order, answer_text_en, answer_text_fr, answer_text_es, is_correct) VALUES ('dac68ea6-02c8-4f68-bef9-4a68168b637e', 2, 'Acetone wipe only', 'Acetone', 'Acetona', false);
INSERT INTO public.quiz_answers (question_id, answer_order, answer_text_en, answer_text_fr, answer_text_es, is_correct) VALUES ('dac68ea6-02c8-4f68-bef9-4a68168b637e', 3, 'Water rinse only', 'Eau seulement', 'Solo agua', false);
INSERT INTO public.quiz_answers (question_id, answer_order, answer_text_en, answer_text_fr, answer_text_es, is_correct) VALUES ('dac68ea6-02c8-4f68-bef9-4a68168b637e', 4, 'No cleaning needed', 'Pas de nettoyage', 'Sin limpieza', false);
INSERT INTO public.quiz_questions (id, quiz_id, question_order, question_text_en, question_text_fr, question_text_es, question_type, explanation_en, explanation_fr, explanation_es) VALUES ('c035824b-c31d-48a8-a965-430f1088fd1c', '03e277ff-2858-4eb0-80a5-c46199cc6c47', 2, 'What must always be worn during spraying operations?', 'Toujours porter lors de la pulverisation?', 'Siempre usar durante pulverizacion?', 'multiple-choice', 'Full-face air-supply respirator or air-fed half-mask with goggles.', 'Masque respiratoire.', 'Respirador.');
INSERT INTO public.quiz_answers (question_id, answer_order, answer_text_en, answer_text_fr, answer_text_es, is_correct) VALUES ('c035824b-c31d-48a8-a965-430f1088fd1c', 1, 'Air-supply respirator', 'Masque air', 'Respirador aire', true);
INSERT INTO public.quiz_answers (question_id, answer_order, answer_text_en, answer_text_fr, answer_text_es, is_correct) VALUES ('c035824b-c31d-48a8-a965-430f1088fd1c', 2, 'Paper mask', 'Masque papier', 'Mascarilla papel', false);
INSERT INTO public.quiz_answers (question_id, answer_order, answer_text_en, answer_text_fr, answer_text_es, is_correct) VALUES ('c035824b-c31d-48a8-a965-430f1088fd1c', 3, 'Nothing in ventilated booth', 'Rien en cabine', 'Nada en cabina', false);
INSERT INTO public.quiz_answers (question_id, answer_order, answer_text_en, answer_text_fr, answer_text_es, is_correct) VALUES ('c035824b-c31d-48a8-a965-430f1088fd1c', 4, 'Safety glasses only', 'Lunettes', 'Gafas', false);
INSERT INTO public.quiz_questions (id, quiz_id, question_order, question_text_en, question_text_fr, question_text_es, question_type, explanation_en, explanation_fr, explanation_es) VALUES ('5e48a214-9485-42ec-b133-2cf9151a5c2f', '03e277ff-2858-4eb0-80a5-c46199cc6c47', 3, 'What is the flash time between basecoat coats for waterborne?', 'Temps entre couches de base?', 'Tiempo entre capas de base?', 'multiple-choice', 'Dehydrate until uniformly dull.', 'Secher jusqu''''a mat uniforme.', 'Secar hasta mate uniforme.');
INSERT INTO public.quiz_answers (question_id, answer_order, answer_text_en, answer_text_fr, answer_text_es, is_correct) VALUES ('5e48a214-9485-42ec-b133-2cf9151a5c2f', 1, 'Until uniformly dull', 'Mat uniforme', 'Mate uniforme', true);
INSERT INTO public.quiz_answers (question_id, answer_order, answer_text_en, answer_text_fr, answer_text_es, is_correct) VALUES ('5e48a214-9485-42ec-b133-2cf9151a5c2f', 2, '5 minutes exactly', '5 minutes', '5 minutos', false);
INSERT INTO public.quiz_answers (question_id, answer_order, answer_text_en, answer_text_fr, answer_text_es, is_correct) VALUES ('5e48a214-9485-42ec-b133-2cf9151a5c2f', 3, '15 minutes', '15 minutes', '15 minutos', false);
INSERT INTO public.quiz_answers (question_id, answer_order, answer_text_en, answer_text_fr, answer_text_es, is_correct) VALUES ('5e48a214-9485-42ec-b133-2cf9151a5c2f', 4, 'No flash needed', 'Pas de sechage', 'Sin secado', false);
INSERT INTO public.quiz_questions (id, quiz_id, question_order, question_text_en, question_text_fr, question_text_es, question_type, explanation_en, explanation_fr, explanation_es) VALUES ('3ae8a57d-fd48-4cfb-80a8-56cb586cffd1', '03e277ff-2858-4eb0-80a5-c46199cc6c47', 4, 'What PPG product system is used for waterborne basecoat?', 'Systeme de base PPG?', 'Sistema base PPG?', 'multiple-choice', 'Envirobase High Performance.', 'Envirobase HP.', 'Envirobase HP.');
INSERT INTO public.quiz_answers (question_id, answer_order, answer_text_en, answer_text_fr, answer_text_es, is_correct) VALUES ('3ae8a57d-fd48-4cfb-80a8-56cb586cffd1', 1, 'Envirobase High Performance', 'Envirobase HP', 'Envirobase HP', true);
INSERT INTO public.quiz_answers (question_id, answer_order, answer_text_en, answer_text_fr, answer_text_es, is_correct) VALUES ('3ae8a57d-fd48-4cfb-80a8-56cb586cffd1', 2, 'Deltron', 'Deltron', 'Deltron', false);
INSERT INTO public.quiz_answers (question_id, answer_order, answer_text_en, answer_text_fr, answer_text_es, is_correct) VALUES ('3ae8a57d-fd48-4cfb-80a8-56cb586cffd1', 3, 'Global Refinish', 'Global', 'Global', false);
INSERT INTO public.quiz_answers (question_id, answer_order, answer_text_en, answer_text_fr, answer_text_es, is_correct) VALUES ('3ae8a57d-fd48-4cfb-80a8-56cb586cffd1', 4, 'OneChoice', 'OneChoice', 'OneChoice', false);
INSERT INTO public.quiz_questions (id, quiz_id, question_order, question_text_en, question_text_fr, question_text_es, question_type, explanation_en, explanation_fr, explanation_es) VALUES ('872f22b7-5036-4ce0-90d0-336fbed6afb1', '03e277ff-2858-4eb0-80a5-c46199cc6c47', 5, 'What temperature range is considered standard conditions?', 'Plage de temperature standard?', 'Rango de temperatura estandar?', 'multiple-choice', '68-90F (20-32C).', '68-90F.', '68-90F.');
INSERT INTO public.quiz_answers (question_id, answer_order, answer_text_en, answer_text_fr, answer_text_es, is_correct) VALUES ('872f22b7-5036-4ce0-90d0-336fbed6afb1', 1, '68-90F (20-32C)', '68-90F', '68-90F', true);
INSERT INTO public.quiz_answers (question_id, answer_order, answer_text_en, answer_text_fr, answer_text_es, is_correct) VALUES ('872f22b7-5036-4ce0-90d0-336fbed6afb1', 2, '50-65F', '50-65F', '50-65F', false);
INSERT INTO public.quiz_answers (question_id, answer_order, answer_text_en, answer_text_fr, answer_text_es, is_correct) VALUES ('872f22b7-5036-4ce0-90d0-336fbed6afb1', 3, '90-110F', '90-110F', '90-110F', false);
INSERT INTO public.quiz_answers (question_id, answer_order, answer_text_en, answer_text_fr, answer_text_es, is_correct) VALUES ('872f22b7-5036-4ce0-90d0-336fbed6afb1', 4, '32-50F', '32-50F', '32-50F', false);
INSERT INTO public.quiz_questions (id, quiz_id, question_order, question_text_en, question_text_fr, question_text_es, question_type, explanation_en, explanation_fr, explanation_es) VALUES ('5be557de-7b8e-4621-b148-020b5a28405f', '03e277ff-2858-4eb0-80a5-c46199cc6c47', 6, 'What tack rag does PPG recommend?', 'Chiffon PPG recommande?', 'Trapo PPG recomendado?', 'multiple-choice', 'SX1070 OneChoice tack rag.', 'SX1070.', 'SX1070.');
INSERT INTO public.quiz_answers (question_id, answer_order, answer_text_en, answer_text_fr, answer_text_es, is_correct) VALUES ('5be557de-7b8e-4621-b148-020b5a28405f', 1, 'SX1070 OneChoice', 'SX1070', 'SX1070', true);
INSERT INTO public.quiz_answers (question_id, answer_order, answer_text_en, answer_text_fr, answer_text_es, is_correct) VALUES ('5be557de-7b8e-4621-b148-020b5a28405f', 2, 'Any tack rag', 'N''''importe quel', 'Cualquier', false);
INSERT INTO public.quiz_answers (question_id, answer_order, answer_text_en, answer_text_fr, answer_text_es, is_correct) VALUES ('5be557de-7b8e-4621-b148-020b5a28405f', 3, 'Microfiber cloth', 'Microfibre', 'Microfibra', false);
INSERT INTO public.quiz_answers (question_id, answer_order, answer_text_en, answer_text_fr, answer_text_es, is_correct) VALUES ('5be557de-7b8e-4621-b148-020b5a28405f', 4, 'Paper towel', 'Essuie-tout', 'Papel', false);
INSERT INTO public.quiz_questions (id, quiz_id, question_order, question_text_en, question_text_fr, question_text_es, question_type, explanation_en, explanation_fr, explanation_es) VALUES ('b692b8a6-576d-43ba-b019-5d4b263c91ac', '03e277ff-2858-4eb0-80a5-c46199cc6c47', 7, 'Maximum HVLP pressure at the cap for clearcoat?', 'Pression HVLP max vernis?', 'Presion HVLP max barniz?', 'multiple-choice', '10 PSI maximum.', '10 PSI max.', '10 PSI max.');
INSERT INTO public.quiz_answers (question_id, answer_order, answer_text_en, answer_text_fr, answer_text_es, is_correct) VALUES ('b692b8a6-576d-43ba-b019-5d4b263c91ac', 1, '10 PSI', '10 PSI', '10 PSI', true);
INSERT INTO public.quiz_answers (question_id, answer_order, answer_text_en, answer_text_fr, answer_text_es, is_correct) VALUES ('b692b8a6-576d-43ba-b019-5d4b263c91ac', 2, '15 PSI', '15 PSI', '15 PSI', false);
INSERT INTO public.quiz_answers (question_id, answer_order, answer_text_en, answer_text_fr, answer_text_es, is_correct) VALUES ('b692b8a6-576d-43ba-b019-5d4b263c91ac', 3, '20 PSI', '20 PSI', '20 PSI', false);
INSERT INTO public.quiz_answers (question_id, answer_order, answer_text_en, answer_text_fr, answer_text_es, is_correct) VALUES ('b692b8a6-576d-43ba-b019-5d4b263c91ac', 4, '25 PSI', '25 PSI', '25 PSI', false);
INSERT INTO public.quiz_questions (id, quiz_id, question_order, question_text_en, question_text_fr, question_text_es, question_type, explanation_en, explanation_fr, explanation_es) VALUES ('2750433a-f70b-4da5-a1dd-cbce27a0d7a4', '03e277ff-2858-4eb0-80a5-c46199cc6c47', 8, 'What happens if wax and grease remover evaporates on the surface?', 'Si le degraissant evapore?', 'Si el desengrasante evapora?', 'multiple-choice', 'Paint failure can result.', 'Defaillance de peinture.', 'Falla de pintura.');
INSERT INTO public.quiz_answers (question_id, answer_order, answer_text_en, answer_text_fr, answer_text_es, is_correct) VALUES ('2750433a-f70b-4da5-a1dd-cbce27a0d7a4', 1, 'Paint failure', 'Defaillance peinture', 'Falla pintura', true);
INSERT INTO public.quiz_answers (question_id, answer_order, answer_text_en, answer_text_fr, answer_text_es, is_correct) VALUES ('2750433a-f70b-4da5-a1dd-cbce27a0d7a4', 2, 'Nothing', 'Rien', 'Nada', false);
INSERT INTO public.quiz_answers (question_id, answer_order, answer_text_en, answer_text_fr, answer_text_es, is_correct) VALUES ('2750433a-f70b-4da5-a1dd-cbce27a0d7a4', 3, 'Better adhesion', 'Meilleure adherence', 'Mejor adhesion', false);
INSERT INTO public.quiz_answers (question_id, answer_order, answer_text_en, answer_text_fr, answer_text_es, is_correct) VALUES ('2750433a-f70b-4da5-a1dd-cbce27a0d7a4', 4, 'Surface smoothing', 'Lissage', 'Alisado', false);

INSERT INTO public.quizzes (id, slug, title_en, title_fr, title_es, description_en, description_fr, description_es, quiz_type, passing_score, icon, is_active) VALUES ('ad226d5d-b29c-4239-b776-f8cc487ee272', 'ppg-cert-basecoat-mastery', 'Basecoat Mastery Certification', 'Certification base', 'Certificacion base', 'Comprehensive basecoat system exam.', 'Base.', 'Base.', 'safety-certification', 70, '🎖️', true);
INSERT INTO public.quiz_questions (id, quiz_id, question_order, question_text_en, question_text_fr, question_text_es, question_type, explanation_en, explanation_fr, explanation_es) VALUES ('6262bf1e-ca90-4f17-b259-1a085716844f', 'ad226d5d-b29c-4239-b776-f8cc487ee272', 1, 'What is the recommended cleaning method before any PPG application?', 'Methode de nettoyage recommandee?', 'Metodo de limpieza recomendado?', 'multiple-choice', 'Wash with soap and water, then apply appropriate PPG cleaner.', 'Laver puis nettoyant PPG.', 'Lavar luego limpiador PPG.');
INSERT INTO public.quiz_answers (question_id, answer_order, answer_text_en, answer_text_fr, answer_text_es, is_correct) VALUES ('6262bf1e-ca90-4f17-b259-1a085716844f', 1, 'Wash then PPG cleaner', 'Laver puis nettoyant', 'Lavar luego limpiador', true);
INSERT INTO public.quiz_answers (question_id, answer_order, answer_text_en, answer_text_fr, answer_text_es, is_correct) VALUES ('6262bf1e-ca90-4f17-b259-1a085716844f', 2, 'Acetone wipe only', 'Acetone', 'Acetona', false);
INSERT INTO public.quiz_answers (question_id, answer_order, answer_text_en, answer_text_fr, answer_text_es, is_correct) VALUES ('6262bf1e-ca90-4f17-b259-1a085716844f', 3, 'Water rinse only', 'Eau seulement', 'Solo agua', false);
INSERT INTO public.quiz_answers (question_id, answer_order, answer_text_en, answer_text_fr, answer_text_es, is_correct) VALUES ('6262bf1e-ca90-4f17-b259-1a085716844f', 4, 'No cleaning needed', 'Pas de nettoyage', 'Sin limpieza', false);
INSERT INTO public.quiz_questions (id, quiz_id, question_order, question_text_en, question_text_fr, question_text_es, question_type, explanation_en, explanation_fr, explanation_es) VALUES ('dc86ab1a-a942-4484-b13d-2ba8a030f345', 'ad226d5d-b29c-4239-b776-f8cc487ee272', 2, 'What must always be worn during spraying operations?', 'Toujours porter lors de la pulverisation?', 'Siempre usar durante pulverizacion?', 'multiple-choice', 'Full-face air-supply respirator or air-fed half-mask with goggles.', 'Masque respiratoire.', 'Respirador.');
INSERT INTO public.quiz_answers (question_id, answer_order, answer_text_en, answer_text_fr, answer_text_es, is_correct) VALUES ('dc86ab1a-a942-4484-b13d-2ba8a030f345', 1, 'Air-supply respirator', 'Masque air', 'Respirador aire', true);
INSERT INTO public.quiz_answers (question_id, answer_order, answer_text_en, answer_text_fr, answer_text_es, is_correct) VALUES ('dc86ab1a-a942-4484-b13d-2ba8a030f345', 2, 'Paper mask', 'Masque papier', 'Mascarilla papel', false);
INSERT INTO public.quiz_answers (question_id, answer_order, answer_text_en, answer_text_fr, answer_text_es, is_correct) VALUES ('dc86ab1a-a942-4484-b13d-2ba8a030f345', 3, 'Nothing in ventilated booth', 'Rien en cabine', 'Nada en cabina', false);
INSERT INTO public.quiz_answers (question_id, answer_order, answer_text_en, answer_text_fr, answer_text_es, is_correct) VALUES ('dc86ab1a-a942-4484-b13d-2ba8a030f345', 4, 'Safety glasses only', 'Lunettes', 'Gafas', false);
INSERT INTO public.quiz_questions (id, quiz_id, question_order, question_text_en, question_text_fr, question_text_es, question_type, explanation_en, explanation_fr, explanation_es) VALUES ('2993d344-6b27-44c7-b9ac-71866d8e3feb', 'ad226d5d-b29c-4239-b776-f8cc487ee272', 3, 'What is the flash time between basecoat coats for waterborne?', 'Temps entre couches de base?', 'Tiempo entre capas de base?', 'multiple-choice', 'Dehydrate until uniformly dull.', 'Secher jusqu''''a mat uniforme.', 'Secar hasta mate uniforme.');
INSERT INTO public.quiz_answers (question_id, answer_order, answer_text_en, answer_text_fr, answer_text_es, is_correct) VALUES ('2993d344-6b27-44c7-b9ac-71866d8e3feb', 1, 'Until uniformly dull', 'Mat uniforme', 'Mate uniforme', true);
INSERT INTO public.quiz_answers (question_id, answer_order, answer_text_en, answer_text_fr, answer_text_es, is_correct) VALUES ('2993d344-6b27-44c7-b9ac-71866d8e3feb', 2, '5 minutes exactly', '5 minutes', '5 minutos', false);
INSERT INTO public.quiz_answers (question_id, answer_order, answer_text_en, answer_text_fr, answer_text_es, is_correct) VALUES ('2993d344-6b27-44c7-b9ac-71866d8e3feb', 3, '15 minutes', '15 minutes', '15 minutos', false);
INSERT INTO public.quiz_answers (question_id, answer_order, answer_text_en, answer_text_fr, answer_text_es, is_correct) VALUES ('2993d344-6b27-44c7-b9ac-71866d8e3feb', 4, 'No flash needed', 'Pas de sechage', 'Sin secado', false);
INSERT INTO public.quiz_questions (id, quiz_id, question_order, question_text_en, question_text_fr, question_text_es, question_type, explanation_en, explanation_fr, explanation_es) VALUES ('62d88afe-5a85-4b40-80de-86e735736603', 'ad226d5d-b29c-4239-b776-f8cc487ee272', 4, 'What PPG product system is used for waterborne basecoat?', 'Systeme de base PPG?', 'Sistema base PPG?', 'multiple-choice', 'Envirobase High Performance.', 'Envirobase HP.', 'Envirobase HP.');
INSERT INTO public.quiz_answers (question_id, answer_order, answer_text_en, answer_text_fr, answer_text_es, is_correct) VALUES ('62d88afe-5a85-4b40-80de-86e735736603', 1, 'Envirobase High Performance', 'Envirobase HP', 'Envirobase HP', true);
INSERT INTO public.quiz_answers (question_id, answer_order, answer_text_en, answer_text_fr, answer_text_es, is_correct) VALUES ('62d88afe-5a85-4b40-80de-86e735736603', 2, 'Deltron', 'Deltron', 'Deltron', false);
INSERT INTO public.quiz_answers (question_id, answer_order, answer_text_en, answer_text_fr, answer_text_es, is_correct) VALUES ('62d88afe-5a85-4b40-80de-86e735736603', 3, 'Global Refinish', 'Global', 'Global', false);
INSERT INTO public.quiz_answers (question_id, answer_order, answer_text_en, answer_text_fr, answer_text_es, is_correct) VALUES ('62d88afe-5a85-4b40-80de-86e735736603', 4, 'OneChoice', 'OneChoice', 'OneChoice', false);
INSERT INTO public.quiz_questions (id, quiz_id, question_order, question_text_en, question_text_fr, question_text_es, question_type, explanation_en, explanation_fr, explanation_es) VALUES ('fd0f6947-ca07-41b6-8f02-8fb675852fea', 'ad226d5d-b29c-4239-b776-f8cc487ee272', 5, 'What temperature range is considered standard conditions?', 'Plage de temperature standard?', 'Rango de temperatura estandar?', 'multiple-choice', '68-90F (20-32C).', '68-90F.', '68-90F.');
INSERT INTO public.quiz_answers (question_id, answer_order, answer_text_en, answer_text_fr, answer_text_es, is_correct) VALUES ('fd0f6947-ca07-41b6-8f02-8fb675852fea', 1, '68-90F (20-32C)', '68-90F', '68-90F', true);
INSERT INTO public.quiz_answers (question_id, answer_order, answer_text_en, answer_text_fr, answer_text_es, is_correct) VALUES ('fd0f6947-ca07-41b6-8f02-8fb675852fea', 2, '50-65F', '50-65F', '50-65F', false);
INSERT INTO public.quiz_answers (question_id, answer_order, answer_text_en, answer_text_fr, answer_text_es, is_correct) VALUES ('fd0f6947-ca07-41b6-8f02-8fb675852fea', 3, '90-110F', '90-110F', '90-110F', false);
INSERT INTO public.quiz_answers (question_id, answer_order, answer_text_en, answer_text_fr, answer_text_es, is_correct) VALUES ('fd0f6947-ca07-41b6-8f02-8fb675852fea', 4, '32-50F', '32-50F', '32-50F', false);
INSERT INTO public.quiz_questions (id, quiz_id, question_order, question_text_en, question_text_fr, question_text_es, question_type, explanation_en, explanation_fr, explanation_es) VALUES ('ee4573aa-5e29-4747-8bea-73108403c1b0', 'ad226d5d-b29c-4239-b776-f8cc487ee272', 6, 'What tack rag does PPG recommend?', 'Chiffon PPG recommande?', 'Trapo PPG recomendado?', 'multiple-choice', 'SX1070 OneChoice tack rag.', 'SX1070.', 'SX1070.');
INSERT INTO public.quiz_answers (question_id, answer_order, answer_text_en, answer_text_fr, answer_text_es, is_correct) VALUES ('ee4573aa-5e29-4747-8bea-73108403c1b0', 1, 'SX1070 OneChoice', 'SX1070', 'SX1070', true);
INSERT INTO public.quiz_answers (question_id, answer_order, answer_text_en, answer_text_fr, answer_text_es, is_correct) VALUES ('ee4573aa-5e29-4747-8bea-73108403c1b0', 2, 'Any tack rag', 'N''''importe quel', 'Cualquier', false);
INSERT INTO public.quiz_answers (question_id, answer_order, answer_text_en, answer_text_fr, answer_text_es, is_correct) VALUES ('ee4573aa-5e29-4747-8bea-73108403c1b0', 3, 'Microfiber cloth', 'Microfibre', 'Microfibra', false);
INSERT INTO public.quiz_answers (question_id, answer_order, answer_text_en, answer_text_fr, answer_text_es, is_correct) VALUES ('ee4573aa-5e29-4747-8bea-73108403c1b0', 4, 'Paper towel', 'Essuie-tout', 'Papel', false);
INSERT INTO public.quiz_questions (id, quiz_id, question_order, question_text_en, question_text_fr, question_text_es, question_type, explanation_en, explanation_fr, explanation_es) VALUES ('88822b05-baac-4490-980b-4f098be7ed32', 'ad226d5d-b29c-4239-b776-f8cc487ee272', 7, 'Maximum HVLP pressure at the cap for clearcoat?', 'Pression HVLP max vernis?', 'Presion HVLP max barniz?', 'multiple-choice', '10 PSI maximum.', '10 PSI max.', '10 PSI max.');
INSERT INTO public.quiz_answers (question_id, answer_order, answer_text_en, answer_text_fr, answer_text_es, is_correct) VALUES ('88822b05-baac-4490-980b-4f098be7ed32', 1, '10 PSI', '10 PSI', '10 PSI', true);
INSERT INTO public.quiz_answers (question_id, answer_order, answer_text_en, answer_text_fr, answer_text_es, is_correct) VALUES ('88822b05-baac-4490-980b-4f098be7ed32', 2, '15 PSI', '15 PSI', '15 PSI', false);
INSERT INTO public.quiz_answers (question_id, answer_order, answer_text_en, answer_text_fr, answer_text_es, is_correct) VALUES ('88822b05-baac-4490-980b-4f098be7ed32', 3, '20 PSI', '20 PSI', '20 PSI', false);
INSERT INTO public.quiz_answers (question_id, answer_order, answer_text_en, answer_text_fr, answer_text_es, is_correct) VALUES ('88822b05-baac-4490-980b-4f098be7ed32', 4, '25 PSI', '25 PSI', '25 PSI', false);
INSERT INTO public.quiz_questions (id, quiz_id, question_order, question_text_en, question_text_fr, question_text_es, question_type, explanation_en, explanation_fr, explanation_es) VALUES ('4a7b3dd5-abd4-4c35-a4bc-6ef15738341f', 'ad226d5d-b29c-4239-b776-f8cc487ee272', 8, 'What happens if wax and grease remover evaporates on the surface?', 'Si le degraissant evapore?', 'Si el desengrasante evapora?', 'multiple-choice', 'Paint failure can result.', 'Defaillance de peinture.', 'Falla de pintura.');
INSERT INTO public.quiz_answers (question_id, answer_order, answer_text_en, answer_text_fr, answer_text_es, is_correct) VALUES ('4a7b3dd5-abd4-4c35-a4bc-6ef15738341f', 1, 'Paint failure', 'Defaillance peinture', 'Falla pintura', true);
INSERT INTO public.quiz_answers (question_id, answer_order, answer_text_en, answer_text_fr, answer_text_es, is_correct) VALUES ('4a7b3dd5-abd4-4c35-a4bc-6ef15738341f', 2, 'Nothing', 'Rien', 'Nada', false);
INSERT INTO public.quiz_answers (question_id, answer_order, answer_text_en, answer_text_fr, answer_text_es, is_correct) VALUES ('4a7b3dd5-abd4-4c35-a4bc-6ef15738341f', 3, 'Better adhesion', 'Meilleure adherence', 'Mejor adhesion', false);
INSERT INTO public.quiz_answers (question_id, answer_order, answer_text_en, answer_text_fr, answer_text_es, is_correct) VALUES ('4a7b3dd5-abd4-4c35-a4bc-6ef15738341f', 4, 'Surface smoothing', 'Lissage', 'Alisado', false);

INSERT INTO public.quizzes (id, slug, title_en, title_fr, title_es, description_en, description_fr, description_es, quiz_type, passing_score, icon, is_active) VALUES ('146c6092-4281-4190-b752-22b0140b6d2e', 'ppg-cert-surface-prep-mastery', 'Surface Prep Mastery', 'Certification preparation', 'Certificacion preparacion', 'Comprehensive surface preparation exam.', 'Preparation.', 'Preparacion.', 'safety-certification', 70, '🏆', true);
INSERT INTO public.quiz_questions (id, quiz_id, question_order, question_text_en, question_text_fr, question_text_es, question_type, explanation_en, explanation_fr, explanation_es) VALUES ('6055a1b3-6d3a-4b1d-8401-19952cbd252c', '146c6092-4281-4190-b752-22b0140b6d2e', 1, 'What is the recommended cleaning method before any PPG application?', 'Methode de nettoyage recommandee?', 'Metodo de limpieza recomendado?', 'multiple-choice', 'Wash with soap and water, then apply appropriate PPG cleaner.', 'Laver puis nettoyant PPG.', 'Lavar luego limpiador PPG.');
INSERT INTO public.quiz_answers (question_id, answer_order, answer_text_en, answer_text_fr, answer_text_es, is_correct) VALUES ('6055a1b3-6d3a-4b1d-8401-19952cbd252c', 1, 'Wash then PPG cleaner', 'Laver puis nettoyant', 'Lavar luego limpiador', true);
INSERT INTO public.quiz_answers (question_id, answer_order, answer_text_en, answer_text_fr, answer_text_es, is_correct) VALUES ('6055a1b3-6d3a-4b1d-8401-19952cbd252c', 2, 'Acetone wipe only', 'Acetone', 'Acetona', false);
INSERT INTO public.quiz_answers (question_id, answer_order, answer_text_en, answer_text_fr, answer_text_es, is_correct) VALUES ('6055a1b3-6d3a-4b1d-8401-19952cbd252c', 3, 'Water rinse only', 'Eau seulement', 'Solo agua', false);
INSERT INTO public.quiz_answers (question_id, answer_order, answer_text_en, answer_text_fr, answer_text_es, is_correct) VALUES ('6055a1b3-6d3a-4b1d-8401-19952cbd252c', 4, 'No cleaning needed', 'Pas de nettoyage', 'Sin limpieza', false);
INSERT INTO public.quiz_questions (id, quiz_id, question_order, question_text_en, question_text_fr, question_text_es, question_type, explanation_en, explanation_fr, explanation_es) VALUES ('14d4c1c8-2db1-4571-928c-9e5ec9b88c49', '146c6092-4281-4190-b752-22b0140b6d2e', 2, 'What must always be worn during spraying operations?', 'Toujours porter lors de la pulverisation?', 'Siempre usar durante pulverizacion?', 'multiple-choice', 'Full-face air-supply respirator or air-fed half-mask with goggles.', 'Masque respiratoire.', 'Respirador.');
INSERT INTO public.quiz_answers (question_id, answer_order, answer_text_en, answer_text_fr, answer_text_es, is_correct) VALUES ('14d4c1c8-2db1-4571-928c-9e5ec9b88c49', 1, 'Air-supply respirator', 'Masque air', 'Respirador aire', true);
INSERT INTO public.quiz_answers (question_id, answer_order, answer_text_en, answer_text_fr, answer_text_es, is_correct) VALUES ('14d4c1c8-2db1-4571-928c-9e5ec9b88c49', 2, 'Paper mask', 'Masque papier', 'Mascarilla papel', false);
INSERT INTO public.quiz_answers (question_id, answer_order, answer_text_en, answer_text_fr, answer_text_es, is_correct) VALUES ('14d4c1c8-2db1-4571-928c-9e5ec9b88c49', 3, 'Nothing in ventilated booth', 'Rien en cabine', 'Nada en cabina', false);
INSERT INTO public.quiz_answers (question_id, answer_order, answer_text_en, answer_text_fr, answer_text_es, is_correct) VALUES ('14d4c1c8-2db1-4571-928c-9e5ec9b88c49', 4, 'Safety glasses only', 'Lunettes', 'Gafas', false);
INSERT INTO public.quiz_questions (id, quiz_id, question_order, question_text_en, question_text_fr, question_text_es, question_type, explanation_en, explanation_fr, explanation_es) VALUES ('20d5b7d0-38f6-4733-aefe-996b9086de1d', '146c6092-4281-4190-b752-22b0140b6d2e', 3, 'What is the flash time between basecoat coats for waterborne?', 'Temps entre couches de base?', 'Tiempo entre capas de base?', 'multiple-choice', 'Dehydrate until uniformly dull.', 'Secher jusqu''''a mat uniforme.', 'Secar hasta mate uniforme.');
INSERT INTO public.quiz_answers (question_id, answer_order, answer_text_en, answer_text_fr, answer_text_es, is_correct) VALUES ('20d5b7d0-38f6-4733-aefe-996b9086de1d', 1, 'Until uniformly dull', 'Mat uniforme', 'Mate uniforme', true);
INSERT INTO public.quiz_answers (question_id, answer_order, answer_text_en, answer_text_fr, answer_text_es, is_correct) VALUES ('20d5b7d0-38f6-4733-aefe-996b9086de1d', 2, '5 minutes exactly', '5 minutes', '5 minutos', false);
INSERT INTO public.quiz_answers (question_id, answer_order, answer_text_en, answer_text_fr, answer_text_es, is_correct) VALUES ('20d5b7d0-38f6-4733-aefe-996b9086de1d', 3, '15 minutes', '15 minutes', '15 minutos', false);
INSERT INTO public.quiz_answers (question_id, answer_order, answer_text_en, answer_text_fr, answer_text_es, is_correct) VALUES ('20d5b7d0-38f6-4733-aefe-996b9086de1d', 4, 'No flash needed', 'Pas de sechage', 'Sin secado', false);
INSERT INTO public.quiz_questions (id, quiz_id, question_order, question_text_en, question_text_fr, question_text_es, question_type, explanation_en, explanation_fr, explanation_es) VALUES ('2bbf73b5-decc-48e2-93cb-93f5def2df62', '146c6092-4281-4190-b752-22b0140b6d2e', 4, 'What PPG product system is used for waterborne basecoat?', 'Systeme de base PPG?', 'Sistema base PPG?', 'multiple-choice', 'Envirobase High Performance.', 'Envirobase HP.', 'Envirobase HP.');
INSERT INTO public.quiz_answers (question_id, answer_order, answer_text_en, answer_text_fr, answer_text_es, is_correct) VALUES ('2bbf73b5-decc-48e2-93cb-93f5def2df62', 1, 'Envirobase High Performance', 'Envirobase HP', 'Envirobase HP', true);
INSERT INTO public.quiz_answers (question_id, answer_order, answer_text_en, answer_text_fr, answer_text_es, is_correct) VALUES ('2bbf73b5-decc-48e2-93cb-93f5def2df62', 2, 'Deltron', 'Deltron', 'Deltron', false);
INSERT INTO public.quiz_answers (question_id, answer_order, answer_text_en, answer_text_fr, answer_text_es, is_correct) VALUES ('2bbf73b5-decc-48e2-93cb-93f5def2df62', 3, 'Global Refinish', 'Global', 'Global', false);
INSERT INTO public.quiz_answers (question_id, answer_order, answer_text_en, answer_text_fr, answer_text_es, is_correct) VALUES ('2bbf73b5-decc-48e2-93cb-93f5def2df62', 4, 'OneChoice', 'OneChoice', 'OneChoice', false);
INSERT INTO public.quiz_questions (id, quiz_id, question_order, question_text_en, question_text_fr, question_text_es, question_type, explanation_en, explanation_fr, explanation_es) VALUES ('bd95e34d-b0a7-4f72-a24c-a9bbaec99461', '146c6092-4281-4190-b752-22b0140b6d2e', 5, 'What temperature range is considered standard conditions?', 'Plage de temperature standard?', 'Rango de temperatura estandar?', 'multiple-choice', '68-90F (20-32C).', '68-90F.', '68-90F.');
INSERT INTO public.quiz_answers (question_id, answer_order, answer_text_en, answer_text_fr, answer_text_es, is_correct) VALUES ('bd95e34d-b0a7-4f72-a24c-a9bbaec99461', 1, '68-90F (20-32C)', '68-90F', '68-90F', true);
INSERT INTO public.quiz_answers (question_id, answer_order, answer_text_en, answer_text_fr, answer_text_es, is_correct) VALUES ('bd95e34d-b0a7-4f72-a24c-a9bbaec99461', 2, '50-65F', '50-65F', '50-65F', false);
INSERT INTO public.quiz_answers (question_id, answer_order, answer_text_en, answer_text_fr, answer_text_es, is_correct) VALUES ('bd95e34d-b0a7-4f72-a24c-a9bbaec99461', 3, '90-110F', '90-110F', '90-110F', false);
INSERT INTO public.quiz_answers (question_id, answer_order, answer_text_en, answer_text_fr, answer_text_es, is_correct) VALUES ('bd95e34d-b0a7-4f72-a24c-a9bbaec99461', 4, '32-50F', '32-50F', '32-50F', false);
INSERT INTO public.quiz_questions (id, quiz_id, question_order, question_text_en, question_text_fr, question_text_es, question_type, explanation_en, explanation_fr, explanation_es) VALUES ('7beeed0e-a7e4-4e3d-bb1d-c06c70b759a0', '146c6092-4281-4190-b752-22b0140b6d2e', 6, 'What tack rag does PPG recommend?', 'Chiffon PPG recommande?', 'Trapo PPG recomendado?', 'multiple-choice', 'SX1070 OneChoice tack rag.', 'SX1070.', 'SX1070.');
INSERT INTO public.quiz_answers (question_id, answer_order, answer_text_en, answer_text_fr, answer_text_es, is_correct) VALUES ('7beeed0e-a7e4-4e3d-bb1d-c06c70b759a0', 1, 'SX1070 OneChoice', 'SX1070', 'SX1070', true);
INSERT INTO public.quiz_answers (question_id, answer_order, answer_text_en, answer_text_fr, answer_text_es, is_correct) VALUES ('7beeed0e-a7e4-4e3d-bb1d-c06c70b759a0', 2, 'Any tack rag', 'N''''importe quel', 'Cualquier', false);
INSERT INTO public.quiz_answers (question_id, answer_order, answer_text_en, answer_text_fr, answer_text_es, is_correct) VALUES ('7beeed0e-a7e4-4e3d-bb1d-c06c70b759a0', 3, 'Microfiber cloth', 'Microfibre', 'Microfibra', false);
INSERT INTO public.quiz_answers (question_id, answer_order, answer_text_en, answer_text_fr, answer_text_es, is_correct) VALUES ('7beeed0e-a7e4-4e3d-bb1d-c06c70b759a0', 4, 'Paper towel', 'Essuie-tout', 'Papel', false);
INSERT INTO public.quiz_questions (id, quiz_id, question_order, question_text_en, question_text_fr, question_text_es, question_type, explanation_en, explanation_fr, explanation_es) VALUES ('2b83c35b-edcd-4b5f-b516-653d45aa4849', '146c6092-4281-4190-b752-22b0140b6d2e', 7, 'Maximum HVLP pressure at the cap for clearcoat?', 'Pression HVLP max vernis?', 'Presion HVLP max barniz?', 'multiple-choice', '10 PSI maximum.', '10 PSI max.', '10 PSI max.');
INSERT INTO public.quiz_answers (question_id, answer_order, answer_text_en, answer_text_fr, answer_text_es, is_correct) VALUES ('2b83c35b-edcd-4b5f-b516-653d45aa4849', 1, '10 PSI', '10 PSI', '10 PSI', true);
INSERT INTO public.quiz_answers (question_id, answer_order, answer_text_en, answer_text_fr, answer_text_es, is_correct) VALUES ('2b83c35b-edcd-4b5f-b516-653d45aa4849', 2, '15 PSI', '15 PSI', '15 PSI', false);
INSERT INTO public.quiz_answers (question_id, answer_order, answer_text_en, answer_text_fr, answer_text_es, is_correct) VALUES ('2b83c35b-edcd-4b5f-b516-653d45aa4849', 3, '20 PSI', '20 PSI', '20 PSI', false);
INSERT INTO public.quiz_answers (question_id, answer_order, answer_text_en, answer_text_fr, answer_text_es, is_correct) VALUES ('2b83c35b-edcd-4b5f-b516-653d45aa4849', 4, '25 PSI', '25 PSI', '25 PSI', false);
INSERT INTO public.quiz_questions (id, quiz_id, question_order, question_text_en, question_text_fr, question_text_es, question_type, explanation_en, explanation_fr, explanation_es) VALUES ('a307e9de-c15e-4a62-be9a-694e08dd0994', '146c6092-4281-4190-b752-22b0140b6d2e', 8, 'What happens if wax and grease remover evaporates on the surface?', 'Si le degraissant evapore?', 'Si el desengrasante evapora?', 'multiple-choice', 'Paint failure can result.', 'Defaillance de peinture.', 'Falla de pintura.');
INSERT INTO public.quiz_answers (question_id, answer_order, answer_text_en, answer_text_fr, answer_text_es, is_correct) VALUES ('a307e9de-c15e-4a62-be9a-694e08dd0994', 1, 'Paint failure', 'Defaillance peinture', 'Falla pintura', true);
INSERT INTO public.quiz_answers (question_id, answer_order, answer_text_en, answer_text_fr, answer_text_es, is_correct) VALUES ('a307e9de-c15e-4a62-be9a-694e08dd0994', 2, 'Nothing', 'Rien', 'Nada', false);
INSERT INTO public.quiz_answers (question_id, answer_order, answer_text_en, answer_text_fr, answer_text_es, is_correct) VALUES ('a307e9de-c15e-4a62-be9a-694e08dd0994', 3, 'Better adhesion', 'Meilleure adherence', 'Mejor adhesion', false);
INSERT INTO public.quiz_answers (question_id, answer_order, answer_text_en, answer_text_fr, answer_text_es, is_correct) VALUES ('a307e9de-c15e-4a62-be9a-694e08dd0994', 4, 'Surface smoothing', 'Lissage', 'Alisado', false);

INSERT INTO public.quizzes (id, slug, title_en, title_fr, title_es, description_en, description_fr, description_es, quiz_type, passing_score, icon, is_active) VALUES ('2276306d-66d8-4ab6-b969-1c3e8ea34d7f', 'ppg-cert-complete-refinish', 'Complete Refinish Certification', 'Certification complete', 'Certificacion completa', 'Final comprehensive exam covering all topics.', 'Complete.', 'Completa.', 'safety-certification', 70, '👑', true);
INSERT INTO public.quiz_questions (id, quiz_id, question_order, question_text_en, question_text_fr, question_text_es, question_type, explanation_en, explanation_fr, explanation_es) VALUES ('971a7cb9-0ffc-42cc-ad1d-2205cc8b5298', '2276306d-66d8-4ab6-b969-1c3e8ea34d7f', 1, 'What is the recommended cleaning method before any PPG application?', 'Methode de nettoyage recommandee?', 'Metodo de limpieza recomendado?', 'multiple-choice', 'Wash with soap and water, then apply appropriate PPG cleaner.', 'Laver puis nettoyant PPG.', 'Lavar luego limpiador PPG.');
INSERT INTO public.quiz_answers (question_id, answer_order, answer_text_en, answer_text_fr, answer_text_es, is_correct) VALUES ('971a7cb9-0ffc-42cc-ad1d-2205cc8b5298', 1, 'Wash then PPG cleaner', 'Laver puis nettoyant', 'Lavar luego limpiador', true);
INSERT INTO public.quiz_answers (question_id, answer_order, answer_text_en, answer_text_fr, answer_text_es, is_correct) VALUES ('971a7cb9-0ffc-42cc-ad1d-2205cc8b5298', 2, 'Acetone wipe only', 'Acetone', 'Acetona', false);
INSERT INTO public.quiz_answers (question_id, answer_order, answer_text_en, answer_text_fr, answer_text_es, is_correct) VALUES ('971a7cb9-0ffc-42cc-ad1d-2205cc8b5298', 3, 'Water rinse only', 'Eau seulement', 'Solo agua', false);
INSERT INTO public.quiz_answers (question_id, answer_order, answer_text_en, answer_text_fr, answer_text_es, is_correct) VALUES ('971a7cb9-0ffc-42cc-ad1d-2205cc8b5298', 4, 'No cleaning needed', 'Pas de nettoyage', 'Sin limpieza', false);
INSERT INTO public.quiz_questions (id, quiz_id, question_order, question_text_en, question_text_fr, question_text_es, question_type, explanation_en, explanation_fr, explanation_es) VALUES ('f14656d4-bfe0-404e-bd52-f04ce1e21ec2', '2276306d-66d8-4ab6-b969-1c3e8ea34d7f', 2, 'What must always be worn during spraying operations?', 'Toujours porter lors de la pulverisation?', 'Siempre usar durante pulverizacion?', 'multiple-choice', 'Full-face air-supply respirator or air-fed half-mask with goggles.', 'Masque respiratoire.', 'Respirador.');
INSERT INTO public.quiz_answers (question_id, answer_order, answer_text_en, answer_text_fr, answer_text_es, is_correct) VALUES ('f14656d4-bfe0-404e-bd52-f04ce1e21ec2', 1, 'Air-supply respirator', 'Masque air', 'Respirador aire', true);
INSERT INTO public.quiz_answers (question_id, answer_order, answer_text_en, answer_text_fr, answer_text_es, is_correct) VALUES ('f14656d4-bfe0-404e-bd52-f04ce1e21ec2', 2, 'Paper mask', 'Masque papier', 'Mascarilla papel', false);
INSERT INTO public.quiz_answers (question_id, answer_order, answer_text_en, answer_text_fr, answer_text_es, is_correct) VALUES ('f14656d4-bfe0-404e-bd52-f04ce1e21ec2', 3, 'Nothing in ventilated booth', 'Rien en cabine', 'Nada en cabina', false);
INSERT INTO public.quiz_answers (question_id, answer_order, answer_text_en, answer_text_fr, answer_text_es, is_correct) VALUES ('f14656d4-bfe0-404e-bd52-f04ce1e21ec2', 4, 'Safety glasses only', 'Lunettes', 'Gafas', false);
INSERT INTO public.quiz_questions (id, quiz_id, question_order, question_text_en, question_text_fr, question_text_es, question_type, explanation_en, explanation_fr, explanation_es) VALUES ('f45d422a-514d-43f6-b5d6-e681d7a542df', '2276306d-66d8-4ab6-b969-1c3e8ea34d7f', 3, 'What is the flash time between basecoat coats for waterborne?', 'Temps entre couches de base?', 'Tiempo entre capas de base?', 'multiple-choice', 'Dehydrate until uniformly dull.', 'Secher jusqu''''a mat uniforme.', 'Secar hasta mate uniforme.');
INSERT INTO public.quiz_answers (question_id, answer_order, answer_text_en, answer_text_fr, answer_text_es, is_correct) VALUES ('f45d422a-514d-43f6-b5d6-e681d7a542df', 1, 'Until uniformly dull', 'Mat uniforme', 'Mate uniforme', true);
INSERT INTO public.quiz_answers (question_id, answer_order, answer_text_en, answer_text_fr, answer_text_es, is_correct) VALUES ('f45d422a-514d-43f6-b5d6-e681d7a542df', 2, '5 minutes exactly', '5 minutes', '5 minutos', false);
INSERT INTO public.quiz_answers (question_id, answer_order, answer_text_en, answer_text_fr, answer_text_es, is_correct) VALUES ('f45d422a-514d-43f6-b5d6-e681d7a542df', 3, '15 minutes', '15 minutes', '15 minutos', false);
INSERT INTO public.quiz_answers (question_id, answer_order, answer_text_en, answer_text_fr, answer_text_es, is_correct) VALUES ('f45d422a-514d-43f6-b5d6-e681d7a542df', 4, 'No flash needed', 'Pas de sechage', 'Sin secado', false);
INSERT INTO public.quiz_questions (id, quiz_id, question_order, question_text_en, question_text_fr, question_text_es, question_type, explanation_en, explanation_fr, explanation_es) VALUES ('1d433d5d-c115-40eb-83cb-8c682e8cac38', '2276306d-66d8-4ab6-b969-1c3e8ea34d7f', 4, 'What PPG product system is used for waterborne basecoat?', 'Systeme de base PPG?', 'Sistema base PPG?', 'multiple-choice', 'Envirobase High Performance.', 'Envirobase HP.', 'Envirobase HP.');
INSERT INTO public.quiz_answers (question_id, answer_order, answer_text_en, answer_text_fr, answer_text_es, is_correct) VALUES ('1d433d5d-c115-40eb-83cb-8c682e8cac38', 1, 'Envirobase High Performance', 'Envirobase HP', 'Envirobase HP', true);
INSERT INTO public.quiz_answers (question_id, answer_order, answer_text_en, answer_text_fr, answer_text_es, is_correct) VALUES ('1d433d5d-c115-40eb-83cb-8c682e8cac38', 2, 'Deltron', 'Deltron', 'Deltron', false);
INSERT INTO public.quiz_answers (question_id, answer_order, answer_text_en, answer_text_fr, answer_text_es, is_correct) VALUES ('1d433d5d-c115-40eb-83cb-8c682e8cac38', 3, 'Global Refinish', 'Global', 'Global', false);
INSERT INTO public.quiz_answers (question_id, answer_order, answer_text_en, answer_text_fr, answer_text_es, is_correct) VALUES ('1d433d5d-c115-40eb-83cb-8c682e8cac38', 4, 'OneChoice', 'OneChoice', 'OneChoice', false);
INSERT INTO public.quiz_questions (id, quiz_id, question_order, question_text_en, question_text_fr, question_text_es, question_type, explanation_en, explanation_fr, explanation_es) VALUES ('c33c7260-b850-42f0-9a3c-fecd238aaa05', '2276306d-66d8-4ab6-b969-1c3e8ea34d7f', 5, 'What temperature range is considered standard conditions?', 'Plage de temperature standard?', 'Rango de temperatura estandar?', 'multiple-choice', '68-90F (20-32C).', '68-90F.', '68-90F.');
INSERT INTO public.quiz_answers (question_id, answer_order, answer_text_en, answer_text_fr, answer_text_es, is_correct) VALUES ('c33c7260-b850-42f0-9a3c-fecd238aaa05', 1, '68-90F (20-32C)', '68-90F', '68-90F', true);
INSERT INTO public.quiz_answers (question_id, answer_order, answer_text_en, answer_text_fr, answer_text_es, is_correct) VALUES ('c33c7260-b850-42f0-9a3c-fecd238aaa05', 2, '50-65F', '50-65F', '50-65F', false);
INSERT INTO public.quiz_answers (question_id, answer_order, answer_text_en, answer_text_fr, answer_text_es, is_correct) VALUES ('c33c7260-b850-42f0-9a3c-fecd238aaa05', 3, '90-110F', '90-110F', '90-110F', false);
INSERT INTO public.quiz_answers (question_id, answer_order, answer_text_en, answer_text_fr, answer_text_es, is_correct) VALUES ('c33c7260-b850-42f0-9a3c-fecd238aaa05', 4, '32-50F', '32-50F', '32-50F', false);
INSERT INTO public.quiz_questions (id, quiz_id, question_order, question_text_en, question_text_fr, question_text_es, question_type, explanation_en, explanation_fr, explanation_es) VALUES ('90d6e99e-1caf-4fcf-881d-3272b3bf1290', '2276306d-66d8-4ab6-b969-1c3e8ea34d7f', 6, 'What tack rag does PPG recommend?', 'Chiffon PPG recommande?', 'Trapo PPG recomendado?', 'multiple-choice', 'SX1070 OneChoice tack rag.', 'SX1070.', 'SX1070.');
INSERT INTO public.quiz_answers (question_id, answer_order, answer_text_en, answer_text_fr, answer_text_es, is_correct) VALUES ('90d6e99e-1caf-4fcf-881d-3272b3bf1290', 1, 'SX1070 OneChoice', 'SX1070', 'SX1070', true);
INSERT INTO public.quiz_answers (question_id, answer_order, answer_text_en, answer_text_fr, answer_text_es, is_correct) VALUES ('90d6e99e-1caf-4fcf-881d-3272b3bf1290', 2, 'Any tack rag', 'N''''importe quel', 'Cualquier', false);
INSERT INTO public.quiz_answers (question_id, answer_order, answer_text_en, answer_text_fr, answer_text_es, is_correct) VALUES ('90d6e99e-1caf-4fcf-881d-3272b3bf1290', 3, 'Microfiber cloth', 'Microfibre', 'Microfibra', false);
INSERT INTO public.quiz_answers (question_id, answer_order, answer_text_en, answer_text_fr, answer_text_es, is_correct) VALUES ('90d6e99e-1caf-4fcf-881d-3272b3bf1290', 4, 'Paper towel', 'Essuie-tout', 'Papel', false);
INSERT INTO public.quiz_questions (id, quiz_id, question_order, question_text_en, question_text_fr, question_text_es, question_type, explanation_en, explanation_fr, explanation_es) VALUES ('220beba5-5684-40b7-a499-9001de5a2405', '2276306d-66d8-4ab6-b969-1c3e8ea34d7f', 7, 'Maximum HVLP pressure at the cap for clearcoat?', 'Pression HVLP max vernis?', 'Presion HVLP max barniz?', 'multiple-choice', '10 PSI maximum.', '10 PSI max.', '10 PSI max.');
INSERT INTO public.quiz_answers (question_id, answer_order, answer_text_en, answer_text_fr, answer_text_es, is_correct) VALUES ('220beba5-5684-40b7-a499-9001de5a2405', 1, '10 PSI', '10 PSI', '10 PSI', true);
INSERT INTO public.quiz_answers (question_id, answer_order, answer_text_en, answer_text_fr, answer_text_es, is_correct) VALUES ('220beba5-5684-40b7-a499-9001de5a2405', 2, '15 PSI', '15 PSI', '15 PSI', false);
INSERT INTO public.quiz_answers (question_id, answer_order, answer_text_en, answer_text_fr, answer_text_es, is_correct) VALUES ('220beba5-5684-40b7-a499-9001de5a2405', 3, '20 PSI', '20 PSI', '20 PSI', false);
INSERT INTO public.quiz_answers (question_id, answer_order, answer_text_en, answer_text_fr, answer_text_es, is_correct) VALUES ('220beba5-5684-40b7-a499-9001de5a2405', 4, '25 PSI', '25 PSI', '25 PSI', false);
INSERT INTO public.quiz_questions (id, quiz_id, question_order, question_text_en, question_text_fr, question_text_es, question_type, explanation_en, explanation_fr, explanation_es) VALUES ('e4cd9fc3-9c93-4255-98e9-ad7d4c888b1d', '2276306d-66d8-4ab6-b969-1c3e8ea34d7f', 8, 'What happens if wax and grease remover evaporates on the surface?', 'Si le degraissant evapore?', 'Si el desengrasante evapora?', 'multiple-choice', 'Paint failure can result.', 'Defaillance de peinture.', 'Falla de pintura.');
INSERT INTO public.quiz_answers (question_id, answer_order, answer_text_en, answer_text_fr, answer_text_es, is_correct) VALUES ('e4cd9fc3-9c93-4255-98e9-ad7d4c888b1d', 1, 'Paint failure', 'Defaillance peinture', 'Falla pintura', true);
INSERT INTO public.quiz_answers (question_id, answer_order, answer_text_en, answer_text_fr, answer_text_es, is_correct) VALUES ('e4cd9fc3-9c93-4255-98e9-ad7d4c888b1d', 2, 'Nothing', 'Rien', 'Nada', false);
INSERT INTO public.quiz_answers (question_id, answer_order, answer_text_en, answer_text_fr, answer_text_es, is_correct) VALUES ('e4cd9fc3-9c93-4255-98e9-ad7d4c888b1d', 3, 'Better adhesion', 'Meilleure adherence', 'Mejor adhesion', false);
INSERT INTO public.quiz_answers (question_id, answer_order, answer_text_en, answer_text_fr, answer_text_es, is_correct) VALUES ('e4cd9fc3-9c93-4255-98e9-ad7d4c888b1d', 4, 'Surface smoothing', 'Lissage', 'Alisado', false);